,Post-Barrier-Probabilities,Pre-Barrier-Probabilities,Intra-Barrier-Probabilities,Total-Probability,Time,spatialStep,temporalStep,courantNumber,pointCount,barrierStart,barrierWidth,potentialHeight,packetStartX,packetStartY,packetStandardDeviation,packetWaveNumber,constantStairwellLengthRatios,constantStairwellPotentialRatios,backend
0,7.462718286493587e-20,0.9999999999997482,2.520057566399963e-13,1.0000000000000002,0,0.01,2.5e-05,1.0,100,0.35,0.1,200,0.8,0.5,0.05,47.12388980384689,"[0.35, 0.1, 0.1, 0.1, 0.25]","[0, 0, 0, 1, 0]",numpy
1,9.358102196933788e-20,0.9999999999996961,3.038056975582867e-13,0.9999999999999999,1,0.01,2.5e-05,1.0,100,0.35,0.1,200,0.8,0.5,0.05,47.12388980384689,"[0.35, 0.1, 0.1, 0.1, 0.25]","[0, 0, 0, 1, 0]",numpy
2,1.184469573417893e-19,0.999999999999632,3.6830526471693816e-13,1.0000000000000002,2,0.01,2.5e-05,1.0,100,0.35,0.1,200,0.8,0.5,0.05,47.12388980384689,"[0.35, 0.1, 0.1, 0.1, 0.25]","[0, 0, 0, 1, 0]",numpy
3,1.513365869064101e-19,0.9999999999995512,4.489622365420083e-13,1.0000000000000002,3,0.01,2.5e-05,1.0,100,0.35,0.1,200,0.8,0.5,0.05,47.12388980384689,"[0.35, 0.1, 0.1, 0.1, 0.25]","[0, 0, 0, 1, 0]",numpy
4,1.951959562130421e-19,0.99999999999945,5.502332223881479e-13,1.0000000000000002,4,0.01,2.5e-05,1.0,100,0.35,0.1,200,0.8,0.5,0.05,47.12388980384689,"[0.35, 0.1, 0.1, 0.1, 0.25]","[0, 0, 0, 1, 0]",numpy
5,2.5416874108330923e-19,0.999999999999322,6.778873687123625e-13,0.9999999999999999,5,0.01,2.5e-05,1.0,100,0.35,0.1,200,0.8,0.5,0.05,47.12388980384689,"[0.35, 0.1, 0.1, 0.1, 0.25]","[0, 0, 0, 1, 0]",numpy
6,3.3412443283427036e-19,0.9999999999991606,8.394094338861969e-13,1.0,6,0.01,2.5e-05,1.0,100,0.35,0.1,200,0.8,0.5,0.05,47.12388980384689,"[0.35, 0.1, 0.1, 0.1, 0.25]","[0, 0, 0, 1, 0]",numpy
7,4.434349727728885e-19,0.9999999999989554,1.0445294592742233e-12,0.9999999999999999,7,0.01,2.5e-05,1.0,100,0.35,0.1,200,0.8,0.5,0.05,47.12388980384689,"[0.35, 0.1, 0.1, 0.1, 0.25]","[0, 0, 0, 1, 0]",numpy
8,5.9412238903159e-19,0.999999999998694,1.3059188827642257e-12,1.0,8,0.01,2.5e-05,1.0,100,0.35,0.1,200,0.8,0.5,0.05,47.12388980384689,"[0.35, 0.1, 0.1, 0.1, 0.25]","[0, 0, 0, 1, 0]",numpy
9,8.0356224912554715e-19,0.99999999999836,1.6401052065195218e-12,1.0,9,0.01,2.5e-05,1.0,100,0.35,0.1,200,0.8,0.5,0.05,47.12388980384689,"[0.35, 0.1, 0.1, 0.1, 0.25]","[0, 0, 0, 1, 0]",numpy
10,1.0970221269143944e-18,0.9999999999979312,2.0686735173278388e-12,0.9999999999999999,10,0.01,2.5e-05,1.0,100,0.35,0.1,200,0.8,0.5,0.05,47.12388980384689,"[0.35, 0.1, 0.1, 0.1, 0.25]","[0, 0, 0, 1, 0]",numpy
11,1.5114571653130561e-18,0.9999999999973805,2.619844220755919e-12,1.0000000000000004,11,0.01,2.5e-05,1.0,100,0.35,0.1,200,0.8,0.5,0.05,47.12388980384689,"[0.35, 0.1, 0.1, 0.1, 0.25]","[0, 0, 0, 1, 0]",numpy
12,2.1012005685891817e-18,0.9999999999966697,3.3305432904665002e-12,1.0000000000000002,12,0.01,2.5e-05,1.0,100,0.35,0.1,200,0.8,0.5,0.05,47.12388980384689,"[0.35, 0.1, 0.1, 0.1, 0.25]","[0, 0, 0, 1, 0]",numpy
13,2.9465121182838888e-18,0.9999999999957506,4.249116068432827e-12,0.9999999999999998,13,0.01,2.5e-05,1.0,100,0.35,0.1,200,0.8,0.5,0.05,47.12388980384689,"[0.35, 0.1, 0.1, 0.1, 0.25]","[0, 0, 0, 1, 0]",numpy
14,4.166437121422679e-18,0.9999999999945614,5.4388806488363915e-12,1.0000000000000002,14,0.01,2.5e-05,1.0,100,0.35,0.1,200,0.8,0.5,0.05,47.12388980384689,"[0.35, 0.1, 0.1, 0.1, 0.25]","[0, 0, 0, 1, 0]",numpy
15,5.938161952851914e-18,0.9999999999930173,6.982774638259349e-12,1.0,15,0.01,2.5e-05,1.0,100,0.35,0.1,200,0.8,0.5,0.05,47.12388980384689,"[0.35, 0.1, 0.1, 0.1, 0.25]","[0, 0, 0, 1, 0]",numpy
16,8.526148711262361e-18,0.9999999999910103,8.989422656934723e-12,0.9999999999999998,16,0.01,2.5e-05,1.0,100,0.35,0.1,200,0.8,0.5,0.05,47.12388980384689,"[0.35, 0.1, 0.1, 0.1, 0.25]","[0, 0, 0, 1, 0]",numpy
17,1.2325963773517593e-17,0.9999999999883986,1.1601045571915646e-11,0.9999999999999997,17,0.01,2.5e-05,1.0,100,0.35,0.1,200,0.8,0.5,0.05,47.12388980384689,"[0.35, 0.1, 0.1, 0.1, 0.25]","[0, 0, 0, 1, 0]",numpy
18,1.7930136034290123e-17,0.999999999984996,1.5003751559378114e-11,0.9999999999999998,18,0.01,2.5e-05,1.0,100,0.35,0.1,200,0.8,0.5,0.05,47.12388980384689,"[0.35, 0.1, 0.1, 0.1, 0.25]","[0, 0, 0, 1, 0]",numpy
19,2.6226956992612178e-17,0.999999999980559,1.94409001326688e-11,0.9999999999999999,19,0.01,2.5e-05,1.0,100,0.35,0.1,200,0.8,0.5,0.05,47.12388980384689,"[0.35, 0.1, 0.1, 0.1, 0.25]","[0, 0, 0, 1, 0]",numpy
20,3.854839503535287e-17,0.9999999999747698,2.5230420728941602e-11,1.0000000000000002,20,0.01,2.5e-05,1.0,100,0.35,0.1,200,0.8,0.5,0.05,47.12388980384689,"[0.35, 0.1, 0.1, 0.1, 0.25]","[0, 0, 0, 1, 0]",numpy
21,5.689099793597679e-17,0.9999999999672129,3.278720641916107e-11,1.0000000000000002,21,0.01,2.5e-05,1.0,100,0.35,0.1,200,0.8,0.5,0.05,47.12388980384689,"[0.35, 0.1, 0.1, 0.1, 0.25]","[0, 0, 0, 1, 0]",numpy
22,8.4244882241111e-17,0.9999999999573479,4.265200253419995e-11,1.0,22,0.01,2.5e-05,1.0,100,0.35,0.1,200,0.8,0.5,0.05,47.12388980384689,"[0.35, 0.1, 0.1, 0.1, 0.25]","[0, 0, 0, 1, 0]",numpy
23,1.250821914378508e-16,0.9999999999444712,5.55285840017075e-11,0.9999999999999999,23,0.01,2.5e-05,1.0,100,0.35,0.1,200,0.8,0.5,0.05,47.12388980384689,"[0.35, 0.1, 0.1, 0.1, 0.25]","[0, 0, 0, 1, 0]",numpy
24,1.8607991267529318e-16,0.9999999999276681,7.233148043874367e-11,0.9999999999999998,24,0.01,2.5e-05,1.0,100,0.35,0.1,200,0.8,0.5,0.05,47.12388980384689,"[0.35, 0.1, 0.1, 0.1, 0.25]","[0, 0, 0, 1, 0]",numpy
25,2.7718571132329707e-16,0.9999999999057523,9.424708335966559e-11,0.9999999999999997,25,0.01,2.5e-05,1.0,100,0.35,0.1,200,0.8,0.5,0.05,47.12388980384689,"[0.35, 0.1, 0.1, 0.1, 0.25]","[0, 0, 0, 1, 0]",numpy
26,4.1318371156829676e-16,0.999999999877188,1.2281167870641277e-10,1.0,26,0.01,2.5e-05,1.0,100,0.35,0.1,200,0.8,0.5,0.05,47.12388980384689,"[0.35, 0.1, 0.1, 0.1, 0.25]","[0, 0, 0, 1, 0]",numpy
27,6.15985805217993e-16,0.9999999998399886,1.6001081982256788e-10,1.0,27,0.01,2.5e-05,1.0,100,0.35,0.1,200,0.8,0.5,0.05,47.12388980384689,"[0.35, 0.1, 0.1, 0.1, 0.25]","[0, 0, 0, 1, 0]",numpy
28,9.179712358377077e-16,0.9999999997915936,2.0840552503269114e-10,1.0,28,0.01,2.5e-05,1.0,100,0.35,0.1,200,0.8,0.5,0.05,47.12388980384689,"[0.35, 0.1, 0.1, 0.1, 0.25]","[0, 0, 0, 1, 0]",numpy
29,1.3668340270236322e-15,0.9999999997287066,2.7129208712119175e-10,1.0,29,0.01,2.5e-05,1.0,100,0.35,0.1,200,0.8,0.5,0.05,47.12388980384689,"[0.35, 0.1, 0.1, 0.1, 0.25]","[0, 0, 0, 1, 0]",numpy
30,2.0325895081439683e-15,0.9999999996470941,3.5290386231056864e-10,1.0,30,0.01,2.5e-05,1.0,100,0.35,0.1,200,0.8,0.5,0.05,47.12388980384689,"[0.35, 0.1, 0.1, 0.1, 0.25]","[0, 0, 0, 1, 0]",numpy
31,3.0176583953902192e-15,0.9999999995413316,4.5866531820527126e-10,0.9999999999999999,31,0.01,2.5e-05,1.0,100,0.35,0.1,200,0.8,0.5,0.05,47.12388980384689,"[0.35, 0.1, 0.1, 0.1, 0.25]","[0, 0, 0, 1, 0]",numpy
32,4.471317527918625e-15,0.9999999994044846,5.955109279251255e-10,1.0,32,0.01,2.5e-05,1.0,100,0.35,0.1,200,0.8,0.5,0.05,47.12388980384689,"[0.35, 0.1, 0.1, 0.1, 0.25]","[0, 0, 0, 1, 0]",numpy
33,6.610317918690642e-15,0.9999999992277088,7.722842687972438e-10,0.9999999999999997,33,0.01,2.5e-05,1.0,100,0.35,0.1,200,0.8,0.5,0.05,47.12388980384689,"[0.35, 0.1, 0.1, 0.1, 0.25]","[0, 0, 0, 1, 0]",numpy
34,9.748173269934795e-15,0.9999999989997541,1.0002359901656638e-09,0.9999999999999999,34,0.01,2.5e-05,1.0,100,0.35,0.1,200,0.8,0.5,0.05,47.12388980384689,"[0.35, 0.1, 0.1, 0.1, 0.25]","[0, 0, 0, 1, 0]",numpy
35,1.4336581974464382e-14,0.9999999987063424,1.2936432443019884e-09,1.0,35,0.01,2.5e-05,1.0,100,0.35,0.1,200,0.8,0.5,0.05,47.12388980384689,"[0.35, 0.1, 0.1, 0.1, 0.25]","[0, 0, 0, 1, 0]",numpy
36,2.1023750813231723e-14,0.9999999983294013,1.6705778377486472e-09,1.0000000000000002,36,0.01,2.5e-05,1.0,100,0.35,0.1,200,0.8,0.5,0.05,47.12388980384689,"[0.35, 0.1, 0.1, 0.1, 0.25]","[0, 0, 0, 1, 0]",numpy
37,3.0736154745924464e-14,0.9999999978461135,2.1538558763088245e-09,1.0,37,0.01,2.5e-05,1.0,100,0.35,0.1,200,0.8,0.5,0.05,47.12388980384689,"[0.35, 0.1, 0.1, 0.1, 0.25]","[0, 0, 0, 1, 0]",numpy
38,4.479264548431671e-14,0.9999999972277474,2.7722081567364056e-09,1.0000000000000002,38,0.01,2.5e-05,1.0,100,0.35,0.1,200,0.8,0.5,0.05,47.12388980384689,"[0.35, 0.1, 0.1, 0.1, 0.25]","[0, 0, 0, 1, 0]",numpy
39,6.506300836012177e-14,0.9999999964382169,3.561718125181771e-09,1.0,39,0.01,2.5e-05,1.0,100,0.35,0.1,200,0.8,0.5,0.05,47.12388980384689,"[0.35, 0.1, 0.1, 0.1, 0.25]","[0, 0, 0, 1, 0]",numpy
40,9.418731693399237e-14,0.9999999954323225,4.5675830433722304e-09,0.9999999999999998,40,0.01,2.5e-05,1.0,100,0.35,0.1,200,0.8,0.5,0.05,47.12388980384689,"[0.35, 0.1, 0.1, 0.1, 0.25]","[0, 0, 0, 1, 0]",numpy
41,1.3587807622879247e-13,0.9999999941536003,5.84626427044853e-09,1.0000000000000004,41,0.01,2.5e-05,1.0,100,0.35,0.1,200,0.8,0.5,0.05,47.12388980384689,"[0.35, 0.1, 0.1, 0.1, 0.25]","[0, 0, 0, 1, 0]",numpy
42,1.9533459871185592e-13,0.9999999925316998,7.468104441456563e-09,0.9999999999999996,42,0.01,2.5e-05,1.0,100,0.35,0.1,200,0.8,0.5,0.05,47.12388980384689,"[0.35, 0.1, 0.1, 0.1, 0.25]","[0, 0, 0, 1, 0]",numpy
43,2.7980885665980215e-13,0.9999999904792173,9.520502935826273e-09,1.0,43,0.01,2.5e-05,1.0,100,0.35,0.1,200,0.8,0.5,0.05,47.12388980384689,"[0.35, 0.1, 0.1, 0.1, 0.25]","[0, 0, 0, 1, 0]",numpy
44,3.9937487833688565e-13,0.9999999878878443,1.2111756576299239e-08,1.0000000000000002,44,0.01,2.5e-05,1.0,100,0.35,0.1,200,0.8,0.5,0.05,47.12388980384689,"[0.35, 0.1, 0.1, 0.1, 0.25]","[0, 0, 0, 1, 0]",numpy
45,5.67970461699858e-13,0.9999999846237417,1.5375690268896467e-08,1.0,45,0.01,2.5e-05,1.0,100,0.35,0.1,200,0.8,0.5,0.05,47.12388980384689,"[0.35, 0.1, 0.1, 0.1, 0.25]","[0, 0, 0, 1, 0]",numpy
46,8.048016465106966e-13,0.9999999805219729,1.9477222539605176e-08,1.0000000000000002,46,0.01,2.5e-05,1.0,100,0.35,0.1,200,0.8,0.5,0.05,47.12388980384689,"[0.35, 0.1, 0.1, 0.1, 0.25]","[0, 0, 0, 1, 0]",numpy
47,1.136228356300456e-12,0.9999999753798302,2.4619033748626636e-08,1.0000000000000002,47,0.01,2.5e-05,1.0,100,0.35,0.1,200,0.8,0.5,0.05,47.12388980384689,"[0.35, 0.1, 0.1, 0.1, 0.25]","[0, 0, 0, 1, 0]",numpy
48,1.5982855610646669e-12,0.999999968948871,3.104953028570432e-08,0.9999999999999996,48,0.01,2.5e-05,1.0,100,0.35,0.1,200,0.8,0.5,0.05,47.12388980384689,"[0.35, 0.1, 0.1, 0.1, 0.25]","[0, 0, 0, 1, 0]",numpy
49,2.240040288160067e-12,0.9999999609254333,3.907232662203145e-08,1.0,49,0.01,2.5e-05,1.0,100,0.35,0.1,200,0.8,0.5,0.05,47.12388980384689,"[0.35, 0.1, 0.1, 0.1, 0.25]","[0, 0, 0, 1, 0]",numpy
50,3.1280433780308536e-12,0.9999999509393731,4.9057499119366805e-08,1.0000000000000002,50,0.01,2.5e-05,1.0,100,0.35,0.1,200,0.8,0.5,0.05,47.12388980384689,"[0.35, 0.1, 0.1, 0.1, 0.25]","[0, 0, 0, 1, 0]",numpy
51,4.352209160327843e-12,0.9999999385407468,6.14549010056242e-08,1.0,51,0.01,2.5e-05,1.0,100,0.35,0.1,200,0.8,0.5,0.05,47.12388980384689,"[0.35, 0.1, 0.1, 0.1, 0.25]","[0, 0, 0, 1, 0]",numpy
52,6.033549988194524e-12,0.9999999231840998,7.680986668392505e-08,1.0,52,0.01,2.5e-05,1.0,100,0.35,0.1,200,0.8,0.5,0.05,47.12388980384689,"[0.35, 0.1, 0.1, 0.1, 0.25]","[0, 0, 0, 1, 0]",numpy
53,8.334310400535511e-12,0.9999999042099899,9.578167573571429e-08,0.9999999999999999,53,0.01,2.5e-05,1.0,100,0.35,0.1,200,0.8,0.5,0.05,47.12388980384689,"[0.35, 0.1, 0.1, 0.1, 0.25]","[0, 0, 0, 1, 0]",numpy
54,1.1471193169609304e-11,0.999999880823335,1.1916519332867595e-07,0.9999999999999996,54,0.01,2.5e-05,1.0,100,0.35,0.1,200,0.8,0.5,0.05,47.12388980384689,"[0.35, 0.1, 0.1, 0.1, 0.25]","[0, 0, 0, 1, 0]",numpy
55,1.573255334206508e-11,0.999999852068113,1.4791615447338172e-07,1.0,55,0.01,2.5e-05,1.0,100,0.35,0.1,200,0.8,0.5,0.05,47.12388980384689,"[0.35, 0.1, 0.1, 0.1, 0.25]","[0, 0, 0, 1, 0]",numpy
56,2.1500664510690653e-11,0.9999998167978853,1.8318061379105818e-07,0.9999999999999998,56,0.01,2.5e-05,1.0,100,0.35,0.1,200,0.8,0.5,0.05,47.12388980384689,"[0.35, 0.1, 0.1, 0.1, 0.25]","[0, 0, 0, 1, 0]",numpy
57,2.9280443330716326e-11,0.9999997736415801,2.2632913951227363e-07,1.0,57,0.01,2.5e-05,1.0,100,0.35,0.1,200,0.8,0.5,0.05,47.12388980384689,"[0.35, 0.1, 0.1, 0.1, 0.25]","[0, 0, 0, 1, 0]",numpy
58,3.973636496463023e-11,0.9999997209638726,2.7899639132293325e-07,1.0000000000000002,58,0.01,2.5e-05,1.0,100,0.35,0.1,200,0.8,0.5,0.05,47.12388980384689,"[0.35, 0.1, 0.1, 0.1, 0.25]","[0, 0, 0, 1, 0]",numpy
59,5.373972706375109e-11,0.999999656819473,3.4312678740778683e-07,1.0000000000000002,59,0.01,2.5e-05,1.0,100,0.35,0.1,200,0.8,0.5,0.05,47.12388980384689,"[0.35, 0.1, 0.1, 0.1, 0.25]","[0, 0, 0, 1, 0]",numpy
60,7.242893843802899e-11,0.9999995789005361,4.2102703485340194e-07,0.9999999999999999,60,0.01,2.5e-05,1.0,100,0.35,0.1,200,0.8,0.5,0.05,47.12388980384689,"[0.35, 0.1, 0.1, 0.1, 0.25]","[0, 0, 0, 1, 0]",numpy
61,9.728613825805293e-11,0.9999994844763472,5.15426366502531e-07,0.9999999999999999,61,0.01,2.5e-05,1.0,100,0.35,0.1,200,0.8,0.5,0.05,47.12388980384689,"[0.35, 0.1, 0.1, 0.1, 0.25]","[0, 0, 0, 1, 0]",numpy
62,1.3023421309694654e-10,0.9999993703243688,6.29545396866103e-07,0.9999999999999999,62,0.01,2.5e-05,1.0,100,0.35,0.1,200,0.8,0.5,0.05,47.12388980384689,"[0.35, 0.1, 0.1, 0.1, 0.25]","[0, 0, 0, 1, 0]",numpy
63,1.7375919690629874e-10,0.9999992326516574,7.671745833582406e-07,0.9999999999999999,63,0.01,2.5e-05,1.0,100,0.35,0.1,200,0.8,0.5,0.05,47.12388980384689,"[0.35, 0.1, 0.1, 0.1, 0.25]","[0, 0, 0, 1, 0]",numpy
64,2.3106414097927613e-10,0.9999990670055796,9.327633561483597e-07,0.9999999999999999,64,0.01,2.5e-05,1.0,100,0.35,0.1,200,0.8,0.5,0.05,47.12388980384689,"[0.35, 0.1, 0.1, 0.1, 0.25]","[0, 0, 0, 1, 0]",numpy
65,3.0626185733790257e-10,0.9999988681726848,1.1315210532928033e-06,1.0,65,0.01,2.5e-05,1.0,100,0.35,0.1,200,0.8,0.5,0.05,47.12388980384689,"[0.35, 0.1, 0.1, 0.1, 0.25]","[0, 0, 0, 1, 0]",numpy
66,4.0461550392783127e-10,0.9999986300645204,1.369530864037757e-06,0.9999999999999999,66,0.01,2.5e-05,1.0,100,0.35,0.1,200,0.8,0.5,0.05,47.12388980384689,"[0.35, 0.1, 0.1, 0.1, 0.25]","[0, 0, 0, 1, 0]",numpy
67,5.328378346841109e-10,0.9999983455891125,1.653878049634438e-06,1.0,67,0.01,2.5e-05,1.0,100,0.35,0.1,200,0.8,0.5,0.05,47.12388980384689,"[0.35, 0.1, 0.1, 0.1, 0.25]","[0, 0, 0, 1, 0]",numpy
68,6.994621288165774e-10,0.9999980065067563,1.9927937815677526e-06,1.0,68,0.01,2.5e-05,1.0,100,0.35,0.1,200,0.8,0.5,0.05,47.12388980384689,"[0.35, 0.1, 0.1, 0.1, 0.25]","[0, 0, 0, 1, 0]",numpy
69,9.153003895787961e-10,0.9999976032686996,2.395815999986484e-06,1.0,69,0.01,2.5e-05,1.0,100,0.35,0.1,200,0.8,0.5,0.05,47.12388980384689,"[0.35, 0.1, 0.1, 0.1, 0.25]","[0, 0, 0, 1, 0]",numpy
70,1.194007412678056e-09,0.9999971248372567,2.8739687355986987e-06,0.9999999999999997,70,0.01,2.5e-05,1.0,100,0.35,0.1,200,0.8,0.5,0.05,47.12388980384689,"[0.35, 0.1, 0.1, 0.1, 0.25]","[0, 0, 0, 1, 0]",numpy
71,1.5527728290835976e-09,0.9999965584858608,3.4399613665135145e-06,1.0000000000000002,71,0.01,2.5e-05,1.0,100,0.35,0.1,200,0.8,0.5,0.05,47.12388980384689,"[0.35, 0.1, 0.1, 0.1, 0.25]","[0, 0, 0, 1, 0]",numpy
72,2.0131672998538376e-09,0.9999958895775162,4.108409316526623e-06,1.0,72,0.01,2.5e-05,1.0,100,0.35,0.1,200,0.8,0.5,0.05,47.12388980384689,"[0.35, 0.1, 0.1, 0.1, 0.25]","[0, 0, 0, 1, 0]",numpy
73,2.6021737556216194e-09,0.9999951013200903,4.896077736055087e-06,1.0,73,0.01,2.5e-05,1.0,100,0.35,0.1,200,0.8,0.5,0.05,47.12388980384689,"[0.35, 0.1, 0.1, 0.1, 0.25]","[0, 0, 0, 1, 0]",numpy
74,3.3534399913295734e-09,0.999994174496858,5.822149702225113e-06,1.0000000000000002,74,0.01,2.5e-05,1.0,100,0.35,0.1,200,0.8,0.5,0.05,47.12388980384689,"[0.35, 0.1, 0.1, 0.1, 0.25]","[0, 0, 0, 1, 0]",numpy
75,4.308795121490838e-09,0.9999930871707732,6.908520431813174e-06,1.0,75,0.01,2.5e-05,1.0,100,0.35,0.1,200,0.8,0.5,0.05,47.12388980384689,"[0.35, 0.1, 0.1, 0.1, 0.25]","[0, 0, 0, 1, 0]",numpy
76,5.520079475648577e-09,0.9999918143609591,8.18011896102827e-06,0.9999999999999996,76,0.01,2.5e-05,1.0,100,0.35,0.1,200,0.8,0.5,0.05,47.12388980384689,"[0.35, 0.1, 0.1, 0.1, 0.25]","[0, 0, 0, 1, 0]",numpy
77,7.051345577519368e-09,0.9999903276899292,9.665258725120893e-06,0.9999999999999999,77,0.01,2.5e-05,1.0,100,0.35,0.1,200,0.8,0.5,0.05,47.12388980384689,"[0.35, 0.1, 0.1, 0.1, 0.25]","[0, 0, 0, 1, 0]",numpy
78,8.981496965328269e-09,0.9999885950001037,1.1396018399420494e-05,1.0000000000000002,78,0.01,2.5e-05,1.0,100,0.35,0.1,200,0.8,0.5,0.05,47.12388980384689,"[0.35, 0.1, 0.1, 0.1, 0.25]","[0, 0, 0, 1, 0]",numpy
79,1.1407441829261166e-08,0.999986579938351,1.3408654207116696e-05,1.0,79,0.01,2.5e-05,1.0,100,0.35,0.1,200,0.8,0.5,0.05,47.12388980384689,"[0.35, 0.1, 0.1, 0.1, 0.25]","[0, 0, 0, 1, 0]",numpy
80,1.4447849878337377e-08,0.9999842415074305,1.5744044719793895e-05,1.0000000000000002,80,0.01,2.5e-05,1.0,100,0.35,0.1,200,0.8,0.5,0.05,47.12388980384689,"[0.35, 0.1, 0.1, 0.1, 0.25]","[0, 0, 0, 1, 0]",numpy
81,1.8247613678454056e-08,0.999981533583322,1.844816906436754e-05,1.0,81,0.01,2.5e-05,1.0,100,0.35,0.1,200,0.8,0.5,0.05,47.12388980384689,"[0.35, 0.1, 0.1, 0.1, 0.25]","[0, 0, 0, 1, 0]",numpy
82,2.2983129988954555e-08,0.9999784043975478,2.1572619321989833e-05,0.9999999999999998,82,0.01,2.5e-05,1.0,100,0.35,0.1,200,0.8,0.5,0.05,47.12388980384689,"[0.35, 0.1, 0.1, 0.1, 0.25]","[0, 0, 0, 1, 0]",numpy
83,2.88685323340302e-08,0.9999747959838255,2.5175147641999218e-05,0.9999999999999999,83,0.01,2.5e-05,1.0,100,0.35,0.1,200,0.8,0.5,0.05,47.12388980384689,"[0.35, 0.1, 0.1, 0.1, 0.25]","[0, 0, 0, 1, 0]",numpy
84,3.616302323111222e-08,0.9999706435887349,2.9320248241633792e-05,0.9999999999999998,84,0.01,2.5e-05,1.0,100,0.35,0.1,200,0.8,0.5,0.05,47.12388980384689,"[0.35, 0.1, 0.1, 0.1, 0.25]","[0, 0, 0, 1, 0]",numpy
85,4.517947340604544e-08,0.9999658750463215,3.4079774205288234e-05,1.0000000000000002,85,0.01,2.5e-05,1.0,100,0.35,0.1,200,0.8,0.5,0.05,47.12388980384689,"[0.35, 0.1, 0.1, 0.1, 0.25]","[0, 0, 0, 1, 0]",numpy
86,5.629447606739775e-08,0.999960410116711,3.953358881295184e-05,1.0,86,0.01,2.5e-05,1.0,100,0.35,0.1,200,0.8,0.5,0.05,47.12388980384689,"[0.35, 0.1, 0.1, 0.1, 0.25]","[0, 0, 0, 1, 0]",numpy
87,6.99600666779416e-08,0.9999541597891483,4.577025078509136e-05,1.0,87,0.01,2.5e-05,1.0,100,0.35,0.1,200,0.8,0.5,0.05,47.12388980384689,"[0.35, 0.1, 0.1, 0.1, 0.25]","[0, 0, 0, 1, 0]",numpy
88,8.671734245273096e-08,0.9999470255503865,5.288773227114463e-05,1.0,88,0.01,2.5e-05,1.0,100,0.35,0.1,200,0.8,0.5,0.05,47.12388980384689,"[0.35, 0.1, 0.1, 0.1, 0.25]","[0, 0, 0, 1, 0]",numpy
89,1.0721224129724168e-07,0.9999388986198396,6.099416791922444e-05,1.0000000000000002,89,0.01,2.5e-05,1.0,100,0.35,0.1,200,0.8,0.5,0.05,47.12388980384689,"[0.35, 0.1, 0.1, 0.1, 0.25]","[0, 0, 0, 1, 0]",numpy
90,1.322137674529764e-07,0.9999296591530937,7.020863313869784e-05,0.9999999999999999,90,0.01,2.5e-05,1.0,100,0.35,0.1,200,0.8,0.5,0.05,47.12388980384689,"[0.35, 0.1, 0.1, 0.1, 0.25]","[0, 0, 0, 1, 0]",numpy
91,1.6263498033760166e-07,0.9999191754156455,8.066194937417528e-05,1.0,91,0.01,2.5e-05,1.0,100,0.35,0.1,200,0.8,0.5,0.05,47.12388980384689,"[0.35, 0.1, 0.1, 0.1, 0.25]","[0, 0, 0, 1, 0]",numpy
92,1.995570932659853e-07,0.9999073029293176,9.249751358907525e-05,1.0,92,0.01,2.5e-05,1.0,100,0.35,0.1,200,0.8,0.5,0.05,47.12388980384689,"[0.35, 0.1, 0.1, 0.1, 0.25]","[0, 0, 0, 1, 0]",numpy
93,2.442570598345844e-07,0.9998938835945191,0.00010587214842100753,1.0,93,0.01,2.5e-05,1.0,100,0.35,0.1,200,0.8,0.5,0.05,47.12388980384689,"[0.35, 0.1, 0.1, 0.1, 0.25]","[0, 0, 0, 1, 0]",numpy
94,2.982390586222534e-07,0.9998787447917915,0.00012095696914978969,0.9999999999999999,94,0.01,2.5e-05,1.0,100,0.35,0.1,200,0.8,0.5,0.05,47.12388980384689,"[0.35, 0.1, 0.1, 0.1, 0.25]","[0, 0, 0, 1, 0]",numpy
95,3.632703211275375e-07,0.99986169846624,0.00013793826343903138,1.0000000000000002,95,0.01,2.5e-05,1.0,100,0.35,0.1,200,0.8,0.5,0.05,47.12388980384689,"[0.35, 0.1, 0.1, 0.1, 0.25]","[0, 0, 0, 1, 0]",numpy
96,4.4142178216775503e-07,0.9998425401989283,0.00015701837928974976,1.0000000000000002,96,0.01,2.5e-05,1.0,100,0.35,0.1,200,0.8,0.5,0.05,47.12388980384689,"[0.35, 0.1, 0.1, 0.1, 0.25]","[0, 0, 0, 1, 0]",numpy
97,5.351140650205941e-07,0.9998210482702922,0.0001784166156429624,1.0000000000000002,97,0.01,2.5e-05,1.0,100,0.35,0.1,200,0.8,0.5,0.05,47.12388980384689,"[0.35, 0.1, 0.1, 0.1, 0.25]","[0, 0, 0, 1, 0]",numpy
98,6.471693470758196e-07,0.9997969827211027,0.00020237010955030484,1.0000000000000002,98,0.01,2.5e-05,1.0,100,0.35,0.1,200,0.8,0.5,0.05,47.12388980384689,"[0.35, 0.1, 0.1, 0.1, 0.25]","[0, 0, 0, 1, 0]",numpy
99,7.808696859623571e-07,0.9997700844165083,0.00022913471380569487,0.9999999999999999,99,0.01,2.5e-05,1.0,100,0.35,0.1,200,0.8,0.5,0.05,47.12388980384689,"[0.35, 0.1, 0.1, 0.1, 0.25]","[0, 0, 0, 1, 0]",numpy
100,9.400224196329101e-07,0.9997400741186933,0.00025898585888707885,1.0,100,0.01,2.5e-05,1.0,100,0.35,0.1,200,0.8,0.5,0.05,47.12388980384689,"[0.35, 0.1, 0.1, 0.1, 0.25]","[0, 0, 0, 1, 0]",numpy
101,1.1290332830987893e-06,0.9997066515745324,0.0002922193921843447,0.9999999999999999,101,0.01,2.5e-05,1.0,100,0.35,0.1,200,0.8,0.5,0.05,47.12388980384689,"[0.35, 0.1, 0.1, 0.1, 0.25]","[0, 0, 0, 1, 0]",numpy
102,1.3529879109687086e-06,0.9996694946253002,0.0003291523867888703,1.0,102,0.01,2.5e-05,1.0,100,0.35,0.1,200,0.8,0.5,0.05,47.12388980384689,"[0.35, 0.1, 0.1, 0.1, 0.25]","[0, 0, 0, 1, 0]",numpy
103,1.6177424202061694e-06,0.9996282583454915,0.000370123912088095,0.9999999999999998,103,0.01,2.5e-05,1.0,100,0.35,0.1,200,0.8,0.5,0.05,47.12388980384689,"[0.35, 0.1, 0.1, 0.1, 0.25]","[0, 0, 0, 1, 0]",numpy
104,1.9300237915383074e-06,0.9995825742173315,0.00041549575887698094,1.0,104,0.01,2.5e-05,1.0,100,0.35,0.1,200,0.8,0.5,0.05,47.12388980384689,"[0.35, 0.1, 0.1, 0.1, 0.25]","[0, 0, 0, 1, 0]",numpy
105,2.2975407842730666e-06,0.99953204934799,0.00046565311122548906,0.9999999999999998,105,0.01,2.5e-05,1.0,100,0.35,0.1,200,0.8,0.5,0.05,47.12388980384689,"[0.35, 0.1, 0.1, 0.1, 0.25]","[0, 0, 0, 1, 0]",numpy
106,2.729106127248685e-06,0.9994762657374289,0.0005210051564438058,0.9999999999999999,106,0.01,2.5e-05,1.0,100,0.35,0.1,200,0.8,0.5,0.05,47.12388980384689,"[0.35, 0.1, 0.1, 0.1, 0.25]","[0, 0, 0, 1, 0]",numpy
107,3.234770731581156e-06,0.9994147796050452,0.0005819856242231154,0.9999999999999999,107,0.01,2.5e-05,1.0,100,0.35,0.1,200,0.8,0.5,0.05,47.12388980384689,"[0.35, 0.1, 0.1, 0.1, 0.25]","[0, 0, 0, 1, 0]",numpy
108,3.82597067228112e-06,0.999347120782424,0.0006490532469037157,1.0,108,0.01,2.5e-05,1.0,100,0.35,0.1,200,0.8,0.5,0.05,47.12388980384689,"[0.35, 0.1, 0.1, 0.1, 0.25]","[0, 0, 0, 1, 0]",numpy
109,4.515687679776456e-06,0.9992727921788693,0.0007226921334507411,0.9999999999999999,109,0.01,2.5e-05,1.0,100,0.35,0.1,200,0.8,0.5,0.05,47.12388980384689,"[0.35, 0.1, 0.1, 0.1, 0.25]","[0, 0, 0, 1, 0]",numpy
110,5.318623862106684e-06,0.9991912693268559,0.0008034120492821966,1.0000000000000002,110,0.01,2.5e-05,1.0,100,0.35,0.1,200,0.8,0.5,0.05,47.12388980384689,"[0.35, 0.1, 0.1, 0.1, 0.25]","[0, 0, 0, 1, 0]",numpy
111,6.2513913474540825e-06,0.9991020000148905,0.0008917485937619948,0.9999999999999999,111,0.01,2.5e-05,1.0,100,0.35,0.1,200,0.8,0.5,0.05,47.12388980384689,"[0.35, 0.1, 0.1, 0.1, 0.25]","[0, 0, 0, 1, 0]",numpy
112,7.332717500536793e-06,0.9990044040146273,0.0009882632678722926,1.0000000000000002,112,0.01,2.5e-05,1.0,100,0.35,0.1,200,0.8,0.5,0.05,47.12388980384689,"[0.35, 0.1, 0.1, 0.1, 0.25]","[0, 0, 0, 1, 0]",numpy
113,8.583666326160667e-06,0.998897872907608,0.0010935434260657218,0.9999999999999999,113,0.01,2.5e-05,1.0,100,0.35,0.1,200,0.8,0.5,0.05,47.12388980384689,"[0.35, 0.1, 0.1, 0.1, 0.25]","[0, 0, 0, 1, 0]",numpy
114,1.0027876613755483e-05,0.9987817700169909,0.0012082021063957006,1.0000000000000002,114,0.01,2.5e-05,1.0,100,0.35,0.1,200,0.8,0.5,0.05,47.12388980384689,"[0.35, 0.1, 0.1, 0.1, 0.25]","[0, 0, 0, 1, 0]",numpy
115,1.1691817300791422e-05,0.998655430449922,0.0013328777327769128,0.9999999999999997,115,0.01,2.5e-05,1.0,100,0.35,0.1,200,0.8,0.5,0.05,47.12388980384689,"[0.35, 0.1, 0.1, 0.1, 0.25]","[0, 0, 0, 1, 0]",numpy
116,1.360506044258536e-05,0.9985181612564067,0.0014682336831505385,0.9999999999999998,116,0.01,2.5e-05,1.0,100,0.35,0.1,200,0.8,0.5,0.05,47.12388980384689,"[0.35, 0.1, 0.1, 0.1, 0.25]","[0, 0, 0, 1, 0]",numpy
117,1.5800572089331448e-05,0.9983692417085819,0.0016149577193287597,1.0,117,0.01,2.5e-05,1.0,100,0.35,0.1,200,0.8,0.5,0.05,47.12388980384689,"[0.35, 0.1, 0.1, 0.1, 0.25]","[0, 0, 0, 1, 0]",numpy
118,1.8315021269609524e-05,0.9982079237031365,0.0017737612755938212,0.9999999999999999,118,0.01,2.5e-05,1.0,100,0.35,0.1,200,0.8,0.5,0.05,47.12388980384689,"[0.35, 0.1, 0.1, 0.1, 0.25]","[0, 0, 0, 1, 0]",numpy
119,2.1189107165053107e-05,0.9980334322886734,0.001945378604161416,0.9999999999999998,119,0.01,2.5e-05,1.0,100,0.35,0.1,200,0.8,0.5,0.05,47.12388980384689,"[0.35, 0.1, 0.1, 0.1, 0.25]","[0, 0, 0, 1, 0]",numpy
120,2.4467904418699673e-05,0.9978449663203894,0.0021305657751917277,0.9999999999999999,120,0.01,2.5e-05,1.0,100,0.35,0.1,200,0.8,0.5,0.05,47.12388980384689,"[0.35, 0.1, 0.1, 0.1, 0.25]","[0, 0, 0, 1, 0]",numpy
121,2.820122638088571e-05,0.9976416992432131,0.0023300995304059726,1.0,121,0.01,2.5e-05,1.0,100,0.35,0.1,200,0.8,0.5,0.05,47.12388980384689,"[0.35, 0.1, 0.1, 0.1, 0.25]","[0, 0, 0, 1, 0]",numpy
122,3.244400594947243e-05,0.9974227800032839,0.00254477599076692,1.0000000000000002,122,0.01,2.5e-05,1.0,100,0.35,0.1,200,0.8,0.5,0.05,47.12388980384689,"[0.35, 0.1, 0.1, 0.1, 0.25]","[0, 0, 0, 1, 0]",numpy
123,3.7256693510618985e-05,0.9971873340861288,0.0027754092203607604,1.0000000000000002,123,0.01,2.5e-05,1.0,100,0.35,0.1,200,0.8,0.5,0.05,47.12388980384689,"[0.35, 0.1, 0.1, 0.1, 0.25]","[0, 0, 0, 1, 0]",numpy
124,4.270567130223523e-05,0.9969344646805003,0.003022829648197762,1.0000000000000002,124,0.01,2.5e-05,1.0,100,0.35,0.1,200,0.8,0.5,0.05,47.12388980384689,"[0.35, 0.1, 0.1, 0.1, 0.25]","[0, 0, 0, 1, 0]",numpy
125,4.886368332705416e-05,0.9966632539671397,0.0032878823495329336,0.9999999999999997,125,0.01,2.5e-05,1.0,100,0.35,0.1,200,0.8,0.5,0.05,47.12388980384689,"[0.35, 0.1, 0.1, 0.1, 0.25]","[0, 0, 0, 1, 0]",numpy
126,5.581027975298711e-05,0.996372764530763,0.003571425189484148,1.0,126,0.01,2.5e-05,1.0,100,0.35,0.1,200,0.8,0.5,0.05,47.12388980384689,"[0.35, 0.1, 0.1, 0.1, 0.25]","[0, 0, 0, 1, 0]",numpy
127,6.36322745658392e-05,0.9960620408911711,0.0038743268342631104,1.0,127,0.01,2.5e-05,1.0,100,0.35,0.1,200,0.8,0.5,0.05,47.12388980384689,"[0.35, 0.1, 0.1, 0.1, 0.25]","[0, 0, 0, 1, 0]",numpy
128,7.242421506667749e-05,0.9957301111473826,0.004197464637550593,0.9999999999999999,128,0.01,2.5e-05,1.0,100,0.35,0.1,200,0.8,0.5,0.05,47.12388980384689,"[0.35, 0.1, 0.1, 0.1, 0.25]","[0, 0, 0, 1, 0]",numpy
129,8.22888615969405e-05,0.9953759887289577,0.0045417224094453385,1.0,129,0.01,2.5e-05,1.0,100,0.35,0.1,200,0.8,0.5,0.05,47.12388980384689,"[0.35, 0.1, 0.1, 0.1, 0.25]","[0, 0, 0, 1, 0]",numpy
130,9.333767567134924e-05,0.9949986742481187,0.004907988076210139,1.0000000000000002,130,0.01,2.5e-05,1.0,100,0.35,0.1,200,0.8,0.5,0.05,47.12388980384689,"[0.35, 0.1, 0.1, 0.1, 0.25]","[0, 0, 0, 1, 0]",numpy
131,0.00010569131449862666,0.9945971574452969,0.005297151240204603,1.0,131,0.01,2.5e-05,1.0,100,0.35,0.1,200,0.8,0.5,0.05,47.12388980384689,"[0.35, 0.1, 0.1, 0.1, 0.25]","[0, 0, 0, 1, 0]",numpy
132,0.00011948012973174838,0.9941704192167351,0.005710100653532919,0.9999999999999998,132,0.01,2.5e-05,1.0,100,0.35,0.1,200,0.8,0.5,0.05,47.12388980384689,"[0.35, 0.1, 0.1, 0.1, 0.25]","[0, 0, 0, 1, 0]",numpy
133,0.0001348446680923619,0.9937174337128453,0.006147721619062628,1.0000000000000002,133,0.01,2.5e-05,1.0,100,0.35,0.1,200,0.8,0.5,0.05,47.12388980384689,"[0.35, 0.1, 0.1, 0.1, 0.25]","[0, 0, 0, 1, 0]",numpy
134,0.00015193617132058253,0.9932371704959749,0.006610893332704359,0.9999999999999999,134,0.01,2.5e-05,1.0,100,0.35,0.1,200,0.8,0.5,0.05,47.12388980384689,"[0.35, 0.1, 0.1, 0.1, 0.25]","[0, 0, 0, 1, 0]",numpy
135,0.00017091707267556194,0.9927285967479436,0.007100486179380867,1.0,135,0.01,2.5e-05,1.0,100,0.35,0.1,200,0.8,0.5,0.05,47.12388980384689,"[0.35, 0.1, 0.1, 0.1, 0.25]","[0, 0, 0, 1, 0]",numpy
136,0.00019196148713573628,0.992190679513332,0.007617358999532296,1.0,136,0.01,2.5e-05,1.0,100,0.35,0.1,200,0.8,0.5,0.05,47.12388980384689,"[0.35, 0.1, 0.1, 0.1, 0.25]","[0, 0, 0, 1, 0]",numpy
137,0.00021525569236214602,0.9916223879633556,0.00816235634428236,1.0,137,0.01,2.5e-05,1.0,100,0.35,0.1,200,0.8,0.5,0.05,47.12388980384689,"[0.35, 0.1, 0.1, 0.1, 0.25]","[0, 0, 0, 1, 0]",numpy
138,0.00024099859741368894,0.9910226956658699,0.008736305736716604,1.0000000000000002,138,0.01,2.5e-05,1.0,100,0.35,0.1,200,0.8,0.5,0.05,47.12388980384689,"[0.35, 0.1, 0.1, 0.1, 0.25]","[0, 0, 0, 1, 0]",numpy
139,0.00026940219604159135,0.9903905828531686,0.009340014950789658,0.9999999999999999,139,0.01,2.5e-05,1.0,100,0.35,0.1,200,0.8,0.5,0.05,47.12388980384689,"[0.35, 0.1, 0.1, 0.1, 0.25]","[0, 0, 0, 1, 0]",numpy
140,0.00030069200133378435,0.9897250386824277,0.00997426931623839,0.9999999999999999,140,0.01,2.5e-05,1.0,100,0.35,0.1,200,0.8,0.5,0.05,47.12388980384689,"[0.35, 0.1, 0.1, 0.1, 0.25]","[0, 0, 0, 1, 0]",numpy
141,0.00033510745851670184,0.9890250634855868,0.010639829055896576,1.0,141,0.01,2.5e-05,1.0,100,0.35,0.1,200,0.8,0.5,0.05,47.12388980384689,"[0.35, 0.1, 0.1, 0.1, 0.25]","[0, 0, 0, 1, 0]",numpy
142,0.0003729023327558681,0.9882896710096132,0.011337426657630961,1.0,142,0.01,2.5e-05,1.0,100,0.35,0.1,200,0.8,0.5,0.05,47.12388980384689,"[0.35, 0.1, 0.1, 0.1, 0.25]","[0, 0, 0, 1, 0]",numpy
143,0.0004143450687507128,0.9875178906553729,0.01206776427587639,1.0,143,0.01,2.5e-05,1.0,100,0.35,0.1,200,0.8,0.5,0.05,47.12388980384689,"[0.35, 0.1, 0.1, 0.1, 0.25]","[0, 0, 0, 1, 0]",numpy
144,0.0004597191188191724,0.9867087697306274,0.0128315111505534,1.0,144,0.01,2.5e-05,1.0,100,0.35,0.1,200,0.8,0.5,0.05,47.12388980384689,"[0.35, 0.1, 0.1, 0.1, 0.25]","[0, 0, 0, 1, 0]",numpy
145,0.0005093232363227251,0.9858613757295555,0.01362930103412166,0.9999999999999999,145,0.01,2.5e-05,1.0,100,0.35,0.1,200,0.8,0.5,0.05,47.12388980384689,"[0.35, 0.1, 0.1, 0.1, 0.25]","[0, 0, 0, 1, 0]",numpy
146,0.0005634717314622103,0.98497479864558,0.014461729622957834,1.0,146,0.01,2.5e-05,1.0,100,0.35,0.1,200,0.8,0.5,0.05,47.12388980384689,"[0.35, 0.1, 0.1, 0.1, 0.25]","[0, 0, 0, 1, 0]",numpy
147,0.0006224946867008069,0.9840481533145236,0.015329351998775527,0.9999999999999999,147,0.01,2.5e-05,1.0,100,0.35,0.1,200,0.8,0.5,0.05,47.12388980384689,"[0.35, 0.1, 0.1, 0.1, 0.25]","[0, 0, 0, 1, 0]",numpy
148,0.0006867381289841509,0.9830805817797829,0.016232680091233048,1.0,148,0.01,2.5e-05,1.0,100,0.35,0.1,200,0.8,0.5,0.05,47.12388980384689,"[0.35, 0.1, 0.1, 0.1, 0.25]","[0, 0, 0, 1, 0]",numpy
149,0.0007565641560591878,0.9820712556548158,0.017172180189124947,0.9999999999999999,149,0.01,2.5e-05,1.0,100,0.35,0.1,200,0.8,0.5,0.05,47.12388980384689,"[0.35, 0.1, 0.1, 0.1, 0.25]","[0, 0, 0, 1, 0]",numpy
150,0.0008323510143013284,0.9810193784400605,0.018148270545638195,1.0,150,0.01,2.5e-05,1.0,100,0.35,0.1,200,0.8,0.5,0.05,47.12388980384689,"[0.35, 0.1, 0.1, 0.1, 0.25]","[0, 0, 0, 1, 0]",numpy
151,0.0009144931257217119,0.9799241877295968,0.01916131914468154,1.0,151,0.01,2.5e-05,1.0,100,0.35,0.1,200,0.8,0.5,0.05,47.12388980384689,"[0.35, 0.1, 0.1, 0.1, 0.25]","[0, 0, 0, 1, 0]",numpy
152,0.001003401061747174,0.97878495723253,0.02021164170572284,1.0,152,0.01,2.5e-05,1.0,100,0.35,0.1,200,0.8,0.5,0.05,47.12388980384689,"[0.35, 0.1, 0.1, 0.1, 0.25]","[0, 0, 0, 1, 0]",numpy
153,0.0010995014613166393,0.9776009985285914,0.021299500010091826,0.9999999999999999,153,0.01,2.5e-05,1.0,100,0.35,0.1,200,0.8,0.5,0.05,47.12388980384689,"[0.35, 0.1, 0.1, 0.1, 0.25]","[0, 0, 0, 1, 0]",numpy
154,0.0012032368909543365,0.9763716624787239,0.022425100630321826,1.0,154,0.01,2.5e-05,1.0,100,0.35,0.1,200,0.8,0.5,0.05,47.12388980384689,"[0.35, 0.1, 0.1, 0.1, 0.25]","[0, 0, 0, 1, 0]",numpy
155,0.0013150656449238357,0.9750963402210315,0.023588594134044672,1.0,155,0.01,2.5e-05,1.0,100,0.35,0.1,200,0.8,0.5,0.05,47.12388980384689,"[0.35, 0.1, 0.1, 0.1, 0.25]","[0, 0, 0, 1, 0]",numpy
156,0.0014354614841268578,0.9737744637082021,0.02479007480767121,1.0000000000000002,156,0.01,2.5e-05,1.0,100,0.35,0.1,200,0.8,0.5,0.05,47.12388980384689,"[0.35, 0.1, 0.1, 0.1, 0.25]","[0, 0, 0, 1, 0]",numpy
157,0.00156491331282289,0.972405505788739,0.026029580898438157,1.0,157,0.01,2.5e-05,1.0,100,0.35,0.1,200,0.8,0.5,0.05,47.12388980384689,"[0.35, 0.1, 0.1, 0.1, 0.25]","[0, 0, 0, 1, 0]",numpy
158,0.001703924792930466,0.9709889798891604,0.027307095317908953,0.9999999999999999,158,0.01,2.5e-05,1.0,100,0.35,0.1,200,0.8,0.5,0.05,47.12388980384689,"[0.35, 0.1, 0.1, 0.1, 0.25]","[0, 0, 0, 1, 0]",numpy
159,0.0018530138965603537,0.9695244394137232,0.0286225466897165,1.0,159,0.01,2.5e-05,1.0,100,0.35,0.1,200,0.8,0.5,0.05,47.12388980384689,"[0.35, 0.1, 0.1, 0.1, 0.25]","[0, 0, 0, 1, 0]",numpy
160,0.002012712398794888,0.9680114770293615,0.02997581057184363,1.0,160,0.01,2.5e-05,1.0,100,0.35,0.1,200,0.8,0.5,0.05,47.12388980384689,"[0.35, 0.1, 0.1, 0.1, 0.25]","[0, 0, 0, 1, 0]",numpy
161,0.002183565313880139,0.9664497240476674,0.031366710638452325,0.9999999999999999,161,0.01,2.5e-05,1.0,100,0.35,0.1,200,0.8,0.5,0.05,47.12388980384689,"[0.35, 0.1, 0.1, 0.1, 0.25]","[0, 0, 0, 1, 0]",numpy
162,0.0023661302791082653,0.9648388501366818,0.032795019584209724,0.9999999999999998,162,0.01,2.5e-05,1.0,100,0.35,0.1,200,0.8,0.5,0.05,47.12388980384689,"[0.35, 0.1, 0.1, 0.1, 0.25]","[0, 0, 0, 1, 0]",numpy
163,0.002560976891685664,0.963178563582856,0.03426045952545809,0.9999999999999998,163,0.01,2.5e-05,1.0,100,0.35,0.1,200,0.8,0.5,0.05,47.12388980384689,"[0.35, 0.1, 0.1, 0.1, 0.25]","[0, 0, 0, 1, 0]",numpy
164,0.0027686860049541983,0.9614686122683461,0.035762701726699556,0.9999999999999999,164,0.01,2.5e-05,1.0,100,0.35,0.1,200,0.8,0.5,0.05,47.12388980384689,"[0.35, 0.1, 0.1, 0.1, 0.25]","[0, 0, 0, 1, 0]",numpy
165,0.0029898489910825618,0.9597087854349443,0.037301365573973316,1.0000000000000002,165,0.01,2.5e-05,1.0,100,0.35,0.1,200,0.8,0.5,0.05,47.12388980384689,"[0.35, 0.1, 0.1, 0.1, 0.25]","[0, 0, 0, 1, 0]",numpy
166,0.0032250669770313195,0.9578989161876282,0.03887601683534065,1.0000000000000002,166,0.01,2.5e-05,1.0,100,0.35,0.1,200,0.8,0.5,0.05,47.12388980384689,"[0.35, 0.1, 0.1, 0.1, 0.25]","[0, 0, 0, 1, 0]",numpy
167,0.0034749500591900605,0.9560388845577117,0.04048616538309844,1.0000000000000002,167,0.01,2.5e-05,1.0,100,0.35,0.1,200,0.8,0.5,0.05,47.12388980384689,"[0.35, 0.1, 0.1, 0.1, 0.25]","[0, 0, 0, 1, 0]",numpy
168,0.0037401164995232872,0.954128620815787,0.042131262684689724,1.0,168,0.01,2.5e-05,1.0,100,0.35,0.1,200,0.8,0.5,0.05,47.12388980384689,"[0.35, 0.1, 0.1, 0.1, 0.25]","[0, 0, 0, 1, 0]",numpy
169,0.004021191902693379,0.952168108616239,0.043810699481067465,0.9999999999999999,169,0.01,2.5e-05,1.0,100,0.35,0.1,200,0.8,0.5,0.05,47.12388980384689,"[0.35, 0.1, 0.1, 0.1, 0.25]","[0, 0, 0, 1, 0]",numpy
170,0.004318808369294992,0.9501573874954143,0.04552380413529063,1.0,170,0.01,2.5e-05,1.0,100,0.35,0.1,200,0.8,0.5,0.05,47.12388980384689,"[0.35, 0.1, 0.1, 0.1, 0.25]","[0, 0, 0, 1, 0]",numpy
171,0.0046336036152433285,0.948096554254564,0.0472698421301925,0.9999999999999998,171,0.01,2.5e-05,1.0,100,0.35,0.1,200,0.8,0.5,0.05,47.12388980384689,"[0.35, 0.1, 0.1, 0.1, 0.25]","[0, 0, 0, 1, 0]",numpy
172,0.004966220042386101,0.9459857628428067,0.049048017114807003,0.9999999999999998,172,0.01,2.5e-05,1.0,100,0.35,0.1,200,0.8,0.5,0.05,47.12388980384689,"[0.35, 0.1, 0.1, 0.1, 0.25]","[0, 0, 0, 1, 0]",numpy
173,0.005317303741737358,0.9438252225095431,0.050857473748719434,1.0,173,0.01,2.5e-05,1.0,100,0.35,0.1,200,0.8,0.5,0.05,47.12388980384689,"[0.35, 0.1, 0.1, 0.1, 0.25]","[0, 0, 0, 1, 0]",numpy
174,0.005687503409534185,0.9416151942045108,0.05269730238595511,1.0,174,0.01,2.5e-05,1.0,100,0.35,0.1,200,0.8,0.5,0.05,47.12388980384689,"[0.35, 0.1, 0.1, 0.1, 0.25]","[0, 0, 0, 1, 0]",numpy
175,0.006077469158042052,0.9393559854466726,0.05456654539528522,0.9999999999999999,175,0.01,2.5e-05,1.0,100,0.35,0.1,200,0.8,0.5,0.05,47.12388980384689,"[0.35, 0.1, 0.1, 0.1, 0.25]","[0, 0, 0, 1, 0]",numpy
176,0.006487851208202623,0.9370479441262819,0.05646420466551532,0.9999999999999998,176,0.01,2.5e-05,1.0,100,0.35,0.1,200,0.8,0.5,0.05,47.12388980384689,"[0.35, 0.1, 0.1, 0.1, 0.25]","[0, 0, 0, 1, 0]",numpy
177,0.006919298460333411,0.9346914519051295,0.0583892496345372,1.0,177,0.01,2.5e-05,1.0,100,0.35,0.1,200,0.8,0.5,0.05,47.12388980384689,"[0.35, 0.1, 0.1, 0.1, 0.25]","[0, 0, 0, 1, 0]",numpy
178,0.007372456952396207,0.9322869179955126,0.0603406250520911,0.9999999999999999,178,0.01,2.5e-05,1.0,100,0.35,0.1,200,0.8,0.5,0.05,47.12388980384689,"[0.35, 0.1, 0.1, 0.1, 0.25]","[0, 0, 0, 1, 0]",numpy
179,0.00784796823212817,0.9298347740992076,0.062317257668664236,1.0,179,0.01,2.5e-05,1.0,100,0.35,0.1,200,0.8,0.5,0.05,47.12388980384689,"[0.35, 0.1, 0.1, 0.1, 0.25]","[0, 0, 0, 1, 0]",numpy
180,0.008346467687639424,0.9273354711642618,0.06431806114809874,1.0,180,0.01,2.5e-05,1.0,100,0.35,0.1,200,0.8,0.5,0.05,47.12388980384689,"[0.35, 0.1, 0.1, 0.1, 0.25]","[0, 0, 0, 1, 0]",numpy
181,0.008868582898602657,0.9247894783772105,0.06634193872418673,0.9999999999999999,181,0.01,2.5e-05,1.0,100,0.35,0.1,200,0.8,0.5,0.05,47.12388980384689,"[0.35, 0.1, 0.1, 0.1, 0.25]","[0, 0, 0, 1, 0]",numpy
182,0.00941493208438986,0.9221972844777758,0.06838778343783437,1.0,182,0.01,2.5e-05,1.0,100,0.35,0.1,200,0.8,0.5,0.05,47.12388980384689,"[0.35, 0.1, 0.1, 0.1, 0.25]","[0, 0, 0, 1, 0]",numpy
183,0.009986122733791812,0.9195594011081604,0.0704544761580477,0.9999999999999999,183,0.01,2.5e-05,1.0,100,0.35,0.1,200,0.8,0.5,0.05,47.12388980384689,"[0.35, 0.1, 0.1, 0.1, 0.25]","[0, 0, 0, 1, 0]",numpy
184,0.010582750500166849,0.9168763675538905,0.07254088194594277,1.0,184,0.01,2.5e-05,1.0,100,0.35,0.1,200,0.8,0.5,0.05,47.12388980384689,"[0.35, 0.1, 0.1, 0.1, 0.25]","[0, 0, 0, 1, 0]",numpy
185,0.01120539843309461,0.9141487559671441,0.07464584559976133,1.0,185,0.01,2.5e-05,1.0,100,0.35,0.1,200,0.8,0.5,0.05,47.12388980384689,"[0.35, 0.1, 0.1, 0.1, 0.25]","[0, 0, 0, 1, 0]",numpy
186,0.0118546365914876,0.9113771760422701,0.07676818736624233,1.0,186,0.01,2.5e-05,1.0,100,0.35,0.1,200,0.8,0.5,0.05,47.12388980384689,"[0.35, 0.1, 0.1, 0.1, 0.25]","[0, 0, 0, 1, 0]",numpy
187,0.012531022044509899,0.9085622781665835,0.07890669978890662,1.0,187,0.01,2.5e-05,1.0,100,0.35,0.1,200,0.8,0.5,0.05,47.12388980384689,"[0.35, 0.1, 0.1, 0.1, 0.25]","[0, 0, 0, 1, 0]",numpy
188,0.013235099218662045,0.9057047542970551,0.0810601464842827,0.9999999999999999,188,0.01,2.5e-05,1.0,100,0.35,0.1,200,0.8,0.5,0.05,47.12388980384689,"[0.35, 0.1, 0.1, 0.1, 0.25]","[0, 0, 0, 1, 0]",numpy
189,0.013967400496722408,0.902805336186014,0.08322726331726335,0.9999999999999998,189,0.01,2.5e-05,1.0,100,0.35,0.1,200,0.8,0.5,0.05,47.12388980384689,"[0.35, 0.1, 0.1, 0.1, 0.25]","[0, 0, 0, 1, 0]",numpy
190,0.014728446923248085,0.89986479103866,0.08540676203809207,1.0000000000000002,190,0.01,2.5e-05,1.0,100,0.35,0.1,200,0.8,0.5,0.05,47.12388980384689,"[0.35, 0.1, 0.1, 0.1, 0.25]","[0, 0, 0, 1, 0]",numpy
191,0.015518748830085518,0.8968839151500673,0.087597336019847,0.9999999999999998,191,0.01,2.5e-05,1.0,100,0.35,0.1,200,0.8,0.5,0.05,47.12388980384689,"[0.35, 0.1, 0.1, 0.1, 0.25]","[0, 0, 0, 1, 0]",numpy
192,0.01633880617259597,0.8938635264483589,0.08979766737904499,0.9999999999999998,192,0.01,2.5e-05,1.0,100,0.35,0.1,200,0.8,0.5,0.05,47.12388980384689,"[0.35, 0.1, 0.1, 0.1, 0.25]","[0, 0, 0, 1, 0]",numpy
193,0.017189108370580696,0.890804457085512,0.09200643454390714,0.9999999999999999,193,0.01,2.5e-05,1.0,100,0.35,0.1,200,0.8,0.5,0.05,47.12388980384689,"[0.35, 0.1, 0.1, 0.1, 0.25]","[0, 0, 0, 1, 0]",numpy
194,0.018070133481410212,0.8877075472217827,0.09422231929680697,0.9999999999999999,194,0.01,2.5e-05,1.0,100,0.35,0.1,200,0.8,0.5,0.05,47.12388980384689,"[0.35, 0.1, 0.1, 0.1, 0.25]","[0, 0, 0, 1, 0]",numpy
195,0.0189823465967753,0.8845736409372417,0.09644401246598278,0.9999999999999998,195,0.01,2.5e-05,1.0,100,0.35,0.1,200,0.8,0.5,0.05,47.12388980384689,"[0.35, 0.1, 0.1, 0.1, 0.25]","[0, 0, 0, 1, 0]",numpy
196,0.019926197444816954,0.8814035848067632,0.0986702177484198,0.9999999999999999,196,0.01,2.5e-05,1.0,100,0.35,0.1,200,0.8,0.5,0.05,47.12388980384689,"[0.35, 0.1, 0.1, 0.1, 0.25]","[0, 0, 0, 1, 0]",numpy
197,0.02090211728787681,0.8781982291611289,0.10089965355099433,1.0,197,0.01,2.5e-05,1.0,100,0.35,0.1,200,0.8,0.5,0.05,47.12388980384689,"[0.35, 0.1, 0.1, 0.1, 0.25]","[0, 0, 0, 1, 0]",numpy
198,0.02191051531987989,0.8749584315239571,0.10313105315616296,1.0,198,0.01,2.5e-05,1.0,100,0.35,0.1,200,0.8,0.5,0.05,47.12388980384689,"[0.35, 0.1, 0.1, 0.1, 0.25]","[0, 0, 0, 1, 0]",numpy
199,0.02295177486983307,0.8716850612718537,0.10536316385831326,1.0,199,0.01,2.5e-05,1.0,100,0.35,0.1,200,0.8,0.5,0.05,47.12388980384689,"[0.35, 0.1, 0.1, 0.1, 0.25]","[0, 0, 0, 1, 0]",numpy
200,0.024026353887980332,0.8683784340468623,0.10759521206515726,0.9999999999999999,200,0.01,2.5e-05,1.0,100,0.35,0.1,200,0.8,0.5,0.05,47.12388980384689,"[0.35, 0.1, 0.1, 0.1, 0.25]","[0, 0, 0, 1, 0]",numpy
201,0.025134478759012042,0.865039999693647,0.1098255215473411,1.0,201,0.01,2.5e-05,1.0,100,0.35,0.1,200,0.8,0.5,0.05,47.12388980384689,"[0.35, 0.1, 0.1, 0.1, 0.25]","[0, 0, 0, 1, 0]",numpy
202,0.026276436849975916,0.8616706843992862,0.1120528787507376,0.9999999999999997,202,0.01,2.5e-05,1.0,100,0.35,0.1,200,0.8,0.5,0.05,47.12388980384689,"[0.35, 0.1, 0.1, 0.1, 0.25]","[0, 0, 0, 1, 0]",numpy
203,0.02745248027730747,0.8582714341896553,0.11427608553303721,1.0,203,0.01,2.5e-05,1.0,100,0.35,0.1,200,0.8,0.5,0.05,47.12388980384689,"[0.35, 0.1, 0.1, 0.1, 0.25]","[0, 0, 0, 1, 0]",numpy
204,0.028662826611129736,0.8548432108222377,0.11649396256663265,1.0,204,0.01,2.5e-05,1.0,100,0.35,0.1,200,0.8,0.5,0.05,47.12388980384689,"[0.35, 0.1, 0.1, 0.1, 0.25]","[0, 0, 0, 1, 0]",numpy
205,0.029907661022186557,0.8513869856192657,0.1187053533585476,0.9999999999999999,205,0.01,2.5e-05,1.0,100,0.35,0.1,200,0.8,0.5,0.05,47.12388980384689,"[0.35, 0.1, 0.1, 0.1, 0.25]","[0, 0, 0, 1, 0]",numpy
206,0.031187139668617934,0.847903732309391,0.12090912802199129,1.0000000000000002,206,0.01,2.5e-05,1.0,100,0.35,0.1,200,0.8,0.5,0.05,47.12388980384689,"[0.35, 0.1, 0.1, 0.1, 0.25]","[0, 0, 0, 1, 0]",numpy
207,0.032501393936537025,0.8443944201731496,0.12310418589031334,1.0,207,0.01,2.5e-05,1.0,100,0.35,0.1,200,0.8,0.5,0.05,47.12388980384689,"[0.35, 0.1, 0.1, 0.1, 0.25]","[0, 0, 0, 1, 0]",numpy
208,0.03385053500409394,0.8408600087380862,0.12528945625781984,1.0,208,0.01,2.5e-05,1.0,100,0.35,0.1,200,0.8,0.5,0.05,47.12388980384689,"[0.35, 0.1, 0.1, 0.1, 0.25]","[0, 0, 0, 1, 0]",numpy
209,0.03523465811969118,0.8373014449491474,0.1274638969311614,1.0,209,0.01,2.5e-05,1.0,100,0.35,0.1,200,0.8,0.5,0.05,47.12388980384689,"[0.35, 0.1, 0.1, 0.1, 0.25]","[0, 0, 0, 1, 0]",numpy
210,0.036653845991002465,0.8337196632107741,0.12962649079822333,0.9999999999999999,210,0.01,2.5e-05,1.0,100,0.35,0.1,200,0.8,0.5,0.05,47.12388980384689,"[0.35, 0.1, 0.1, 0.1, 0.25]","[0, 0, 0, 1, 0]",numpy
211,0.03810817078097417,0.8301155880678189,0.13177624115120712,1.0000000000000002,211,0.01,2.5e-05,1.0,100,0.35,0.1,200,0.8,0.5,0.05,47.12388980384689,"[0.35, 0.1, 0.1, 0.1, 0.25]","[0, 0, 0, 1, 0]",numpy
212,0.039597694393110366,0.8264901387020355,0.13391216690485402,0.9999999999999999,212,0.01,2.5e-05,1.0,100,0.35,0.1,200,0.8,0.5,0.05,47.12388980384689,"[0.35, 0.1, 0.1, 0.1, 0.25]","[0, 0, 0, 1, 0]",numpy
213,0.04112246697735911,0.8228442340096953,0.13603329901294556,1.0,213,0.01,2.5e-05,1.0,100,0.35,0.1,200,0.8,0.5,0.05,47.12388980384689,"[0.35, 0.1, 0.1, 0.1, 0.25]","[0, 0, 0, 1, 0]",numpy
214,0.04268252386276731,0.8191787968976393,0.1381386792395933,0.9999999999999999,214,0.01,2.5e-05,1.0,100,0.35,0.1,200,0.8,0.5,0.05,47.12388980384689,"[0.35, 0.1, 0.1, 0.1, 0.25]","[0, 0, 0, 1, 0]",numpy
215,0.044277881379980455,0.8154947566255126,0.14022736199450675,0.9999999999999998,215,0.01,2.5e-05,1.0,100,0.35,0.1,200,0.8,0.5,0.05,47.12388980384689,"[0.35, 0.1, 0.1, 0.1, 0.25]","[0, 0, 0, 1, 0]",numpy
216,0.04590853223216933,0.811793048488894,0.14229841927893672,1.0,216,0.01,2.5e-05,1.0,100,0.35,0.1,200,0.8,0.5,0.05,47.12388980384689,"[0.35, 0.1, 0.1, 0.1, 0.25]","[0, 0, 0, 1, 0]",numpy
217,0.047574441170242975,0.808074610775333,0.14435094805442392,1.0,217,0.01,2.5e-05,1.0,100,0.35,0.1,200,0.8,0.5,0.05,47.12388980384689,"[0.35, 0.1, 0.1, 0.1, 0.25]","[0, 0, 0, 1, 0]",numpy
218,0.049275541703592884,0.8043403795876954,0.14638407870871156,0.9999999999999999,218,0.01,2.5e-05,1.0,100,0.35,0.1,200,0.8,0.5,0.05,47.12388980384689,"[0.35, 0.1, 0.1, 0.1, 0.25]","[0, 0, 0, 1, 0]",numpy
219,0.051011734427338265,0.8005912826599872,0.14839698291267464,1.0000000000000002,219,0.01,2.5e-05,1.0,100,0.35,0.1,200,0.8,0.5,0.05,47.12388980384689,"[0.35, 0.1, 0.1, 0.1, 0.25]","[0, 0, 0, 1, 0]",numpy
220,0.0527828872910894,0.7968282335531418,0.15038887915576885,1.0,220,0.01,2.5e-05,1.0,100,0.35,0.1,200,0.8,0.5,0.05,47.12388980384689,"[0.35, 0.1, 0.1, 0.1, 0.25]","[0, 0, 0, 1, 0]",numpy
221,0.054588837813901024,0.7930521275320092,0.15235903465408981,1.0,221,0.01,2.5e-05,1.0,100,0.35,0.1,200,0.8,0.5,0.05,47.12388980384689,"[0.35, 0.1, 0.1, 0.1, 0.25]","[0, 0, 0, 1, 0]",numpy
222,0.056429396919588364,0.7892638399978772,0.15430676308253444,1.0,222,0.01,2.5e-05,1.0,100,0.35,0.1,200,0.8,0.5,0.05,47.12388980384689,"[0.35, 0.1, 0.1, 0.1, 0.25]","[0, 0, 0, 1, 0]",numpy
223,0.058304353782966285,0.7854642276849898,0.15623141853204386,1.0,223,0.01,2.5e-05,1.0,100,0.35,0.1,200,0.8,0.5,0.05,47.12388980384689,"[0.35, 0.1, 0.1, 0.1, 0.25]","[0, 0, 0, 1, 0]",numpy
224,0.060213480892132756,0.7816541320931027,0.1581323870147646,1.0,224,0.01,2.5e-05,1.0,100,0.35,0.1,200,0.8,0.5,0.05,47.12388980384689,"[0.35, 0.1, 0.1, 0.1, 0.25]","[0, 0, 0, 1, 0]",numpy
225,0.06215653848272677,0.7778343840098495,0.1600090775074238,1.0,225,0.01,2.5e-05,1.0,100,0.35,0.1,200,0.8,0.5,0.05,47.12388980384689,"[0.35, 0.1, 0.1, 0.1, 0.25]","[0, 0, 0, 1, 0]",numpy
226,0.06413327760391742,0.7740058076402708,0.16186091475581202,1.0000000000000002,226,0.01,2.5e-05,1.0,100,0.35,0.1,200,0.8,0.5,0.05,47.12388980384689,"[0.35, 0.1, 0.1, 0.1, 0.25]","[0, 0, 0, 1, 0]",numpy
227,0.06614344132108202,0.7701692229100203,0.163687335768898,1.0000000000000004,227,0.01,2.5e-05,1.0,100,0.35,0.1,200,0.8,0.5,0.05,47.12388980384689,"[0.35, 0.1, 0.1, 0.1, 0.25]","[0, 0, 0, 1, 0]",numpy
228,0.06818676390532138,0.7663254449602327,0.16548779113444573,0.9999999999999998,228,0.01,2.5e-05,1.0,100,0.35,0.1,200,0.8,0.5,0.05,47.12388980384689,"[0.35, 0.1, 0.1, 0.1, 0.25]","[0, 0, 0, 1, 0]",numpy
229,0.07026296824138457,0.7624752806184951,0.16726175114012018,0.9999999999999999,229,0.01,2.5e-05,1.0,100,0.35,0.1,200,0.8,0.5,0.05,47.12388980384689,"[0.35, 0.1, 0.1, 0.1, 0.25]","[0, 0, 0, 1, 0]",numpy
230,0.07237176203070851,0.75861952252691,0.16900871544238172,1.0000000000000002,230,0.01,2.5e-05,1.0,100,0.35,0.1,200,0.8,0.5,0.05,47.12388980384689,"[0.35, 0.1, 0.1, 0.1, 0.25]","[0, 0, 0, 1, 0]",numpy
231,0.07451283360817189,0.7547589423933202,0.17072822399850773,0.9999999999999998,231,0.01,2.5e-05,1.0,100,0.35,0.1,200,0.8,0.5,0.05,47.12388980384689,"[0.35, 0.1, 0.1, 0.1, 0.25]","[0, 0, 0, 1, 0]",numpy
232,0.07668584828029956,0.7508942852743563,0.17241986644534427,1.0000000000000002,232,0.01,2.5e-05,1.0,100,0.35,0.1,200,0.8,0.5,0.05,47.12388980384689,"[0.35, 0.1, 0.1, 0.1, 0.25]","[0, 0, 0, 1, 0]",numpy
233,0.07889044600617615,0.7470262667471904,0.17408328724663333,0.9999999999999999,233,0.01,2.5e-05,1.0,100,0.35,0.1,200,0.8,0.5,0.05,47.12388980384689,"[0.35, 0.1, 0.1, 0.1, 0.25]","[0, 0, 0, 1, 0]",numpy
234,0.08112624099056312,0.7431555742538912,0.17571818475554565,1.0,234,0.01,2.5e-05,1.0,100,0.35,0.1,200,0.8,0.5,0.05,47.12388980384689,"[0.35, 0.1, 0.1, 0.1, 0.25]","[0, 0, 0, 1, 0]",numpy
235,0.08339282338643125,0.7392828729191007,0.17732430369446803,1.0,235,0.01,2.5e-05,1.0,100,0.35,0.1,200,0.8,0.5,0.05,47.12388980384689,"[0.35, 0.1, 0.1, 0.1, 0.25]","[0, 0, 0, 1, 0]",numpy
236,0.08568976288382414,0.7354088149778594,0.17890142213831653,1.0,236,0.01,2.5e-05,1.0,100,0.35,0.1,200,0.8,0.5,0.05,47.12388980384689,"[0.35, 0.1, 0.1, 0.1, 0.25]","[0, 0, 0, 1, 0]",numpy
237,0.08801661357945467,0.731534050903618,0.18044933551692738,1.0,237,0.01,2.5e-05,1.0,100,0.35,0.1,200,0.8,0.5,0.05,47.12388980384689,"[0.35, 0.1, 0.1, 0.1, 0.25]","[0, 0, 0, 1, 0]",numpy
238,0.0903729192574767,0.7276592396900738,0.18196784105244942,1.0,238,0.01,2.5e-05,1.0,100,0.35,0.1,200,0.8,0.5,0.05,47.12388980384689,"[0.35, 0.1, 0.1, 0.1, 0.25]","[0, 0, 0, 1, 0]",numpy
239,0.09275821812450595,0.7237850557219132,0.18345672615358105,1.0000000000000002,239,0.01,2.5e-05,1.0,100,0.35,0.1,200,0.8,0.5,0.05,47.12388980384689,"[0.35, 0.1, 0.1, 0.1, 0.25]","[0, 0, 0, 1, 0]",numpy
240,0.09517204615314324,0.7199121903251972,0.18491576352165942,0.9999999999999998,240,0.01,2.5e-05,1.0,100,0.35,0.1,200,0.8,0.5,0.05,47.12388980384689,"[0.35, 0.1, 0.1, 0.1, 0.25]","[0, 0, 0, 1, 0]",numpy
241,0.0976139384778651,0.7160413472943867,0.18634471422774823,1.0,241,0.01,2.5e-05,1.0,100,0.35,0.1,200,0.8,0.5,0.05,47.12388980384689,"[0.35, 0.1, 0.1, 0.1, 0.25]","[0, 0, 0, 1, 0]",numpy
242,0.10008342869625143,0.7121732331650429,0.18774333813870567,1.0,242,0.01,2.5e-05,1.0,100,0.35,0.1,200,0.8,0.5,0.05,47.12388980384689,"[0.35, 0.1, 0.1, 0.1, 0.25]","[0, 0, 0, 1, 0]",numpy
243,0.10258004637141585,0.7083085443589288,0.1891114092696552,0.9999999999999998,243,0.01,2.5e-05,1.0,100,0.35,0.1,200,0.8,0.5,0.05,47.12388980384689,"[0.35, 0.1, 0.1, 0.1, 0.25]","[0, 0, 0, 1, 0]",numpy
244,0.10510331341313098,0.7044479541966662,0.19044873239020277,0.9999999999999999,244,0.01,2.5e-05,1.0,100,0.35,0.1,200,0.8,0.5,0.05,47.12388980384689,"[0.35, 0.1, 0.1, 0.1, 0.25]","[0, 0, 0, 1, 0]",numpy
245,0.1076527402503373,0.7005921028920854,0.1917551568575773,1.0,245,0.01,2.5e-05,1.0,100,0.35,0.1,200,0.8,0.5,0.05,47.12388980384689,"[0.35, 0.1, 0.1, 0.1, 0.25]","[0, 0, 0, 1, 0]",numpy
246,0.11022782273993252,0.6967415929480506,0.19303058431201678,0.9999999999999999,246,0.01,2.5e-05,1.0,100,0.35,0.1,200,0.8,0.5,0.05,47.12388980384689,"[0.35, 0.1, 0.1, 0.1, 0.25]","[0, 0, 0, 1, 0]",numpy
247,0.11282804057366638,0.6928969910234197,0.19427496840291386,1.0,247,0.01,2.5e-05,1.0,100,0.35,0.1,200,0.8,0.5,0.05,47.12388980384689,"[0.35, 0.1, 0.1, 0.1, 0.25]","[0, 0, 0, 1, 0]",numpy
248,0.11545285758573295,0.6890588356759023,0.19548830673836484,1.0,248,0.01,2.5e-05,1.0,100,0.35,0.1,200,0.8,0.5,0.05,47.12388980384689,"[0.35, 0.1, 0.1, 0.1, 0.25]","[0, 0, 0, 1, 0]",numpy
249,0.1181017239117494,0.6852276488446011,0.19667062724364964,1.0,249,0.01,2.5e-05,1.0,100,0.35,0.1,200,0.8,0.5,0.05,47.12388980384689,"[0.35, 0.1, 0.1, 0.1, 0.25]","[0, 0, 0, 1, 0]",numpy
250,0.1207740795121208,0.6814039479437286,0.19782197254415054,1.0,250,0.01,2.5e-05,1.0,100,0.35,0.1,200,0.8,0.5,0.05,47.12388980384689,"[0.35, 0.1, 0.1, 0.1, 0.25]","[0, 0, 0, 1, 0]",numpy
251,0.12346935825283514,0.677588255288878,0.19894238645828696,1.0,251,0.01,2.5e-05,1.0,100,0.35,0.1,200,0.8,0.5,0.05,47.12388980384689,"[0.35, 0.1, 0.1, 0.1, 0.25]","[0, 0, 0, 1, 0]",numpy
252,0.12618699161183966,0.6737811023350976,0.20003190605306262,0.9999999999999999,252,0.01,2.5e-05,1.0,100,0.35,0.1,200,0.8,0.5,0.05,47.12388980384689,"[0.35, 0.1, 0.1, 0.1, 0.25]","[0, 0, 0, 1, 0]",numpy
253,0.12892641118495254,0.6699830276718434,0.20109056114320387,0.9999999999999998,253,0.01,2.5e-05,1.0,100,0.35,0.1,200,0.8,0.5,0.05,47.12388980384689,"[0.35, 0.1, 0.1, 0.1, 0.25]","[0, 0, 0, 1, 0]",numpy
254,0.1316870494859677,0.666194569476582,0.20211838103745025,0.9999999999999999,254,0.01,2.5e-05,1.0,100,0.35,0.1,200,0.8,0.5,0.05,47.12388980384689,"[0.35, 0.1, 0.1, 0.1, 0.25]","[0, 0, 0, 1, 0]",numpy
255,0.1344683390010715,0.6624162546693135,0.20311540632961497,1.0,255,0.01,2.5e-05,1.0,100,0.35,0.1,200,0.8,0.5,0.05,47.12388980384689,"[0.35, 0.1, 0.1, 0.1, 0.25]","[0, 0, 0, 1, 0]",numpy
256,0.13726970995391072,0.6586485878929621,0.20408170215312715,1.0,256,0.01,2.5e-05,1.0,100,0.35,0.1,200,0.8,0.5,0.05,47.12388980384689,"[0.35, 0.1, 0.1, 0.1, 0.25]","[0, 0, 0, 1, 0]",numpy
257,0.14009058763433868,0.6548920434198808,0.20501736894578038,0.9999999999999999,257,0.01,2.5e-05,1.0,100,0.35,0.1,200,0.8,0.5,0.05,47.12388980384689,"[0.35, 0.1, 0.1, 0.1, 0.25]","[0, 0, 0, 1, 0]",numpy
258,0.14293039033103408,0.6511470621608068,0.20592254750815903,0.9999999999999999,258,0.01,2.5e-05,1.0,100,0.35,0.1,200,0.8,0.5,0.05,47.12388980384689,"[0.35, 0.1, 0.1, 0.1, 0.25]","[0, 0, 0, 1, 0]",numpy
259,0.14578852882633386,0.647414054396043,0.20679741677762314,1.0,259,0.01,2.5e-05,1.0,100,0.35,0.1,200,0.8,0.5,0.05,47.12388980384689,"[0.35, 0.1, 0.1, 0.1, 0.25]","[0, 0, 0, 1, 0]",numpy
260,0.14866440806535935,0.6436934071208774,0.20764218481376331,1.0,260,0.01,2.5e-05,1.0,100,0.35,0.1,200,0.8,0.5,0.05,47.12388980384689,"[0.35, 0.1, 0.1, 0.1, 0.25]","[0, 0, 0, 1, 0]",numpy
261,0.1515574310686195,0.6399854935278048,0.20845707540357572,1.0,261,0.01,2.5e-05,1.0,100,0.35,0.1,200,0.8,0.5,0.05,47.12388980384689,"[0.35, 0.1, 0.1, 0.1, 0.25]","[0, 0, 0, 1, 0]",numpy
262,0.1544670045383743,0.6362906815675061,0.20924231389411949,0.9999999999999999,262,0.01,2.5e-05,1.0,100,0.35,0.1,200,0.8,0.5,0.05,47.12388980384689,"[0.35, 0.1, 0.1, 0.1, 0.25]","[0, 0, 0, 1, 0]",numpy
263,0.15739254506706482,0.6326093389213094,0.20999811601162574,1.0,263,0.01,2.5e-05,1.0,100,0.35,0.1,200,0.8,0.5,0.05,47.12388980384689,"[0.35, 0.1, 0.1, 0.1, 0.25]","[0, 0, 0, 1, 0]",numpy
264,0.16033348454145105,0.6289418329505622,0.21072468250798665,0.9999999999999999,264,0.01,2.5e-05,1.0,100,0.35,0.1,200,0.8,0.5,0.05,47.12388980384689,"[0.35, 0.1, 0.1, 0.1, 0.25]","[0, 0, 0, 1, 0]",numpy
265,0.16328927335311477,0.6252885258688006,0.21142220077808482,1.0000000000000002,265,0.01,2.5e-05,1.0,100,0.35,0.1,200,0.8,0.5,0.05,47.12388980384689,"[0.35, 0.1, 0.1, 0.1, 0.25]","[0, 0, 0, 1, 0]",numpy
266,0.1662593803983242,0.6216497669818328,0.2120908526198428,0.9999999999999998,266,0.01,2.5e-05,1.0,100,0.35,0.1,200,0.8,0.5,0.05,47.12388980384689,"[0.35, 0.1, 0.1, 0.1, 0.25]","[0, 0, 0, 1, 0]",numpy
267,0.1692432895109461,0.618025884854243,0.21273082563481088,1.0,267,0.01,2.5e-05,1.0,100,0.35,0.1,200,0.8,0.5,0.05,47.12388980384689,"[0.35, 0.1, 0.1, 0.1, 0.25]","[0, 0, 0, 1, 0]",numpy
268,0.17224049277927928,0.6144171823551202,0.2133423248656006,1.0,268,0.01,2.5e-05,1.0,100,0.35,0.1,200,0.8,0.5,0.05,47.12388980384689,"[0.35, 0.1, 0.1, 0.1, 0.25]","[0, 0, 0, 1, 0]",numpy
269,0.17525048196562817,0.6108239366566304,0.21392558137774143,1.0,269,0.01,2.5e-05,1.0,100,0.35,0.1,200,0.8,0.5,0.05,47.12388980384689,"[0.35, 0.1, 0.1, 0.1, 0.25]","[0, 0, 0, 1, 0]",numpy
270,0.17827273978465405,0.6072464046657566,0.2144808555495892,0.9999999999999999,270,0.01,2.5e-05,1.0,100,0.35,0.1,200,0.8,0.5,0.05,47.12388980384689,"[0.35, 0.1, 0.1, 0.1, 0.25]","[0, 0, 0, 1, 0]",numpy
271,0.18130673295035662,0.6036848325678373,0.21500843448180612,1.0,271,0.01,2.5e-05,1.0,100,0.35,0.1,200,0.8,0.5,0.05,47.12388980384689,"[0.35, 0.1, 0.1, 0.1, 0.25]","[0, 0, 0, 1, 0]",numpy
272,0.18435190860351244,0.6001394667379455,0.215508624658542,1.0,272,0.01,2.5e-05,1.0,100,0.35,0.1,200,0.8,0.5,0.05,47.12388980384689,"[0.35, 0.1, 0.1, 0.1, 0.25]","[0, 0, 0, 1, 0]",numpy
273,0.18740769502695184,0.5966105627021243,0.2159817422709238,1.0,273,0.01,2.5e-05,1.0,100,0.35,0.1,200,0.8,0.5,0.05,47.12388980384689,"[0.35, 0.1, 0.1, 0.1, 0.25]","[0, 0, 0, 1, 0]",numpy
274,0.19047350659995907,0.5930983893028855,0.2164281040971552,0.9999999999999998,274,0.01,2.5e-05,1.0,100,0.35,0.1,200,0.8,0.5,0.05,47.12388980384689,"[0.35, 0.1, 0.1, 0.1, 0.25]","[0, 0, 0, 1, 0]",numpy
275,0.1935487519600814,0.5896032266121635,0.21684802142775503,0.9999999999999999,275,0.01,2.5e-05,1.0,100,0.35,0.1,200,0.8,0.5,0.05,47.12388980384689,"[0.35, 0.1, 0.1, 0.1, 0.25]","[0, 0, 0, 1, 0]",numpy
276,0.19663284356846877,0.5861253580245702,0.21724179840696117,1.0000000000000002,276,0.01,2.5e-05,1.0,100,0.35,0.1,200,0.8,0.5,0.05,47.12388980384689,"[0.35, 0.1, 0.1, 0.1, 0.25]","[0, 0, 0, 1, 0]",numpy
277,0.19972520650899117,0.5826650587725414,0.21760973471846726,0.9999999999999998,277,0.01,2.5e-05,1.0,100,0.35,0.1,200,0.8,0.5,0.05,47.12388980384689,"[0.35, 0.1, 0.1, 0.1, 0.25]","[0, 0, 0, 1, 0]",numpy
278,0.2028252844989506,0.5792225842564651,0.2179521312445843,1.0,278,0.01,2.5e-05,1.0,100,0.35,0.1,200,0.8,0.5,0.05,47.12388980384689,"[0.35, 0.1, 0.1, 0.1, 0.25]","[0, 0, 0, 1, 0]",numpy
279,0.20593254173586753,0.5757981616933665,0.2182692965707659,1.0,279,0.01,2.5e-05,1.0,100,0.35,0.1,200,0.8,0.5,0.05,47.12388980384689,"[0.35, 0.1, 0.1, 0.1, 0.25]","[0, 0, 0, 1, 0]",numpy
280,0.20904646020554038,0.572391987604494,0.21856155218996584,1.0000000000000002,280,0.01,2.5e-05,1.0,100,0.35,0.1,200,0.8,0.5,0.05,47.12388980384689,"[0.35, 0.1, 0.1, 0.1, 0.25]","[0, 0, 0, 1, 0]",numpy
281,0.21216653318475445,0.5690042318887073,0.21882923492653836,1.0,281,0.01,2.5e-05,1.0,100,0.35,0.1,200,0.8,0.5,0.05,47.12388980384689,"[0.35, 0.1, 0.1, 0.1, 0.25]","[0, 0, 0, 1, 0]",numpy
282,0.21529225660554713,0.565635047220753,0.21907269617369984,1.0,282,0.01,2.5e-05,1.0,100,0.35,0.1,200,0.8,0.5,0.05,47.12388980384689,"[0.35, 0.1, 0.1, 0.1, 0.25]","[0, 0, 0, 1, 0]",numpy
283,0.21842312046778256,0.5622845808943374,0.2192922986378801,1.0,283,0.01,2.5e-05,1.0,100,0.35,0.1,200,0.8,0.5,0.05,47.12388980384689,"[0.35, 0.1, 0.1, 0.1, 0.25]","[0, 0, 0, 1, 0]",numpy
284,0.22155860245898146,0.5589529854980717,0.21948841204294706,1.0000000000000002,284,0.01,2.5e-05,1.0,100,0.35,0.1,200,0.8,0.5,0.05,47.12388980384689,"[0.35, 0.1, 0.1, 0.1, 0.25]","[0, 0, 0, 1, 0]",numpy
285,0.22469816536733794,0.5556404251966214,0.21966140943604076,1.0,285,0.01,2.5e-05,1.0,100,0.35,0.1,200,0.8,0.5,0.05,47.12388980384689,"[0.35, 0.1, 0.1, 0.1, 0.25]","[0, 0, 0, 1, 0]",numpy
286,0.22784125889637938,0.5523470757762116,0.21981166532740887,0.9999999999999998,286,0.01,2.5e-05,1.0,100,0.35,0.1,200,0.8,0.5,0.05,47.12388980384689,"[0.35, 0.1, 0.1, 0.1, 0.25]","[0, 0, 0, 1, 0]",numpy
287,0.23098732535960562,0.5490731185688262,0.21993955607156815,1.0,287,0.01,2.5e-05,1.0,100,0.35,0.1,200,0.8,0.5,0.05,47.12388980384689,"[0.35, 0.1, 0.1, 0.1, 0.25]","[0, 0, 0, 1, 0]",numpy
288,0.23413580775326706,0.5458187302675929,0.22004546197914007,1.0,288,0.01,2.5e-05,1.0,100,0.35,0.1,200,0.8,0.5,0.05,47.12388980384689,"[0.35, 0.1, 0.1, 0.1, 0.25]","[0, 0, 0, 1, 0]",numpy
289,0.23728615814271864,0.5425840718798803,0.22012976997740116,1.0,289,0.01,2.5e-05,1.0,100,0.35,0.1,200,0.8,0.5,0.05,47.12388980384689,"[0.35, 0.1, 0.1, 0.1, 0.25]","[0, 0, 0, 1, 0]",numpy
290,0.2404378443026415,0.5393692802548092,0.22019287544254926,1.0,290,0.01,2.5e-05,1.0,100,0.35,0.1,200,0.8,0.5,0.05,47.12388980384689,"[0.35, 0.1, 0.1, 0.1, 0.25]","[0, 0, 0, 1, 0]",numpy
291,0.24359035311312163,0.5361744647346466,0.22023518215223187,1.0,291,0.01,2.5e-05,1.0,100,0.35,0.1,200,0.8,0.5,0.05,47.12388980384689,"[0.35, 0.1, 0.1, 0.1, 0.25]","[0, 0, 0, 1, 0]",numpy
292,0.2467431901694944,0.5329997098185858,0.22025710001191984,1.0,292,0.01,2.5e-05,1.0,100,0.35,0.1,200,0.8,0.5,0.05,47.12388980384689,"[0.35, 0.1, 0.1, 0.1, 0.25]","[0, 0, 0, 1, 0]",numpy
293,0.24989587614742997,0.5298450828247937,0.22025904102777633,1.0,293,0.01,2.5e-05,1.0,100,0.35,0.1,200,0.8,0.5,0.05,47.12388980384689,"[0.35, 0.1, 0.1, 0.1, 0.25]","[0, 0, 0, 1, 0]",numpy
294,0.25304794137205133,0.5267106439929777,0.2202414146349711,1.0000000000000002,294,0.01,2.5e-05,1.0,100,0.35,0.1,200,0.8,0.5,0.05,47.12388980384689,"[0.35, 0.1, 0.1, 0.1, 0.25]","[0, 0, 0, 1, 0]",numpy
295,0.25619892050647386,0.5235964557774921,0.22020462371603405,1.0,295,0.01,2.5e-05,1.0,100,0.35,0.1,200,0.8,0.5,0.05,47.12388980384689,"[0.35, 0.1, 0.1, 0.1, 0.25]","[0, 0, 0, 1, 0]",numpy
296,0.2593483491560153,0.5205025884607135,0.2201490623832712,1.0,296,0.01,2.5e-05,1.0,100,0.35,0.1,200,0.8,0.5,0.05,47.12388980384689,"[0.35, 0.1, 0.1, 0.1, 0.25]","[0, 0, 0, 1, 0]",numpy
297,0.26249576351249565,0.5174291205238816,0.22007511596362284,1.0,297,0.01,2.5e-05,1.0,100,0.35,0.1,200,0.8,0.5,0.05,47.12388980384689,"[0.35, 0.1, 0.1, 0.1, 0.25]","[0, 0, 0, 1, 0]",numpy
298,0.26564070314993815,0.5143761339803735,0.21998316286968836,1.0,298,0.01,2.5e-05,1.0,100,0.35,0.1,200,0.8,0.5,0.05,47.12388980384689,"[0.35, 0.1, 0.1, 0.1, 0.25]","[0, 0, 0, 1, 0]",numpy
299,0.26878271604658793,0.5113437064948758,0.21987357745853628,1.0,299,0.01,2.5e-05,1.0,100,0.35,0.1,200,0.8,0.5,0.05,47.12388980384689,"[0.35, 0.1, 0.1, 0.1, 0.25]","[0, 0, 0, 1, 0]",numpy
300,0.2719213641619439,0.5083319030640451,0.21974673277401094,0.9999999999999999,300,0.01,2.5e-05,1.0,100,0.35,0.1,200,0.8,0.5,0.05,47.12388980384689,"[0.35, 0.1, 0.1, 0.1, 0.25]","[0, 0, 0, 1, 0]",numpy
301,0.275056227655497,0.5053407700639337,0.21960300228056934,1.0,301,0.01,2.5e-05,1.0,100,0.35,0.1,200,0.8,0.5,0.05,47.12388980384689,"[0.35, 0.1, 0.1, 0.1, 0.25]","[0, 0, 0, 1, 0]",numpy
302,0.27818690616373043,0.5023703336256289,0.21944276021064052,0.9999999999999998,302,0.01,2.5e-05,1.0,100,0.35,0.1,200,0.8,0.5,0.05,47.12388980384689,"[0.35, 0.1, 0.1, 0.1, 0.25]","[0, 0, 0, 1, 0]",numpy
303,0.2813130163683009,0.49942060288436,0.21926638074733898,1.0,303,0.01,2.5e-05,1.0,100,0.35,0.1,200,0.8,0.5,0.05,47.12388980384689,"[0.35, 0.1, 0.1, 0.1, 0.25]","[0, 0, 0, 1, 0]",numpy
304,0.28443418617127997,0.4964915771124771,0.2190742367162429,1.0,304,0.01,2.5e-05,1.0,100,0.35,0.1,200,0.8,0.5,0.05,47.12388980384689,"[0.35, 0.1, 0.1, 0.1, 0.25]","[0, 0, 0, 1, 0]",numpy
305,0.28755004683770463,0.4935832545684413,0.21886669859385374,0.9999999999999997,305,0.01,2.5e-05,1.0,100,0.35,0.1,200,0.8,0.5,0.05,47.12388980384689,"[0.35, 0.1, 0.1, 0.1, 0.25]","[0, 0, 0, 1, 0]",numpy
306,0.2906602251676561,0.4906956404156641,0.21864413441667976,1.0,306,0.01,2.5e-05,1.0,100,0.35,0.1,200,0.8,0.5,0.05,47.12388980384689,"[0.35, 0.1, 0.1, 0.1, 0.25]","[0, 0, 0, 1, 0]",numpy
307,0.2937643379141379,0.48782875137980874,0.2184069107060535,1.0000000000000002,307,0.01,2.5e-05,1.0,100,0.35,0.1,200,0.8,0.5,0.05,47.12388980384689,"[0.35, 0.1, 0.1, 0.1, 0.25]","[0, 0, 0, 1, 0]",numpy
308,0.2968619902160995,0.48498261576041063,0.2181553940234899,1.0,308,0.01,2.5e-05,1.0,100,0.35,0.1,200,0.8,0.5,0.05,47.12388980384689,"[0.35, 0.1, 0.1, 0.1, 0.25]","[0, 0, 0, 1, 0]",numpy
309,0.29995277885673227,0.4821572686954487,0.21788995244781906,1.0,309,0.01,2.5e-05,1.0,100,0.35,0.1,200,0.8,0.5,0.05,47.12388980384689,"[0.35, 0.1, 0.1, 0.1, 0.25]","[0, 0, 0, 1, 0]",numpy
310,0.3030362998791734,0.4793527438946658,0.2176109562261608,1.0,310,0.01,2.5e-05,1.0,100,0.35,0.1,200,0.8,0.5,0.05,47.12388980384689,"[0.35, 0.1, 0.1, 0.1, 0.25]","[0, 0, 0, 1, 0]",numpy
311,0.30611215878112746,0.4765690641350289,0.21731877708384337,0.9999999999999998,311,0.01,2.5e-05,1.0,100,0.35,0.1,200,0.8,0.5,0.05,47.12388980384689,"[0.35, 0.1, 0.1, 0.1, 0.25]","[0, 0, 0, 1, 0]",numpy
312,0.30917998054512214,0.4738062333518225,0.2170137861030554,1.0,312,0.01,2.5e-05,1.0,100,0.35,0.1,200,0.8,0.5,0.05,47.12388980384689,"[0.35, 0.1, 0.1, 0.1, 0.25]","[0, 0, 0, 1, 0]",numpy
313,0.31223941654554427,0.4710642328549959,0.21669635059945994,1.0,313,0.01,2.5e-05,1.0,100,0.35,0.1,200,0.8,0.5,0.05,47.12388980384689,"[0.35, 0.1, 0.1, 0.1, 0.25]","[0, 0, 0, 1, 0]",numpy
314,0.31529014614895085,0.46834302293237035,0.21636683091867875,1.0,314,0.01,2.5e-05,1.0,100,0.35,0.1,200,0.8,0.5,0.05,47.12388980384689,"[0.35, 0.1, 0.1, 0.1, 0.25]","[0, 0, 0, 1, 0]",numpy
315,0.31833187244388655,0.46564254920527254,0.21602557835084102,1.0,315,0.01,2.5e-05,1.0,100,0.35,0.1,200,0.8,0.5,0.05,47.12388980384689,"[0.35, 0.1, 0.1, 0.1, 0.25]","[0, 0, 0, 1, 0]",numpy
316,0.32136431341731875,0.4629627513853575,0.2156729351973238,1.0,316,0.01,2.5e-05,1.0,100,0.35,0.1,200,0.8,0.5,0.05,47.12388980384689,"[0.35, 0.1, 0.1, 0.1, 0.25]","[0, 0, 0, 1, 0]",numpy
317,0.3243871912945211,0.4603035713735969,0.21530923733188193,0.9999999999999999,317,0.01,2.5e-05,1.0,100,0.35,0.1,200,0.8,0.5,0.05,47.12388980384689,"[0.35, 0.1, 0.1, 0.1, 0.25]","[0, 0, 0, 1, 0]",numpy
318,0.3274002231958314,0.45766495821427283,0.21493481858989566,1.0,318,0.01,2.5e-05,1.0,100,0.35,0.1,200,0.8,0.5,0.05,47.12388980384689,"[0.35, 0.1, 0.1, 0.1, 0.25]","[0, 0, 0, 1, 0]",numpy
319,0.33040311571095277,0.4550468688425736,0.21455001544647379,1.0,319,0.01,2.5e-05,1.0,100,0.35,0.1,200,0.8,0.5,0.05,47.12388980384689,"[0.35, 0.1, 0.1, 0.1, 0.25]","[0, 0, 0, 1, 0]",numpy
320,0.3333955647517974,0.45244926511191963,0.21415517013628288,0.9999999999999999,320,0.01,2.5e-05,1.0,100,0.35,0.1,200,0.8,0.5,0.05,47.12388980384689,"[0.35, 0.1, 0.1, 0.1, 0.25]","[0, 0, 0, 1, 0]",numpy
321,0.33637726052512046,0.4498721086837544,0.21375063079112536,1.0000000000000002,321,0.01,2.5e-05,1.0,100,0.35,0.1,200,0.8,0.5,0.05,47.12388980384689,"[0.35, 0.1, 0.1, 0.1, 0.25]","[0, 0, 0, 1, 0]",numpy
322,0.33934789605317167,0.44731535577823983,0.21333674816858855,1.0,322,0.01,2.5e-05,1.0,100,0.35,0.1,200,0.8,0.5,0.05,47.12388980384689,"[0.35, 0.1, 0.1, 0.1, 0.25]","[0, 0, 0, 1, 0]",numpy
323,0.3423071766998463,0.44477895355882513,0.21291386974132862,1.0,323,0.01,2.5e-05,1.0,100,0.35,0.1,200,0.8,0.5,0.05,47.12388980384689,"[0.35, 0.1, 0.1, 0.1, 0.25]","[0, 0, 0, 1, 0]",numpy
324,0.34525482788820067,0.4422628392259829,0.21248233288581642,1.0,324,0.01,2.5e-05,1.0,100,0.35,0.1,200,0.8,0.5,0.05,47.12388980384689,"[0.35, 0.1, 0.1, 0.1, 0.25]","[0, 0, 0, 1, 0]",numpy
325,0.34819059873549196,0.43976694194081223,0.21204245932369567,0.9999999999999999,325,0.01,2.5e-05,1.0,100,0.35,0.1,200,0.8,0.5,0.05,47.12388980384689,"[0.35, 0.1, 0.1, 0.1, 0.25]","[0, 0, 0, 1, 0]",numpy
326,0.3511142605748284,0.43729118673824907,0.21159455268692254,1.0,326,0.01,2.5e-05,1.0,100,0.35,0.1,200,0.8,0.5,0.05,47.12388980384689,"[0.35, 0.1, 0.1, 0.1, 0.25]","[0, 0, 0, 1, 0]",numpy
327,0.3540256009212734,0.43483549890947165,0.2111389001692549,1.0,327,0.01,2.5e-05,1.0,100,0.35,0.1,200,0.8,0.5,0.05,47.12388980384689,"[0.35, 0.1, 0.1, 0.1, 0.25]","[0, 0, 0, 1, 0]",numpy
328,0.3569244148554852,0.43239980719584487,0.21067577794866982,0.9999999999999998,328,0.01,2.5e-05,1.0,100,0.35,0.1,200,0.8,0.5,0.05,47.12388980384689,"[0.35, 0.1, 0.1, 0.1, 0.25]","[0, 0, 0, 1, 0]",numpy
329,0.3598104965511571,0.4299840446436224,0.2102054588052205,1.0,329,0.01,2.5e-05,1.0,100,0.35,0.1,200,0.8,0.5,0.05,47.12388980384689,"[0.35, 0.1, 0.1, 0.1, 0.25]","[0, 0, 0, 1, 0]",numpy
330,0.3626836335204152,0.42758814693913083,0.2097282195404539,0.9999999999999999,330,0.01,2.5e-05,1.0,100,0.35,0.1,200,0.8,0.5,0.05,47.12388980384689,"[0.35, 0.1, 0.1, 0.1, 0.25]","[0, 0, 0, 1, 0]",numpy
331,0.36554360520191964,0.4252120490435591,0.20924434575452133,1.0,331,0.01,2.5e-05,1.0,100,0.35,0.1,200,0.8,0.5,0.05,47.12388980384689,"[0.35, 0.1, 0.1, 0.1, 0.25]","[0, 0, 0, 1, 0]",numpy
332,0.3683901861522526,0.42285568150718417,0.2087541323405632,1.0,332,0.01,2.5e-05,1.0,100,0.35,0.1,200,0.8,0.5,0.05,47.12388980384689,"[0.35, 0.1, 0.1, 0.1, 0.25]","[0, 0, 0, 1, 0]",numpy
333,0.3712231527734426,0.42051896775334574,0.20825787947321175,1.0,333,0.01,2.5e-05,1.0,100,0.35,0.1,200,0.8,0.5,0.05,47.12388980384689,"[0.35, 0.1, 0.1, 0.1, 0.25]","[0, 0, 0, 1, 0]",numpy
334,0.3740422915526687,0.4182018230558931,0.20775588539143836,1.0000000000000002,334,0.01,2.5e-05,1.0,100,0.35,0.1,200,0.8,0.5,0.05,47.12388980384689,"[0.35, 0.1, 0.1, 0.1, 0.25]","[0, 0, 0, 1, 0]",numpy
335,0.3768474063755228,0.4159041552893859,0.20724843833509118,0.9999999999999998,335,0.01,2.5e-05,1.0,100,0.35,0.1,200,0.8,0.5,0.05,47.12388980384689,"[0.35, 0.1, 0.1, 0.1, 0.25]","[0, 0, 0, 1, 0]",numpy
336,0.37963832267598824,0.4136258671112956,0.20673581021271614,1.0,336,0.01,2.5e-05,1.0,100,0.35,0.1,200,0.8,0.5,0.05,47.12388980384689,"[0.35, 0.1, 0.1, 0.1, 0.25]","[0, 0, 0, 1, 0]",numpy
337,0.3824148870220884,0.41136685904944126,0.2062182539284702,0.9999999999999999,337,0.01,2.5e-05,1.0,100,0.35,0.1,200,0.8,0.5,0.05,47.12388980384689,"[0.35, 0.1, 0.1, 0.1, 0.25]","[0, 0, 0, 1, 0]",numpy
338,0.38517696208754826,0.40912703284669666,0.20569600506575486,0.9999999999999998,338,0.01,2.5e-05,1.0,100,0.35,0.1,200,0.8,0.5,0.05,47.12388980384689,"[0.35, 0.1, 0.1, 0.1, 0.25]","[0, 0, 0, 1, 0]",numpy
339,0.3879244184566764,0.40690629430142916,0.20516928724189434,1.0,339,0.01,2.5e-05,1.0,100,0.35,0.1,200,0.8,0.5,0.05,47.12388980384689,"[0.35, 0.1, 0.1, 0.1, 0.25]","[0, 0, 0, 1, 0]",numpy
340,0.39065712577491485,0.40470455491828,0.20463831930680507,1.0,340,0.01,2.5e-05,1.0,100,0.35,0.1,200,0.8,0.5,0.05,47.12388980384689,"[0.35, 0.1, 0.1, 0.1, 0.25]","[0, 0, 0, 1, 0]",numpy
341,0.3933749458998552,0.4025217321447908,0.2041033219553538,0.9999999999999999,341,0.01,2.5e-05,1.0,100,0.35,0.1,200,0.8,0.5,0.05,47.12388980384689,"[0.35, 0.1, 0.1, 0.1, 0.25]","[0, 0, 0, 1, 0]",numpy
342,0.3960777298826017,0.40035774865631096,0.20356452146108747,1.0000000000000002,342,0.01,2.5e-05,1.0,100,0.35,0.1,200,0.8,0.5,0.05,47.12388980384689,"[0.35, 0.1, 0.1, 0.1, 0.25]","[0, 0, 0, 1, 0]",numpy
343,0.398765319307526,0.3982125315046634,0.20302214918781053,1.0,343,0.01,2.5e-05,1.0,100,0.35,0.1,200,0.8,0.5,0.05,47.12388980384689,"[0.35, 0.1, 0.1, 0.1, 0.25]","[0, 0, 0, 1, 0]",numpy
344,0.40143755140650994,0.39608601149695005,0.20247643709654017,1.0000000000000002,344,0.01,2.5e-05,1.0,100,0.35,0.1,200,0.8,0.5,0.05,47.12388980384689,"[0.35, 0.1, 0.1, 0.1, 0.25]","[0, 0, 0, 1, 0]",numpy
345,0.40409426674292603,0.3939781221791516,0.20192761107792265,1.0000000000000004,345,0.01,2.5e-05,1.0,100,0.35,0.1,200,0.8,0.5,0.05,47.12388980384689,"[0.35, 0.1, 0.1, 0.1, 0.25]","[0, 0, 0, 1, 0]",numpy
346,0.40673531791111645,0.39188879723181097,0.20137588485707256,1.0,346,0.01,2.5e-05,1.0,100,0.35,0.1,200,0.8,0.5,0.05,47.12388980384689,"[0.35, 0.1, 0.1, 0.1, 0.25]","[0, 0, 0, 1, 0]",numpy
347,0.4093605773068348,0.38981796574889327,0.20082145694427203,1.0,347,0.01,2.5e-05,1.0,100,0.35,0.1,200,0.8,0.5,0.05,47.12388980384689,"[0.35, 0.1, 0.1, 0.1, 0.25]","[0, 0, 0, 1, 0]",numpy
348,0.4119699416622259,0.3877655466011936,0.20026451173658044,1.0,348,0.01,2.5e-05,1.0,100,0.35,0.1,200,0.8,0.5,0.05,47.12388980384689,"[0.35, 0.1, 0.1, 0.1, 0.25]","[0, 0, 0, 1, 0]",numpy
349,0.41456333128062367,0.3857314446069949,0.1997052241123815,1.0,349,0.01,2.5e-05,1.0,100,0.35,0.1,200,0.8,0.5,0.05,47.12388980384689,"[0.35, 0.1, 0.1, 0.1, 0.25]","[0, 0, 0, 1, 0]",numpy
350,0.41714068347521055,0.3837155508562229,0.19914376566856629,0.9999999999999998,350,0.01,2.5e-05,1.0,100,0.35,0.1,200,0.8,0.5,0.05,47.12388980384689,"[0.35, 0.1, 0.1, 0.1, 0.25]","[0, 0, 0, 1, 0]",numpy
351,0.4197019423941721,0.3817177469813505,0.1985803106244774,1.0,351,0.01,2.5e-05,1.0,100,0.35,0.1,200,0.8,0.5,0.05,47.12388980384689,"[0.35, 0.1, 0.1, 0.1, 0.25]","[0, 0, 0, 1, 0]",numpy
352,0.42224704945554487,0.3797379106004549,0.19801503994400022,1.0,352,0.01,2.5e-05,1.0,100,0.35,0.1,200,0.8,0.5,0.05,47.12388980384689,"[0.35, 0.1, 0.1, 0.1, 0.25]","[0, 0, 0, 1, 0]",numpy
353,0.4247759382714479,0.377775919002142,0.19744814272641026,1.0,353,0.01,2.5e-05,1.0,100,0.35,0.1,200,0.8,0.5,0.05,47.12388980384689,"[0.35, 0.1, 0.1, 0.1, 0.25]","[0, 0, 0, 1, 0]",numpy
354,0.4272885354967664,0.3758316501630381,0.19687981434019552,1.0,354,0.01,2.5e-05,1.0,100,0.35,0.1,200,0.8,0.5,0.05,47.12388980384689,"[0.35, 0.1, 0.1, 0.1, 0.25]","[0, 0, 0, 1, 0]",numpy
355,0.42978476642175417,0.37390498205088535,0.19631025152736056,1.0,355,0.01,2.5e-05,1.0,100,0.35,0.1,200,0.8,0.5,0.05,47.12388980384689,"[0.35, 0.1, 0.1, 0.1, 0.25]","[0, 0, 0, 1, 0]",numpy
356,0.43226456280174536,0.37199579139827443,0.19573964579998013,0.9999999999999999,356,0.01,2.5e-05,1.0,100,0.35,0.1,200,0.8,0.5,0.05,47.12388980384689,"[0.35, 0.1, 0.1, 0.1, 0.25]","[0, 0, 0, 1, 0]",numpy
357,0.4347278703406953,0.37010395237475685,0.19516817728454788,1.0,357,0.01,2.5e-05,1.0,100,0.35,0.1,200,0.8,0.5,0.05,47.12388980384689,"[0.35, 0.1, 0.1, 0.1, 0.25]","[0, 0, 0, 1, 0]",numpy
358,0.43717465365290104,0.3682293352311984,0.19459601111590047,0.9999999999999999,358,0.01,2.5e-05,1.0,100,0.35,0.1,200,0.8,0.5,0.05,47.12388980384689,"[0.35, 0.1, 0.1, 0.1, 0.25]","[0, 0, 0, 1, 0]",numpy
359,0.4396048970602706,0.3663718054492759,0.19402329749045355,1.0,359,0.01,2.5e-05,1.0,100,0.35,0.1,200,0.8,0.5,0.05,47.12388980384689,"[0.35, 0.1, 0.1, 0.1, 0.25]","[0, 0, 0, 1, 0]",numpy
360,0.4420186004965086,0.36453122439999774,0.19345017510349374,1.0,360,0.01,2.5e-05,1.0,100,0.35,0.1,200,0.8,0.5,0.05,47.12388980384689,"[0.35, 0.1, 0.1, 0.1, 0.25]","[0, 0, 0, 1, 0]",numpy
361,0.4444157712908572,0.3627074521161336,0.19287677659300909,0.9999999999999998,361,0.01,2.5e-05,1.0,100,0.35,0.1,200,0.8,0.5,0.05,47.12388980384689,"[0.35, 0.1, 0.1, 0.1, 0.25]","[0, 0, 0, 1, 0]",numpy
362,0.4467964142587855,0.3609003515910951,0.19230323415011952,1.0000000000000002,362,0.01,2.5e-05,1.0,100,0.35,0.1,200,0.8,0.5,0.05,47.12388980384689,"[0.35, 0.1, 0.1, 0.1, 0.25]","[0, 0, 0, 1, 0]",numpy
363,0.44916052343494667,0.3591097929712064,0.19172968359384696,1.0,363,0.01,2.5e-05,1.0,100,0.35,0.1,200,0.8,0.5,0.05,47.12388980384689,"[0.35, 0.1, 0.1, 0.1, 0.25]","[0, 0, 0, 1, 0]",numpy
364,0.4515080783124325,0.35733565595358013,0.1911562657339874,1.0,364,0.01,2.5e-05,1.0,100,0.35,0.1,200,0.8,0.5,0.05,47.12388980384689,"[0.35, 0.1, 0.1, 0.1, 0.25]","[0, 0, 0, 1, 0]",numpy
365,0.4538390457861948,0.35557782961756385,0.19058312459624116,0.9999999999999998,365,0.01,2.5e-05,1.0,100,0.35,0.1,200,0.8,0.5,0.05,47.12388980384689,"[0.35, 0.1, 0.1, 0.1, 0.25]","[0, 0, 0, 1, 0]",numpy
366,0.45615338700924,0.35383621003159466,0.19001040295916527,1.0,366,0.01,2.5e-05,1.0,100,0.35,0.1,200,0.8,0.5,0.05,47.12388980384689,"[0.35, 0.1, 0.1, 0.1, 0.25]","[0, 0, 0, 1, 0]",numpy
367,0.4584510669707593,0.3521106965359332,0.1894382364933074,0.9999999999999999,367,0.01,2.5e-05,1.0,100,0.35,0.1,200,0.8,0.5,0.05,47.12388980384689,"[0.35, 0.1, 0.1, 0.1, 0.25]","[0, 0, 0, 1, 0]",numpy
368,0.4607320641646759,0.35040118752083704,0.18886674831448694,0.9999999999999999,368,0.01,2.5e-05,1.0,100,0.35,0.1,200,0.8,0.5,0.05,47.12388980384689,"[0.35, 0.1, 0.1, 0.1, 0.25]","[0, 0, 0, 1, 0]",numpy
369,0.4629963780044476,0.3487075763157537,0.18829604567979852,0.9999999999999998,369,0.01,2.5e-05,1.0,100,0.35,0.1,200,0.8,0.5,0.05,47.12388980384689,"[0.35, 0.1, 0.1, 0.1, 0.25]","[0, 0, 0, 1, 0]",numpy
370,0.4652440322582705,0.3470297479287217,0.18772621981300788,1.0,370,0.01,2.5e-05,1.0,100,0.35,0.1,200,0.8,0.5,0.05,47.12388980384689,"[0.35, 0.1, 0.1, 0.1, 0.25]","[0, 0, 0, 1, 0]",numpy
371,0.4674750735884298,0.34536757767047077,0.18715734874109943,1.0,371,0.01,2.5e-05,1.0,100,0.35,0.1,200,0.8,0.5,0.05,47.12388980384689,"[0.35, 0.1, 0.1, 0.1, 0.25]","[0, 0, 0, 1, 0]",numpy
372,0.46968956537517703,0.3437209325708696,0.18658950205395336,1.0,372,0.01,2.5e-05,1.0,100,0.35,0.1,200,0.8,0.5,0.05,47.12388980384689,"[0.35, 0.1, 0.1, 0.1, 0.25]","[0, 0, 0, 1, 0]",numpy
373,0.47188757833562106,0.3420896756101861,0.18602274605419275,0.9999999999999999,373,0.01,2.5e-05,1.0,100,0.35,0.1,200,0.8,0.5,0.05,47.12388980384689,"[0.35, 0.1, 0.1, 0.1, 0.25]","[0, 0, 0, 1, 0]",numpy
374,0.4740691805551528,0.34047367153761726,0.18545714790722997,1.0,374,0.01,2.5e-05,1.0,100,0.35,0.1,200,0.8,0.5,0.05,47.12388980384689,"[0.35, 0.1, 0.1, 0.1, 0.25]","[0, 0, 0, 1, 0]",numpy
375,0.47623442980713054,0.33887279228043193,0.18489277791243763,1.0000000000000002,375,0.01,2.5e-05,1.0,100,0.35,0.1,200,0.8,0.5,0.05,47.12388980384689,"[0.35, 0.1, 0.1, 0.1, 0.25]","[0, 0, 0, 1, 0]",numpy
376,0.4783833701885706,0.3372869201913627,0.1843297096200669,1.0000000000000002,376,0.01,2.5e-05,1.0,100,0.35,0.1,200,0.8,0.5,0.05,47.12388980384689,"[0.35, 0.1, 0.1, 0.1, 0.25]","[0, 0, 0, 1, 0]",numpy
377,0.48051603354691785,0.33571594838974766,0.18376801806333462,1.0000000000000002,377,0.01,2.5e-05,1.0,100,0.35,0.1,200,0.8,0.5,0.05,47.12388980384689,"[0.35, 0.1, 0.1, 0.1, 0.25]","[0, 0, 0, 1, 0]",numpy
378,0.4826324446974321,0.3341597784832997,0.18320777681926828,1.0,378,0.01,2.5e-05,1.0,100,0.35,0.1,200,0.8,0.5,0.05,47.12388980384689,"[0.35, 0.1, 0.1, 0.1, 0.25]","[0, 0, 0, 1, 0]",numpy
379,0.4847326286101705,0.33261831648885903,0.18264905490097047,1.0,379,0.01,2.5e-05,1.0,100,0.35,0.1,200,0.8,0.5,0.05,47.12388980384689,"[0.35, 0.1, 0.1, 0.1, 0.25]","[0, 0, 0, 1, 0]",numpy
380,0.48681661762313844,0.3310914678718179,0.18209191450504372,1.0,380,0.01,2.5e-05,1.0,100,0.35,0.1,200,0.8,0.5,0.05,47.12388980384689,"[0.35, 0.1, 0.1, 0.1, 0.25]","[0, 0, 0, 1, 0]",numpy
381,0.48888445700819366,0.3295791326719153,0.1815364103198911,1.0,381,0.01,2.5e-05,1.0,100,0.35,0.1,200,0.8,0.5,0.05,47.12388980384689,"[0.35, 0.1, 0.1, 0.1, 0.25]","[0, 0, 0, 1, 0]",numpy
382,0.49093620764807305,0.3280812018117494,0.18098259054017757,1.0,382,0.01,2.5e-05,1.0,100,0.35,0.1,200,0.8,0.5,0.05,47.12388980384689,"[0.35, 0.1, 0.1, 0.1, 0.25]","[0, 0, 0, 1, 0]",numpy
383,0.49297194520237925,0.3265975556152174,0.18043049918240345,1.0,383,0.01,2.5e-05,1.0,100,0.35,0.1,200,0.8,0.5,0.05,47.12388980384689,"[0.35, 0.1, 0.1, 0.1, 0.25]","[0, 0, 0, 1, 0]",numpy
384,0.49499175601813294,0.3251280649832926,0.17988017899857436,0.9999999999999999,384,0.01,2.5e-05,1.0,100,0.35,0.1,200,0.8,0.5,0.05,47.12388980384689,"[0.35, 0.1, 0.1, 0.1, 0.25]","[0, 0, 0, 1, 0]",numpy
385,0.4969957309952212,0.3236725947009367,0.17933167430384217,1.0,385,0.01,2.5e-05,1.0,100,0.35,0.1,200,0.8,0.5,0.05,47.12388980384689,"[0.35, 0.1, 0.1, 0.1, 0.25]","[0, 0, 0, 1, 0]",numpy
386,0.49898395922022193,0.32223100753647105,0.17878503324330702,1.0,386,0.01,2.5e-05,1.0,100,0.35,0.1,200,0.8,0.5,0.05,47.12388980384689,"[0.35, 0.1, 0.1, 0.1, 0.25]","[0, 0, 0, 1, 0]",numpy
387,0.5009565230941114,0.3208031676594108,0.17824030924647785,1.0,387,0.01,2.5e-05,1.0,100,0.35,0.1,200,0.8,0.5,0.05,47.12388980384689,"[0.35, 0.1, 0.1, 0.1, 0.25]","[0, 0, 0, 1, 0]",numpy
388,0.5029134959671276,0.31938894245693905,0.17769756157593328,1.0,388,0.01,2.5e-05,1.0,100,0.35,0.1,200,0.8,0.5,0.05,47.12388980384689,"[0.35, 0.1, 0.1, 0.1, 0.25]","[0, 0, 0, 1, 0]",numpy
389,0.5048549423882888,0.31798820260673105,0.17715685500498,0.9999999999999998,389,0.01,2.5e-05,1.0,100,0.35,0.1,200,0.8,0.5,0.05,47.12388980384689,"[0.35, 0.1, 0.1, 0.1, 0.25]","[0, 0, 0, 1, 0]",numpy
390,0.5067809204117714,0.3166008207811141,0.1766182588071145,1.0,390,0.01,2.5e-05,1.0,100,0.35,0.1,200,0.8,0.5,0.05,47.12388980384689,"[0.35, 0.1, 0.1, 0.1, 0.25]","[0, 0, 0, 1, 0]",numpy
391,0.5086914851072734,0.31522666950936223,0.1760818453833643,0.9999999999999998,391,0.01,2.5e-05,1.0,100,0.35,0.1,200,0.8,0.5,0.05,47.12388980384689,"[0.35, 0.1, 0.1, 0.1, 0.25]","[0, 0, 0, 1, 0]",numpy
392,0.51058669235298,0.3138656187332382,0.1755476889137819,1.0000000000000002,392,0.01,2.5e-05,1.0,100,0.35,0.1,200,0.8,0.5,0.05,47.12388980384689,"[0.35, 0.1, 0.1, 0.1, 0.25]","[0, 0, 0, 1, 0]",numpy
393,0.5124666020052595,0.31251753363940454,0.1750158643553359,1.0,393,0.01,2.5e-05,1.0,100,0.35,0.1,200,0.8,0.5,0.05,47.12388980384689,"[0.35, 0.1, 0.1, 0.1, 0.25]","[0, 0, 0, 1, 0]",numpy
394,0.5143312796777664,0.3111822733579565,0.17448644696427723,1.0000000000000002,394,0.01,2.5e-05,1.0,100,0.35,0.1,200,0.8,0.5,0.05,47.12388980384689,"[0.35, 0.1, 0.1, 0.1, 0.25]","[0, 0, 0, 1, 0]",numpy
395,0.5161807967420997,0.3098596908807724,0.1739595123771281,1.0000000000000002,395,0.01,2.5e-05,1.0,100,0.35,0.1,200,0.8,0.5,0.05,47.12388980384689,"[0.35, 0.1, 0.1, 0.1, 0.25]","[0, 0, 0, 1, 0]",numpy
396,0.5180152287456948,0.30854963408093183,0.1734351371733734,1.0,396,0.01,2.5e-05,1.0,100,0.35,0.1,200,0.8,0.5,0.05,47.12388980384689,"[0.35, 0.1, 0.1, 0.1, 0.25]","[0, 0, 0, 1, 0]",numpy
397,0.5198346529716097,0.30725194729813066,0.1729133997302596,0.9999999999999999,397,0.01,2.5e-05,1.0,100,0.35,0.1,200,0.8,0.5,0.05,47.12388980384689,"[0.35, 0.1, 0.1, 0.1, 0.25]","[0, 0, 0, 1, 0]",numpy
398,0.5216391460580078,0.3059664729093178,0.17239438103267457,1.0,398,0.01,2.5e-05,1.0,100,0.35,0.1,200,0.8,0.5,0.05,47.12388980384689,"[0.35, 0.1, 0.1, 0.1, 0.25]","[0, 0, 0, 1, 0]",numpy
399,0.5234287824021079,0.30469305263601726,0.17187816496187489,1.0,399,0.01,2.5e-05,1.0,100,0.35,0.1,200,0.8,0.5,0.05,47.12388980384689,"[0.35, 0.1, 0.1, 0.1, 0.25]","[0, 0, 0, 1, 0]",numpy
400,0.525203633705154,0.3034315287301743,0.17136483756467172,1.0,400,0.01,2.5e-05,1.0,100,0.35,0.1,200,0.8,0.5,0.05,47.12388980384689,"[0.35, 0.1, 0.1, 0.1, 0.25]","[0, 0, 0, 1, 0]",numpy
401,0.5269637697245448,0.3021817452942183,0.17085448498123693,1.0,401,0.01,2.5e-05,1.0,100,0.35,0.1,200,0.8,0.5,0.05,47.12388980384689,"[0.35, 0.1, 0.1, 0.1, 0.25]","[0, 0, 0, 1, 0]",numpy
402,0.5287092601569139,0.30094354978655596,0.1703471900565303,1.0000000000000002,402,0.01,2.5e-05,1.0,100,0.35,0.1,200,0.8,0.5,0.05,47.12388980384689,"[0.35, 0.1, 0.1, 0.1, 0.25]","[0, 0, 0, 1, 0]",numpy
403,0.5304401774676302,0.2997167944861283,0.16984302804624152,1.0,403,0.01,2.5e-05,1.0,100,0.35,0.1,200,0.8,0.5,0.05,47.12388980384689,"[0.35, 0.1, 0.1, 0.1, 0.25]","[0, 0, 0, 1, 0]",numpy
404,0.5321566003007536,0.2985013375953574,0.16934206210388905,1.0,404,0.01,2.5e-05,1.0,100,0.35,0.1,200,0.8,0.5,0.05,47.12388980384689,"[0.35, 0.1, 0.1, 0.1, 0.25]","[0, 0, 0, 1, 0]",numpy
405,0.5338586169016484,0.2972970437826205,0.16884433931573115,1.0,405,0.01,2.5e-05,1.0,100,0.35,0.1,200,0.8,0.5,0.05,47.12388980384689,"[0.35, 0.1, 0.1, 0.1, 0.25]","[0, 0, 0, 1, 0]",numpy
406,0.5355463279240009,0.2961037841459445,0.16834988793005465,1.0,406,0.01,2.5e-05,1.0,100,0.35,0.1,200,0.8,0.5,0.05,47.12388980384689,"[0.35, 0.1, 0.1, 0.1, 0.25]","[0, 0, 0, 1, 0]",numpy
407,0.537219848160912,0.29492143568836815,0.16785871615072004,1.0,407,0.01,2.5e-05,1.0,100,0.35,0.1,200,0.8,0.5,0.05,47.12388980384689,"[0.35, 0.1, 0.1, 0.1, 0.25]","[0, 0, 0, 1, 0]",numpy
408,0.5388793070444323,0.2937498804607144,0.16737081249485328,1.0,408,0.01,2.5e-05,1.0,100,0.35,0.1,200,0.8,0.5,0.05,47.12388980384689,"[0.35, 0.1, 0.1, 0.1, 0.25]","[0, 0, 0, 1, 0]",numpy
409,0.5405248480190848,0.29258900464170506,0.1668861473392101,1.0,409,0.01,2.5e-05,1.0,100,0.35,0.1,200,0.8,0.5,0.05,47.12388980384689,"[0.35, 0.1, 0.1, 0.1, 0.25]","[0, 0, 0, 1, 0]",numpy
410,0.5421566270207876,0.29143869796045707,0.1664046750187553,1.0,410,0.01,2.5e-05,1.0,100,0.35,0.1,200,0.8,0.5,0.05,47.12388980384689,"[0.35, 0.1, 0.1, 0.1, 0.25]","[0, 0, 0, 1, 0]",numpy
411,0.5437748103438588,0.2902988538463314,0.16592633580980973,1.0,411,0.01,2.5e-05,1.0,100,0.35,0.1,200,0.8,0.5,0.05,47.12388980384689,"[0.35, 0.1, 0.1, 0.1, 0.25]","[0, 0, 0, 1, 0]",numpy
412,0.5453795722546886,0.2891693703805078,0.1654510573648038,1.0000000000000002,412,0.01,2.5e-05,1.0,100,0.35,0.1,200,0.8,0.5,0.05,47.12388980384689,"[0.35, 0.1, 0.1, 0.1, 0.25]","[0, 0, 0, 1, 0]",numpy
413,0.5469710928000223,0.2880501516275131,0.16497875557246458,1.0,413,0.01,2.5e-05,1.0,100,0.35,0.1,200,0.8,0.5,0.05,47.12388980384689,"[0.35, 0.1, 0.1, 0.1, 0.25]","[0, 0, 0, 1, 0]",numpy
414,0.548549556236543,0.28694110855815846,0.16450933520529856,1.0,414,0.01,2.5e-05,1.0,100,0.35,0.1,200,0.8,0.5,0.05,47.12388980384689,"[0.35, 0.1, 0.1, 0.1, 0.25]","[0, 0, 0, 1, 0]",numpy
415,0.5501151502912274,0.2858421588066418,0.16404269090213086,1.0,415,0.01,2.5e-05,1.0,100,0.35,0.1,200,0.8,0.5,0.05,47.12388980384689,"[0.35, 0.1, 0.1, 0.1, 0.25]","[0, 0, 0, 1, 0]",numpy
416,0.5516680661303872,0.28475322492935373,0.1635787089402591,1.0,416,0.01,2.5e-05,1.0,100,0.35,0.1,200,0.8,0.5,0.05,47.12388980384689,"[0.35, 0.1, 0.1, 0.1, 0.25]","[0, 0, 0, 1, 0]",numpy
417,0.5532084986664034,0.2836742314003046,0.16311726993329184,1.0,417,0.01,2.5e-05,1.0,100,0.35,0.1,200,0.8,0.5,0.05,47.12388980384689,"[0.35, 0.1, 0.1, 0.1, 0.25]","[0, 0, 0, 1, 0]",numpy
418,0.5547366467971282,0.2826051010200492,0.16265825218282245,0.9999999999999999,418,0.01,2.5e-05,1.0,100,0.35,0.1,200,0.8,0.5,0.05,47.12388980384689,"[0.35, 0.1, 0.1, 0.1, 0.25]","[0, 0, 0, 1, 0]",numpy
419,0.556252713310774,0.2815457516216296,0.16220153506759638,1.0,419,0.01,2.5e-05,1.0,100,0.35,0.1,200,0.8,0.5,0.05,47.12388980384689,"[0.35, 0.1, 0.1, 0.1, 0.25]","[0, 0, 0, 1, 0]",numpy
420,0.5577569043558246,0.28049609393970426,0.16174700170447115,1.0,420,0.01,2.5e-05,1.0,100,0.35,0.1,200,0.8,0.5,0.05,47.12388980384689,"[0.35, 0.1, 0.1, 0.1, 0.25]","[0, 0, 0, 1, 0]",numpy
421,0.5592494284866404,0.27945603126363644,0.16129454024972315,1.0,421,0.01,2.5e-05,1.0,100,0.35,0.1,200,0.8,0.5,0.05,47.12388980384689,"[0.35, 0.1, 0.1, 0.1, 0.25]","[0, 0, 0, 1, 0]",numpy
422,0.5607304953776235,0.2784254609860662,0.16084404363631033,1.0,422,0.01,2.5e-05,1.0,100,0.35,0.1,200,0.8,0.5,0.05,47.12388980384689,"[0.35, 0.1, 0.1, 0.1, 0.25]","[0, 0, 0, 1, 0]",numpy
423,0.562200314390201,0.27740427745805923,0.16039540815173964,0.9999999999999998,423,0.01,2.5e-05,1.0,100,0.35,0.1,200,0.8,0.5,0.05,47.12388980384689,"[0.35, 0.1, 0.1, 0.1, 0.25]","[0, 0, 0, 1, 0]",numpy
424,0.5636590932239802,0.27639237494794844,0.15994853182807145,1.0,424,0.01,2.5e-05,1.0,100,0.35,0.1,200,0.8,0.5,0.05,47.12388980384689,"[0.35, 0.1, 0.1, 0.1, 0.25]","[0, 0, 0, 1, 0]",numpy
425,0.5651070367824624,0.2753896493285091,0.15950331388902841,1.0,425,0.01,2.5e-05,1.0,100,0.35,0.1,200,0.8,0.5,0.05,47.12388980384689,"[0.35, 0.1, 0.1, 0.1, 0.25]","[0, 0, 0, 1, 0]",numpy
426,0.5665443461239985,0.2743959975495963,0.15905965632640523,1.0,426,0.01,2.5e-05,1.0,100,0.35,0.1,200,0.8,0.5,0.05,47.12388980384689,"[0.35, 0.1, 0.1, 0.1, 0.25]","[0, 0, 0, 1, 0]",numpy
427,0.5679712170958806,0.2734113148186603,0.1586174680854591,1.0,427,0.01,2.5e-05,1.0,100,0.35,0.1,200,0.8,0.5,0.05,47.12388980384689,"[0.35, 0.1, 0.1, 0.1, 0.25]","[0, 0, 0, 1, 0]",numpy
428,0.5693878381565055,0.2724354903264342,0.1581766715170603,1.0,428,0.01,2.5e-05,1.0,100,0.35,0.1,200,0.8,0.5,0.05,47.12388980384689,"[0.35, 0.1, 0.1, 0.1, 0.25]","[0, 0, 0, 1, 0]",numpy
429,0.5707943870496348,0.27146840297970354,0.15773720997066157,0.9999999999999999,429,0.01,2.5e-05,1.0,100,0.35,0.1,200,0.8,0.5,0.05,47.12388980384689,"[0.35, 0.1, 0.1, 0.1, 0.25]","[0, 0, 0, 1, 0]",numpy
430,0.5721910263122415,0.27050991878113734,0.15729905490662105,0.9999999999999998,430,0.01,2.5e-05,1.0,100,0.35,0.1,200,0.8,0.5,0.05,47.12388980384689,"[0.35, 0.1, 0.1, 0.1, 0.25]","[0, 0, 0, 1, 0]",numpy
431,0.5735778979228795,0.26955989121159546,0.156862210865525,1.0,431,0.01,2.5e-05,1.0,100,0.35,0.1,200,0.8,0.5,0.05,47.12388980384689,"[0.35, 0.1, 0.1, 0.1, 0.25]","[0, 0, 0, 1, 0]",numpy
432,0.5749551176453572,0.26861816526811066,0.15642671708653222,1.0,432,0.01,2.5e-05,1.0,100,0.35,0.1,200,0.8,0.5,0.05,47.12388980384689,"[0.35, 0.1, 0.1, 0.1, 0.25]","[0, 0, 0, 1, 0]",numpy
433,0.5763227697752837,0.2676845848193007,0.15599264540541558,1.0,433,0.01,2.5e-05,1.0,100,0.35,0.1,200,0.8,0.5,0.05,47.12388980384689,"[0.35, 0.1, 0.1, 0.1, 0.25]","[0, 0, 0, 1, 0]",numpy
434,0.5776809030274106,0.26675900193758306,0.15556009503500642,1.0,434,0.01,2.5e-05,1.0,100,0.35,0.1,200,0.8,0.5,0.05,47.12388980384689,"[0.35, 0.1, 0.1, 0.1, 0.25]","[0, 0, 0, 1, 0]",numpy
435,0.579029528147848,0.26584128623185577,0.15512918562029615,1.0,435,0.01,2.5e-05,1.0,100,0.35,0.1,200,0.8,0.5,0.05,47.12388980384689,"[0.35, 0.1, 0.1, 0.1, 0.25]","[0, 0, 0, 1, 0]",numpy
436,0.5803686174774612,0.2649313322144486,0.1547000503080902,1.0,436,0.01,2.5e-05,1.0,100,0.35,0.1,200,0.8,0.5,0.05,47.12388980384689,"[0.35, 0.1, 0.1, 0.1, 0.25]","[0, 0, 0, 1, 0]",numpy
437,0.5816981062305687,0.2640290633901454,0.15427283037928602,1.0000000000000002,437,0.01,2.5e-05,1.0,100,0.35,0.1,200,0.8,0.5,0.05,47.12388980384689,"[0.35, 0.1, 0.1, 0.1, 0.25]","[0, 0, 0, 1, 0]",numpy
438,0.5830178948728577,0.2631344327713916,0.15384767235575098,1.0000000000000002,438,0.01,2.5e-05,1.0,100,0.35,0.1,200,0.8,0.5,0.05,47.12388980384689,"[0.35, 0.1, 0.1, 0.1, 0.25]","[0, 0, 0, 1, 0]",numpy
439,0.5843278518379795,0.2622474205109649,0.15342472765105553,1.0,439,0.01,2.5e-05,1.0,100,0.35,0.1,200,0.8,0.5,0.05,47.12388980384689,"[0.35, 0.1, 0.1, 0.1, 0.25]","[0, 0, 0, 1, 0]",numpy
440,0.5856278159529408,0.26136802997449854,0.15300415407256046,0.9999999999999998,440,0.01,2.5e-05,1.0,100,0.35,0.1,200,0.8,0.5,0.05,47.12388980384689,"[0.35, 0.1, 0.1, 0.1, 0.25]","[0, 0, 0, 1, 0]",numpy
441,0.586917598289494,0.26049628366623667,0.15258611804426944,1.0,441,0.01,2.5e-05,1.0,100,0.35,0.1,200,0.8,0.5,0.05,47.12388980384689,"[0.35, 0.1, 0.1, 0.1, 0.25]","[0, 0, 0, 1, 0]",numpy
442,0.5881969836066171,0.2596322199717094,0.1521707964216735,1.0,442,0.01,2.5e-05,1.0,100,0.35,0.1,200,0.8,0.5,0.05,47.12388980384689,"[0.35, 0.1, 0.1, 0.1, 0.25]","[0, 0, 0, 1, 0]",numpy
443,0.5894657319381706,0.25877589090681063,0.15175837715501891,1.0000000000000002,443,0.01,2.5e-05,1.0,100,0.35,0.1,200,0.8,0.5,0.05,47.12388980384689,"[0.35, 0.1, 0.1, 0.1, 0.25]","[0, 0, 0, 1, 0]",numpy
444,0.5907235810947965,0.25792736027179136,0.1513490586334119,0.9999999999999998,444,0.01,2.5e-05,1.0,100,0.35,0.1,200,0.8,0.5,0.05,47.12388980384689,"[0.35, 0.1, 0.1, 0.1, 0.25]","[0, 0, 0, 1, 0]",numpy
445,0.5919702509036426,0.25708670102284537,0.1509430480735121,1.0,445,0.01,2.5e-05,1.0,100,0.35,0.1,200,0.8,0.5,0.05,47.12388980384689,"[0.35, 0.1, 0.1, 0.1, 0.25]","[0, 0, 0, 1, 0]",numpy
446,0.5932054498084933,0.2562539906261906,0.1505405595653161,1.0,446,0.01,2.5e-05,1.0,100,0.35,0.1,200,0.8,0.5,0.05,47.12388980384689,"[0.35, 0.1, 0.1, 0.1, 0.25]","[0, 0, 0, 1, 0]",numpy
447,0.5944288836526956,0.25542930417854687,0.1501418121687576,1.0000000000000002,447,0.01,2.5e-05,1.0,100,0.35,0.1,200,0.8,0.5,0.05,47.12388980384689,"[0.35, 0.1, 0.1, 0.1, 0.25]","[0, 0, 0, 1, 0]",numpy
448,0.5956402651701815,0.2546127069762931,0.14974702785352548,1.0,448,0.01,2.5e-05,1.0,100,0.35,0.1,200,0.8,0.5,0.05,47.12388980384689,"[0.35, 0.1, 0.1, 0.1, 0.25]","[0, 0, 0, 1, 0]",numpy
449,0.5968393220241696,0.25380424942390556,0.14935642855192466,0.9999999999999998,449,0.01,2.5e-05,1.0,100,0.35,0.1,200,0.8,0.5,0.05,47.12388980384689,"[0.35, 0.1, 0.1, 0.1, 0.25]","[0, 0, 0, 1, 0]",numpy
450,0.5980258021462224,0.2530039662400389,0.14897023161373876,1.0,450,0.01,2.5e-05,1.0,100,0.35,0.1,200,0.8,0.5,0.05,47.12388980384689,"[0.35, 0.1, 0.1, 0.1, 0.25]","[0, 0, 0, 1, 0]",numpy
451,0.599199476949566,0.2522118795562831,0.14858864349415093,1.0,451,0.01,2.5e-05,1.0,100,0.35,0.1,200,0.8,0.5,0.05,47.12388980384689,"[0.35, 0.1, 0.1, 0.1, 0.25]","[0, 0, 0, 1, 0]",numpy
452,0.6003601439131987,0.2514280039340554,0.14821185215274593,1.0,452,0.01,2.5e-05,1.0,100,0.35,0.1,200,0.8,0.5,0.05,47.12388980384689,"[0.35, 0.1, 0.1, 0.1, 0.25]","[0, 0, 0, 1, 0]",numpy
453,0.6015076294256744,0.25065235145028,0.14784001912404565,1.0,453,0.01,2.5e-05,1.0,100,0.35,0.1,200,0.8,0.5,0.05,47.12388980384689,"[0.35, 0.1, 0.1, 0.1, 0.25]","[0, 0, 0, 1, 0]",numpy
454,0.6026417917156244,0.24988493571860496,0.14747327256577095,1.0000000000000002,454,0.01,2.5e-05,1.0,100,0.35,0.1,200,0.8,0.5,0.05,47.12388980384689,"[0.35, 0.1, 0.1, 0.1, 0.25]","[0, 0, 0, 1, 0]",numpy
455,0.6037625232383654,0.24912577398841648,0.14711170277321792,0.9999999999999999,455,0.01,2.5e-05,1.0,100,0.35,0.1,200,0.8,0.5,0.05,47.12388980384689,"[0.35, 0.1, 0.1, 0.1, 0.25]","[0, 0, 0, 1, 0]",numpy
456,0.604869752086358,0.24837488645010286,0.14675536146353946,1.0000000000000004,456,0.01,2.5e-05,1.0,100,0.35,0.1,200,0.8,0.5,0.05,47.12388980384689,"[0.35, 0.1, 0.1, 0.1, 0.25]","[0, 0, 0, 1, 0]",numpy
457,0.6059634424121911,0.24763229214707946,0.14640426544072913,0.9999999999999998,457,0.01,2.5e-05,1.0,100,0.35,0.1,200,0.8,0.5,0.05,47.12388980384689,"[0.35, 0.1, 0.1, 0.1, 0.25]","[0, 0, 0, 1, 0]",numpy
458,0.6070435941950625,0.24689800164181397,0.1460584041631236,1.0,458,0.01,2.5e-05,1.0,100,0.35,0.1,200,0.8,0.5,0.05,47.12388980384689,"[0.35, 0.1, 0.1, 0.1, 0.25]","[0, 0, 0, 1, 0]",numpy
459,0.6081102428675246,0.24617200754238672,0.14571774959008868,1.0,459,0.01,2.5e-05,1.0,100,0.35,0.1,200,0.8,0.5,0.05,47.12388980384689,"[0.35, 0.1, 0.1, 0.1, 0.25]","[0, 0, 0, 1, 0]",numpy
460,0.6091634593596292,0.24545427474451095,0.14538226589585984,1.0,460,0.01,2.5e-05,1.0,100,0.35,0.1,200,0.8,0.5,0.05,47.12388980384689,"[0.35, 0.1, 0.1, 0.1, 0.25]","[0, 0, 0, 1, 0]",numpy
461,0.6102033510287663,0.24474473244980516,0.14505191652142832,0.9999999999999998,461,0.01,2.5e-05,1.0,100,0.35,0.1,200,0.8,0.5,0.05,47.12388980384689,"[0.35, 0.1, 0.1, 0.1, 0.25]","[0, 0, 0, 1, 0]",numpy
462,0.611230063739095,0.24404326957603598,0.14472666668486892,0.9999999999999999,462,0.01,2.5e-05,1.0,100,0.35,0.1,200,0.8,0.5,0.05,47.12388980384689,"[0.35, 0.1, 0.1, 0.1, 0.25]","[0, 0, 0, 1, 0]",numpy
463,0.6122437850573286,0.2433497342229612,0.14440648071971013,0.9999999999999998,463,0.01,2.5e-05,1.0,100,0.35,0.1,200,0.8,0.5,0.05,47.12388980384689,"[0.35, 0.1, 0.1, 0.1, 0.25]","[0, 0, 0, 1, 0]",numpy
464,0.6132447481877957,0.24266393672876604,0.14409131508343823,1.0,464,0.01,2.5e-05,1.0,100,0.35,0.1,200,0.8,0.5,0.05,47.12388980384689,"[0.35, 0.1, 0.1, 0.1, 0.25]","[0, 0, 0, 1, 0]",numpy
465,0.6142332359584046,0.24198565492638188,0.14378110911521336,0.9999999999999999,465,0.01,2.5e-05,1.0,100,0.35,0.1,200,0.8,0.5,0.05,47.12388980384689,"[0.35, 0.1, 0.1, 0.1, 0.25]","[0, 0, 0, 1, 0]",numpy
466,0.6152095839897946,0.24131463977423787,0.1434757762359674,0.9999999999999999,466,0.01,2.5e-05,1.0,100,0.35,0.1,200,0.8,0.5,0.05,47.12388980384689,"[0.35, 0.1, 0.1, 0.1, 0.25]","[0, 0, 0, 1, 0]",numpy
467,0.6161741822072742,0.2406506197078897,0.1431751980848364,1.0000000000000002,467,0.01,2.5e-05,1.0,100,0.35,0.1,200,0.8,0.5,0.05,47.12388980384689,"[0.35, 0.1, 0.1, 0.1, 0.25]","[0, 0, 0, 1, 0]",numpy
468,0.6171274740969501,0.23999330276272784,0.14287922314032211,1.0,468,0.01,2.5e-05,1.0,100,0.35,0.1,200,0.8,0.5,0.05,47.12388980384689,"[0.35, 0.1, 0.1, 0.1, 0.25]","[0, 0, 0, 1, 0]",numpy
469,0.618069953505348,0.2393423765068303,0.14258766998782174,1.0,469,0.01,2.5e-05,1.0,100,0.35,0.1,200,0.8,0.5,0.05,47.12388980384689,"[0.35, 0.1, 0.1, 0.1, 0.25]","[0, 0, 0, 1, 0]",numpy
470,0.6190021592459504,0.2386975067394632,0.14230033401458644,1.0,470,0.01,2.5e-05,1.0,100,0.35,0.1,200,0.8,0.5,0.05,47.12388980384689,"[0.35, 0.1, 0.1, 0.1, 0.25]","[0, 0, 0, 1, 0]",numpy
471,0.6199246682066716,0.23805833641476665,0.14201699537856188,1.0,471,0.01,2.5e-05,1.0,100,0.35,0.1,200,0.8,0.5,0.05,47.12388980384689,"[0.35, 0.1, 0.1, 0.1, 0.25]","[0, 0, 0, 1, 0]",numpy
472,0.6208380879352944,0.23742448617716486,0.1417374258875408,1.0,472,0.01,2.5e-05,1.0,100,0.35,0.1,200,0.8,0.5,0.05,47.12388980384689,"[0.35, 0.1, 0.1, 0.1, 0.25]","[0, 0, 0, 1, 0]",numpy
473,0.6217430497026303,0.2367955573337964,0.1414613929635733,1.0,473,0.01,2.5e-05,1.0,100,0.35,0.1,200,0.8,0.5,0.05,47.12388980384689,"[0.35, 0.1, 0.1, 0.1, 0.25]","[0, 0, 0, 1, 0]",numpy
474,0.6226402027592912,0.23617113730998693,0.1411886599307218,1.0,474,0.01,2.5e-05,1.0,100,0.35,0.1,200,0.8,0.5,0.05,47.12388980384689,"[0.35, 0.1, 0.1, 0.1, 0.25]","[0, 0, 0, 1, 0]",numpy
475,0.6235302099943163,0.23555080693018013,0.14091898307550332,0.9999999999999998,475,0.01,2.5e-05,1.0,100,0.35,0.1,200,0.8,0.5,0.05,47.12388980384689,"[0.35, 0.1, 0.1, 0.1, 0.25]","[0, 0, 0, 1, 0]",numpy
476,0.6244137446618913,0.234934148445606,0.14065210689250268,1.0,476,0.01,2.5e-05,1.0,100,0.35,0.1,200,0.8,0.5,0.05,47.12388980384689,"[0.35, 0.1, 0.1, 0.1, 0.25]","[0, 0, 0, 1, 0]",numpy
477,0.6252914874561717,0.2343207531962469,0.1403877593475814,1.0,477,0.01,2.5e-05,1.0,100,0.35,0.1,200,0.8,0.5,0.05,47.12388980384689,"[0.35, 0.1, 0.1, 0.1, 0.25]","[0, 0, 0, 1, 0]",numpy
478,0.6261641230845371,0.23371022815765377,0.1401256487578089,0.9999999999999997,478,0.01,2.5e-05,1.0,100,0.35,0.1,200,0.8,0.5,0.05,47.12388980384689,"[0.35, 0.1, 0.1, 0.1, 0.25]","[0, 0, 0, 1, 0]",numpy
479,0.6270323356288959,0.2331022012612145,0.13986546310988965,1.0,479,0.01,2.5e-05,1.0,100,0.35,0.1,200,0.8,0.5,0.05,47.12388980384689,"[0.35, 0.1, 0.1, 0.1, 0.25]","[0, 0, 0, 1, 0]",numpy
480,0.6278968023648529,0.23249632601998144,0.1396068716151656,1.0,480,0.01,2.5e-05,1.0,100,0.35,0.1,200,0.8,0.5,0.05,47.12388980384689,"[0.35, 0.1, 0.1, 0.1, 0.25]","[0, 0, 0, 1, 0]",numpy
481,0.6287581862611682,0.2318922863250466,0.1393495274137853,1.0,481,0.01,2.5e-05,1.0,100,0.35,0.1,200,0.8,0.5,0.05,47.12388980384689,"[0.35, 0.1, 0.1, 0.1, 0.25]","[0, 0, 0, 1, 0]",numpy
482,0.6296171279499564,0.231289802128307,0.1390930699217366,1.0,482,0.01,2.5e-05,1.0,100,0.35,0.1,200,0.8,0.5,0.05,47.12388980384689,"[0.35, 0.1, 0.1, 0.1, 0.25]","[0, 0, 0, 1, 0]",numpy
483,0.6304742383036663,0.23068863618502047,0.13883712551131303,0.9999999999999998,483,0.01,2.5e-05,1.0,100,0.35,0.1,200,0.8,0.5,0.05,47.12388980384689,"[0.35, 0.1, 0.1, 0.1, 0.25]","[0, 0, 0, 1, 0]",numpy
484,0.6313300926810448,0.23008860136992362,0.13858130594903156,0.9999999999999999,484,0.01,2.5e-05,1.0,100,0.35,0.1,200,0.8,0.5,0.05,47.12388980384689,"[0.35, 0.1, 0.1, 0.1, 0.25]","[0, 0, 0, 1, 0]",numpy
485,0.6321852273997048,0.2294895675864706,0.13832520501382436,0.9999999999999998,485,0.01,2.5e-05,1.0,100,0.35,0.1,200,0.8,0.5,0.05,47.12388980384689,"[0.35, 0.1, 0.1, 0.1, 0.25]","[0, 0, 0, 1, 0]",numpy
486,0.6330401382532902,0.22889146713048686,0.13806839461622308,1.0000000000000002,486,0.01,2.5e-05,1.0,100,0.35,0.1,200,0.8,0.5,0.05,47.12388980384689,"[0.35, 0.1, 0.1, 0.1, 0.25]","[0, 0, 0, 1, 0]",numpy
487,0.633895280197739,0.22829429760273168,0.1378104221995295,1.0,487,0.01,2.5e-05,1.0,100,0.35,0.1,200,0.8,0.5,0.05,47.12388980384689,"[0.35, 0.1, 0.1, 0.1, 0.25]","[0, 0, 0, 1, 0]",numpy
488,0.6347510669119222,0.2276981220467165,0.1375508110413614,1.0,488,0.01,2.5e-05,1.0,100,0.35,0.1,200,0.8,0.5,0.05,47.12388980384689,"[0.35, 0.1, 0.1, 0.1, 0.25]","[0, 0, 0, 1, 0]",numpy
489,0.6356078689216554,0.22710306674367403,0.13728906433467034,0.9999999999999998,489,0.01,2.5e-05,1.0,100,0.35,0.1,200,0.8,0.5,0.05,47.12388980384689,"[0.35, 0.1, 0.1, 0.1, 0.25]","[0, 0, 0, 1, 0]",numpy
490,0.6364660094051864,0.2265093177118613,0.13702467288295242,1.0,490,0.01,2.5e-05,1.0,100,0.35,0.1,200,0.8,0.5,0.05,47.12388980384689,"[0.35, 0.1, 0.1, 0.1, 0.25]","[0, 0, 0, 1, 0]",numpy
491,0.6373257576071976,0.22591711710782317,0.13675712528497933,1.0,491,0.01,2.5e-05,1.0,100,0.35,0.1,200,0.8,0.5,0.05,47.12388980384689,"[0.35, 0.1, 0.1, 0.1, 0.25]","[0, 0, 0, 1, 0]",numpy
492,0.6381873207533396,0.22532676029149046,0.13648591895517,1.0,492,0.01,2.5e-05,1.0,100,0.35,0.1,200,0.8,0.5,0.05,47.12388980384689,"[0.35, 0.1, 0.1, 0.1, 0.25]","[0, 0, 0, 1, 0]",numpy
493,0.639050836126123,0.22473859348397457,0.13621057038990259,1.0000000000000002,493,0.01,2.5e-05,1.0,100,0.35,0.1,200,0.8,0.5,0.05,47.12388980384689,"[0.35, 0.1, 0.1, 0.1, 0.25]","[0, 0, 0, 1, 0]",numpy
494,0.6399163652150986,0.22415301110427366,0.13593062368062783,1.0,494,0.01,2.5e-05,1.0,100,0.35,0.1,200,0.8,0.5,0.05,47.12388980384689,"[0.35, 0.1, 0.1, 0.1, 0.25]","[0, 0, 0, 1, 0]",numpy
495,0.6407838914798717,0.22357045138028078,0.13564565713984755,1.0,495,0.01,2.5e-05,1.0,100,0.35,0.1,200,0.8,0.5,0.05,47.12388980384689,"[0.35, 0.1, 0.1, 0.1, 0.25]","[0, 0, 0, 1, 0]",numpy
496,0.6416533224079795,0.22299138887988387,0.1353552887121366,0.9999999999999999,496,0.01,2.5e-05,1.0,100,0.35,0.1,200,0.8,0.5,0.05,47.12388980384689,"[0.35, 0.1, 0.1, 0.1, 0.25]","[0, 0, 0, 1, 0]",numpy
497,0.6425244954972552,0.22241632320896432,0.13505918129378058,1.0,497,0.01,2.5e-05,1.0,100,0.35,0.1,200,0.8,0.5,0.05,47.12388980384689,"[0.35, 0.1, 0.1, 0.1, 0.25]","[0, 0, 0, 1, 0]",numpy
498,0.6433971868323369,0.22184576413708026,0.13475704903058275,0.9999999999999999,498,0.01,2.5e-05,1.0,100,0.35,0.1,200,0.8,0.5,0.05,47.12388980384689,"[0.35, 0.1, 0.1, 0.1, 0.25]","[0, 0, 0, 1, 0]",numpy
499,0.6442711202877022,0.22128021455459018,0.13444866515770773,1.0,499,0.01,2.5e-05,1.0,100,0.35,0.1,200,0.8,0.5,0.05,47.12388980384689,"[0.35, 0.1, 0.1, 0.1, 0.25]","[0, 0, 0, 1, 0]",numpy
