,tunnelSteppingTest40::Probabilities::PostRegion,tunnelSteppingTest40::Probabilities::IntraRegion,tunnelSteppingTest40::Probabilities::PreRegion,tunnelSteppingTest40::FrameCount,tunnelSteppingTest40::SpaceStep,tunnelSteppingTest40::TimeStep,tunnelSteppingTest40::PointCount,tunnelSteppingTest40::RegionLength::PostRegion,tunnelSteppingTest40::RegionLength::IntraRegion,tunnelSteppingTest40::RegionLength::PreRegion,tunnelSteppingTest41::Probabilities::PostRegion,tunnelSteppingTest41::Probabilities::IntraRegion,tunnelSteppingTest41::Probabilities::PreRegion,tunnelSteppingTest41::FrameCount,tunnelSteppingTest41::SpaceStep,tunnelSteppingTest41::TimeStep,tunnelSteppingTest41::PointCount,tunnelSteppingTest41::RegionLength::PostRegion,tunnelSteppingTest41::RegionLength::IntraRegion,tunnelSteppingTest41::RegionLength::PreRegion,tunnelSteppingTest42::Probabilities::PostRegion,tunnelSteppingTest42::Probabilities::IntraRegion,tunnelSteppingTest42::Probabilities::PreRegion,tunnelSteppingTest42::FrameCount,tunnelSteppingTest42::SpaceStep,tunnelSteppingTest42::TimeStep,tunnelSteppingTest42::PointCount,tunnelSteppingTest42::RegionLength::PostRegion,tunnelSteppingTest42::RegionLength::IntraRegion,tunnelSteppingTest42::RegionLength::PreRegion
0,3.4245704889377907e-73,0.5240828179698618,0.4759171820301381,200,0.1,0.0025000000000000005,200,0.35,0.44999999999999996,0.2,3.4245704889377907e-73,0.5240828179698618,0.4759171820301381,200,0.1,0.0025000000000000005,200,0.35,0.44999999999999996,0.2,3.4245704889377907e-73,0.5240828179698618,0.4759171820301381,200,0.1,0.0025000000000000005,200,0.35,0.44999999999999996,0.2
1,1.7193250742288805e-62,0.5523642886079717,0.44763571139202846,200,0.1,0.0025000000000000005,200,0.35,0.44999999999999996,0.2,1.7187672019334097e-61,0.5523642885967349,0.44763571140326514,200,0.1,0.0025000000000000005,200,0.35,0.44999999999999996,0.2,3.6045093799278414e-63,0.5518480557088588,0.4481519442911411,200,0.1,0.0025000000000000005,200,0.35,0.44999999999999996,0.2
2,9.274534546044037e-61,0.5803731906108649,0.419626809389135,200,0.1,0.0025000000000000005,200,0.35,0.44999999999999996,0.2,9.775075364485353e-60,0.5803731906173516,0.4196268093826485,200,0.1,0.0025000000000000005,200,0.35,0.44999999999999996,0.2,2.9576925466675743e-61,0.5813508197132233,0.4186491802867768,200,0.1,0.0025000000000000005,200,0.35,0.44999999999999996,0.2
3,2.518888074079943e-59,0.6079642311524753,0.39203576884752483,200,0.1,0.0025000000000000005,200,0.35,0.44999999999999996,0.2,2.7720793190488678e-58,0.6079642312014159,0.3920357687985843,200,0.1,0.0025000000000000005,200,0.35,0.44999999999999996,0.2,1.2248051399297573e-59,0.609503465609253,0.3904965343907471,200,0.1,0.0025000000000000005,200,0.35,0.44999999999999996,0.2
4,4.6273146693629206e-58,0.6349989269904921,0.36500107300950757,200,0.1,0.0025000000000000005,200,0.35,0.44999999999999996,0.2,5.230567966573245e-57,0.6349989271072722,0.3650010728927277,200,0.1,0.0025000000000000005,200,0.35,0.44999999999999996,0.2,3.4174854313525366e-58,0.6341700877261015,0.36582991227389855,200,0.1,0.0025000000000000005,200,0.35,0.44999999999999996,0.2
5,6.526104466487708e-57,0.6613477658869975,0.3386522341130023,200,0.1,0.0025000000000000005,200,0.35,0.44999999999999996,0.2,7.393272137548005e-56,0.6613477661000282,0.3386522338999717,200,0.1,0.0025000000000000005,200,0.35,0.44999999999999996,0.2,7.242480898063878e-57,0.6548635594990714,0.34513644050092857,200,0.1,0.0025000000000000005,200,0.35,0.44999999999999996,0.2
6,7.601668862617453e-56,0.6868921226840772,0.3131078773159231,200,0.1,0.0025000000000000005,200,0.35,0.44999999999999996,0.2,8.356582121382377e-55,0.6868921230246992,0.31310787697530074,200,0.1,0.0025000000000000005,200,0.35,0.44999999999999996,0.2,1.2452303116423872e-55,0.6724484611167959,0.32755153888320426,200,0.1,0.0025000000000000005,200,0.35,0.44999999999999996,0.2
7,7.666098267430552e-55,0.7115258824505776,0.28847411754942237,200,0.1,0.0025000000000000005,200,0.35,0.44999999999999996,0.2,7.873607815213612e-54,0.711525882951011,0.28847411704898906,200,0.1,0.0025000000000000005,200,0.35,0.44999999999999996,0.2,1.8069306196887607e-54,0.6880068749498924,0.3119931250501077,200,0.1,0.0025000000000000005,200,0.35,0.44999999999999996,0.2
8,6.912801248203021e-54,0.7351567341712537,0.2648432658287464,200,0.1,0.0025000000000000005,200,0.35,0.44999999999999996,0.2,6.365021942324643e-53,0.7351567348611378,0.26484326513886214,200,0.1,0.0025000000000000005,200,0.35,0.44999999999999996,0.2,2.267008805525829e-53,0.7022278868091978,0.29777211319080243,200,0.1,0.0025000000000000005,200,0.35,0.44999999999999996,0.2
9,5.713965747496053e-53,0.7577071106139655,0.2422928893860345,200,0.1,0.0025000000000000005,200,0.35,0.44999999999999996,0.2,4.509189792543045e-52,0.7577071115155255,0.24229288848447447,200,0.1,0.0025000000000000005,200,0.35,0.44999999999999996,0.2,2.5031058701911924e-52,0.7155664417389911,0.2844335582610086,200,0.1,0.0025000000000000005,200,0.35,0.44999999999999996,0.2
10,4.4287453246491244e-52,0.779114762711191,0.22088523728880927,200,0.1,0.0025000000000000005,200,0.35,0.44999999999999996,0.2,2.84471193290233e-51,0.7791147638324607,0.22088523616753925,200,0.1,0.0025000000000000005,200,0.35,0.44999999999999996,0.2,2.4667340617575976e-51,0.7282793616004544,0.27172063839954574,200,0.1,0.0025000000000000005,200,0.35,0.44999999999999996,0.2
11,3.2862411470362644e-51,0.7993329694477175,0.20066703055228244,200,0.1,0.0025000000000000005,200,0.35,0.44999999999999996,0.2,1.6179134785315139e-50,0.7993329707729774,0.2006670292270227,200,0.1,0.0025000000000000005,200,0.35,0.44999999999999996,0.2,2.1833371144253735e-50,0.7399870080872805,0.26001299191271954,200,0.1,0.0025000000000000005,200,0.35,0.44999999999999996,0.2
12,2.3664607544501587e-50,0.8183303963000563,0.1816696036999438,200,0.1,0.0025000000000000005,200,0.35,0.44999999999999996,0.2,8.37210501730748e-50,0.8183303977764812,0.18166960222351888,200,0.1,0.0025000000000000005,200,0.35,0.44999999999999996,0.2,1.737682701901602e-49,0.7488304498931876,0.25116955010681236,200,0.1,0.0025000000000000005,200,0.35,0.44999999999999996,0.2
13,1.657151149694595e-49,0.8360906262213689,0.1639093737786309,200,0.1,0.0025000000000000005,200,0.35,0.44999999999999996,0.2,3.965946290325236e-49,0.8360906277410297,0.16390937225897054,200,0.1,0.0025000000000000005,200,0.35,0.44999999999999996,0.2,1.2503741400763606e-48,0.7541000020906241,0.245899997909376,200,0.1,0.0025000000000000005,200,0.35,0.44999999999999996,0.2
14,1.1210012455386334e-48,0.8526113965837622,0.14738860341623775,200,0.1,0.0025000000000000005,200,0.35,0.44999999999999996,0.2,1.7241715487532054e-48,0.852611397960413,0.14738860203958717,200,0.1,0.0025000000000000005,200,0.35,0.44999999999999996,0.2,8.160233322621926e-48,0.7568453640474829,0.24315463595251696,200,0.1,0.0025000000000000005,200,0.35,0.44999999999999996,0.2
15,7.265181235925255e-48,0.8679035830505556,0.1320964169494446,200,0.1,0.0025000000000000005,200,0.35,0.44999999999999996,0.2,6.858787463367489e-48,0.8679035839909394,0.13209641600906033,200,0.1,0.0025000000000000005,200,0.35,0.44999999999999996,0.2,4.827060320223279e-47,0.7575981544378106,0.2424018455621895,200,0.1,0.0025000000000000005,200,0.35,0.44999999999999996,0.2
16,4.486731129295218e-47,0.8819899768378099,0.11801002316219034,200,0.1,0.0025000000000000005,200,0.35,0.44999999999999996,0.2,2.4654870109950955e-47,0.8819899769075237,0.11801002309247643,200,0.1,0.0025000000000000005,200,0.35,0.44999999999999996,0.2,2.615111832606949e-46,0.7568598701430278,0.24314012985697217,200,0.1,0.0025000000000000005,200,0.35,0.44999999999999996,0.2
17,2.6351613775589935e-46,0.8949039051354952,0.10509609486450475,200,0.1,0.0025000000000000005,200,0.35,0.44999999999999996,0.2,7.792904718560782e-47,0.8949039037197966,0.10509609628020336,200,0.1,0.0025000000000000005,200,0.35,0.44999999999999996,0.2,1.3310474829223776e-45,0.7549156589648288,0.24508434103517115,200,0.1,0.0025000000000000005,200,0.35,0.44999999999999996,0.2
18,1.4725819058370545e-45,0.9066877456062231,0.09331225439377692,200,0.1,0.0025000000000000005,200,0.35,0.44999999999999996,0.2,2.187525035739052e-46,0.906687741866544,0.09331225813345594,200,0.1,0.0025000000000000005,200,0.35,0.44999999999999996,0.2,6.82888227552876e-45,0.7529570932647205,0.24704290673527932,200,0.1,0.0025000000000000005,200,0.35,0.44999999999999996,0.2
19,7.84352000399841e-45,0.9173913849803849,0.08260861501961486,200,0.1,0.0025000000000000005,200,0.35,0.44999999999999996,0.2,9.09918439920273e-46,0.9173913778076953,0.08260862219230428,200,0.1,0.0025000000000000005,200,0.35,0.44999999999999996,0.2,3.912921518031973e-44,0.7502932510536368,0.24970674894636294,200,0.1,0.0025000000000000005,200,0.35,0.44999999999999996,0.2
20,3.9911881079970774e-44,0.9270706690286257,0.0729293309713744,200,0.1,0.0025000000000000005,200,0.35,0.44999999999999996,0.2,6.609945698155061e-45,0.9270706569951902,0.0729293430048098,200,0.1,0.0025000000000000005,200,0.35,0.44999999999999996,0.2,2.470975604907297e-43,0.7472345866432587,0.2527654133567412,200,0.1,0.0025000000000000005,200,0.35,0.44999999999999996,0.2
21,1.944956971537204e-43,0.9357858868960521,0.06421411310394802,200,0.1,0.0025000000000000005,200,0.35,0.44999999999999996,0.2,4.466854541825098e-44,0.9357858682074736,0.06421413179252657,200,0.1,0.0025000000000000005,200,0.35,0.44999999999999996,0.2,1.551962864788648e-42,0.745178893187389,0.25482110681261105,200,0.1,0.0025000000000000005,200,0.35,0.44999999999999996,0.2
22,9.098329332123866e-43,0.9436003272590572,0.056399672740942805,200,0.1,0.0025000000000000005,200,0.35,0.44999999999999996,0.2,2.6671760359348886e-43,0.9436002997087731,0.05639970029122707,200,0.1,0.0025000000000000005,200,0.35,0.44999999999999996,0.2,9.222858628184714e-42,0.7430090513467914,0.2569909486532085,200,0.1,0.0025000000000000005,200,0.35,0.44999999999999996,0.2
23,4.094671564644592e-42,0.950578937375581,0.049421062624418866,200,0.1,0.0025000000000000005,200,0.35,0.44999999999999996,0.2,1.4595442508072376e-42,0.9505788983041182,0.04942110169588184,200,0.1,0.0025000000000000005,200,0.35,0.44999999999999996,0.2,5.117384832509777e-41,0.7410530188275627,0.2589469811724375,200,0.1,0.0025000000000000005,200,0.35,0.44999999999999996,0.2
24,1.7765133892735182e-41,0.9567871092105219,0.043212890789478244,200,0.1,0.0025000000000000005,200,0.35,0.44999999999999996,0.2,7.484456578635868e-42,0.9567870554718054,0.04321294452819477,200,0.1,0.0025000000000000005,200,0.35,0.44999999999999996,0.2,2.644323549151546e-40,0.7404805991279606,0.25951940087203934,200,0.1,0.0025000000000000005,200,0.35,0.44999999999999996,0.2
25,7.444260678845493e-41,0.9622896097838145,0.037710390216185725,200,0.1,0.0025000000000000005,200,0.35,0.44999999999999996,0.2,3.6402702621052954e-41,0.9622895377206474,0.0377104622793525,200,0.1,0.0025000000000000005,200,0.35,0.44999999999999996,0.2,1.2889581346471862e-39,0.7391071327984675,0.2608928672015326,200,0.1,0.0025000000000000005,200,0.35,0.44999999999999996,0.2
26,3.0180134316728233e-40,0.9671496660324572,0.03285033396754252,200,0.1,0.0025000000000000005,200,0.35,0.44999999999999996,0.2,1.6911892909557256e-40,0.9671495714629604,0.03285042853703938,200,0.1,0.0025000000000000005,200,0.35,0.44999999999999996,0.2,5.941948479929305e-39,0.737434120689563,0.2625658793104368,200,0.1,0.0025000000000000005,200,0.35,0.44999999999999996,0.2
27,1.1856274469098751e-39,0.9714282080776447,0.02857179192235524,200,0.1,0.0025000000000000005,200,0.35,0.44999999999999996,0.2,7.53863998681204e-40,0.9714280862939836,0.028571913706016375,200,0.1,0.0025000000000000005,200,0.35,0.44999999999999996,0.2,2.5902102597858415e-38,0.7367034563515997,0.26329654364840016,200,0.1,0.0025000000000000005,200,0.35,0.44999999999999996,0.2
28,4.51989945121949e-39,0.9751832690676594,0.024816730932340717,200,0.1,0.0025000000000000005,200,0.35,0.44999999999999996,0.2,3.234582078151714e-39,0.9751831148478551,0.024816885152144547,200,0.1,0.0025000000000000005,200,0.35,0.44999999999999996,0.2,1.0832160262250099e-37,0.7343695304278107,0.2656304695721893,200,0.1,0.0025000000000000005,200,0.35,0.44999999999999996,0.2
29,1.6743256500517127e-38,0.9784695348896466,0.02153046511035338,200,0.1,0.0025000000000000005,200,0.35,0.44999999999999996,0.2,1.3391461127719014e-38,0.9784693425226856,0.021530657477314707,200,0.1,0.0025000000000000005,200,0.35,0.44999999999999996,0.2,4.342044484494607e-37,0.7319442464421748,0.2680557535578252,200,0.1,0.0025000000000000005,200,0.35,0.44999999999999996,0.2
30,6.034141778898065e-38,0.9813380331104858,0.018661966889514083,200,0.1,0.0025000000000000005,200,0.35,0.44999999999999996,0.2,5.360262295847958e-38,0.981337796434377,0.01866220356562307,200,0.1,0.0025000000000000005,200,0.35,0.44999999999999996,0.2,1.6691568789617683e-36,0.7306379991440146,0.26936200085598533,200,0.1,0.0025000000000000005,200,0.35,0.44999999999999996,0.2
31,2.118120187906666e-37,0.9838359475610619,0.016164052438938138,200,0.1,0.0025000000000000005,200,0.35,0.44999999999999996,0.2,2.077897969316786e-37,0.9838356600130067,0.01616433998699339,200,0.1,0.0025000000000000005,200,0.35,0.44999999999999996,0.2,6.252212429078011e-36,0.7275623474848529,0.272437652515147,200,0.1,0.0025000000000000005,200,0.35,0.44999999999999996,0.2
32,7.249458946039395e-37,0.9860065430075455,0.013993456992454434,200,0.1,0.0025000000000000005,200,0.35,0.44999999999999996,0.2,7.81228449039748e-37,0.9860061976849518,0.013993802315047953,200,0.1,0.0025000000000000005,200,0.35,0.44999999999999996,0.2,2.272822183194471e-35,0.7252138439895901,0.2747861560104102,200,0.1,0.0025000000000000005,200,0.35,0.44999999999999996,0.2
33,2.4216404779848325e-36,0.9878891832996836,0.012110816700316475,200,0.1,0.0025000000000000005,200,0.35,0.44999999999999996,0.2,2.8523868328658594e-36,0.9878887730304727,0.0121112269695276,200,0.1,0.0025000000000000005,200,0.35,0.44999999999999996,0.2,8.045965754002549e-35,0.7239943402175341,0.27600565978246583,200,0.1,0.0025000000000000005,200,0.35,0.44999999999999996,0.2
34,7.902486602552356e-36,0.9895194261543495,0.01048057384565058,200,0.1,0.0025000000000000005,200,0.35,0.44999999999999996,0.2,1.0125495096509721e-35,0.9895189435748127,0.01048105642518736,200,0.1,0.0025000000000000005,200,0.35,0.44999999999999996,0.2,2.8174411275611993e-34,0.7207818977132835,0.2792181022867166,200,0.1,0.0025000000000000005,200,0.35,0.44999999999999996,0.2
35,2.5214087132032675e-35,0.9909291782006235,0.009070821799376539,200,0.1,0.0025000000000000005,200,0.35,0.44999999999999996,0.2,3.498272621044635e-35,0.990928615839025,0.009071384160974768,200,0.1,0.0025000000000000005,200,0.35,0.44999999999999996,0.2,9.675725506503568e-34,0.7190079782402133,0.2809920217597863,200,0.1,0.0025000000000000005,200,0.35,0.44999999999999996,0.2
36,7.872273277936725e-35,0.9921468949418482,0.007853105058151668,200,0.1,0.0025000000000000005,200,0.35,0.44999999999999996,0.2,1.177423433557724e-34,0.9921462453059801,0.007853754694019966,200,0.1,0.0025000000000000005,200,0.35,0.44999999999999996,0.2,3.276166340333133e-33,0.7178698855774485,0.2821301144225515,200,0.1,0.0025000000000000005,200,0.35,0.44999999999999996,0.2
37,2.4069401130445926e-34,0.993197811735449,0.006802188264551281,200,0.1,0.0025000000000000005,200,0.35,0.44999999999999996,0.2,3.8639613128716386e-34,0.9931970674024408,0.0068029325975588325,200,0.1,0.0025000000000000005,200,0.35,0.44999999999999996,0.2,1.1031782667931298e-32,0.7149688986901194,0.28503110130988046,200,0.1,0.0025000000000000005,200,0.35,0.44999999999999996,0.2
38,7.211903763412002e-34,0.9941041936104563,0.005895806389543586,200,0.1,0.0025000000000000005,200,0.35,0.44999999999999996,0.2,1.2373901040046704e-33,0.9941033473172909,0.005896652682709,200,0.1,0.0025000000000000005,200,0.35,0.44999999999999996,0.2,3.636417949642576e-32,0.7143352692145308,0.28566473078546933,200,0.1,0.0025000000000000005,200,0.35,0.44999999999999996,0.2
39,2.119080752208207e-33,0.9948855936037808,0.0051144063962191314,200,0.1,0.0025000000000000005,200,0.35,0.44999999999999996,0.2,3.8697687438932764e-33,0.9948846383371032,0.0051153616628967285,200,0.1,0.0025000000000000005,200,0.35,0.44999999999999996,0.2,1.1826589677016416e-31,0.7131468942532966,0.2868531057467032,200,0.1,0.0025000000000000005,200,0.35,0.44999999999999996,0.2
40,6.109912974020146e-33,0.9955591111839734,0.004440888816026422,200,0.1,0.0025000000000000005,200,0.35,0.44999999999999996,0.2,1.1827156654122205e-32,0.9955580402679812,0.004441959732018467,200,0.1,0.0025000000000000005,200,0.35,0.44999999999999996,0.2,3.8032576587881366e-31,0.7101110887188414,0.2898889112811583,200,0.1,0.0025000000000000005,200,0.35,0.44999999999999996,0.2
41,1.7297140139985038e-32,0.9961396441509178,0.0038603558490820982,200,0.1,0.0025000000000000005,200,0.35,0.44999999999999996,0.2,3.5350017772799985e-32,0.9961384513322554,0.0038615486677444524,200,0.1,0.0025000000000000005,200,0.35,0.44999999999999996,0.2,1.1865676461970834e-30,0.7100911412211267,0.28990885877887346,200,0.1,0.0025000000000000005,200,0.35,0.44999999999999996,0.2
42,4.8107542134885096e-32,0.9966401290797239,0.0033598709202763053,200,0.1,0.0025000000000000005,200,0.35,0.44999999999999996,0.2,1.033942678897487e-31,0.996638808608461,0.003361191391538776,200,0.1,0.0025000000000000005,200,0.35,0.44999999999999996,0.2,3.643435537307481e-30,0.7086244606797562,0.29137553932024374,200,0.1,0.0025000000000000005,200,0.35,0.44999999999999996,0.2
43,1.3151838876608546e-31,0.9970717668683173,0.0029282331316826285,200,0.1,0.0025000000000000005,200,0.35,0.44999999999999996,0.2,2.961232531183477e-31,0.9970703135742228,0.0029296864257771617,200,0.1,0.0025000000000000005,200,0.35,0.44999999999999996,0.2,1.100333967377225e-29,0.7056389312846015,0.2943610687153987,200,0.1,0.0025000000000000005,200,0.35,0.44999999999999996,0.2
44,3.5360392520242034e-31,0.9974442312234684,0.0025557687765316852,200,0.1,0.0025000000000000005,200,0.35,0.44999999999999996,0.2,8.309571607253971e-31,0.997442640586888,0.002557359413111697,200,0.1,0.0025000000000000005,200,0.35,0.44999999999999996,0.2,3.220689502995813e-29,0.7052003775671178,0.2947996224328821,200,0.1,0.0025000000000000005,200,0.35,0.44999999999999996,0.2
45,9.354415110624627e-31,0.9977658589705786,0.0022341410294212543,200,0.1,0.0025000000000000005,200,0.35,0.44999999999999996,0.2,2.2859441325808962e-30,0.9977641271873376,0.0022358728126623336,200,0.1,0.0025000000000000005,200,0.35,0.44999999999999996,0.2,9.260825383247768e-29,0.7034231043050969,0.2965768956949031,200,0.1,0.0025000000000000005,200,0.35,0.44999999999999996,0.2
46,2.4360514261623433e-30,0.9980438219046939,0.0019561780953062436,200,0.1,0.0025000000000000005,200,0.35,0.44999999999999996,0.2,6.1684310978992966e-30,0.9980419459445006,0.001958054055499571,200,0.1,0.0025000000000000005,200,0.35,0.44999999999999996,0.2,2.608259376307261e-28,0.7013575149527141,0.2986424850472859,200,0.1,0.0025000000000000005,200,0.35,0.44999999999999996,0.2
47,6.247670700167599e-30,0.9982842805309262,0.0017157194690737905,200,0.1,0.0025000000000000005,200,0.35,0.44999999999999996,0.2,1.6335715159813724e-29,0.9982822581888434,0.0017177418111567816,200,0.1,0.0025000000000000005,200,0.35,0.44999999999999996,0.2,7.18097620621438e-28,0.699809055838636,0.3001909441613643,200,0.1,0.0025000000000000005,200,0.35,0.44999999999999996,0.2
48,1.578680535867201e-29,0.9984925204958068,0.0015074795041931997,200,0.1,0.0025000000000000005,200,0.35,0.44999999999999996,0.2,4.247950067249999e-29,0.9984903504363951,0.001509649563605026,200,0.1,0.0025000000000000005,200,0.35,0.44999999999999996,0.2,1.9368931915935858e-27,0.6983342790989877,0.30166572090101246,200,0.1,0.0025000000000000005,200,0.35,0.44999999999999996,0.2
49,3.931777779077222e-29,0.99867307281435,0.0013269271856498927,200,0.1,0.0025000000000000005,200,0.35,0.44999999999999996,0.2,1.0852094665111398e-28,0.9986707546081492,0.0013292453918508384,200,0.1,0.0025000000000000005,200,0.35,0.44999999999999996,0.2,5.097031407657534e-27,0.6978706434724229,0.30212935652757716,200,0.1,0.0025000000000000005,200,0.35,0.44999999999999996,0.2
50,9.655360713931963e-29,0.9988298191788643,0.0011701808211358382,200,0.1,0.0025000000000000005,200,0.35,0.44999999999999996,0.2,2.724881964027528e-28,0.9988273533309133,0.0011726466690864387,200,0.1,0.0025000000000000005,200,0.35,0.44999999999999996,0.2,1.3227158937290482e-26,0.6956107649235986,0.3043892350764016,200,0.1,0.0025000000000000005,200,0.35,0.44999999999999996,0.2
51,2.3387926346148e-28,0.9989660837212728,0.0010339162787272361,200,0.1,0.0025000000000000005,200,0.35,0.44999999999999996,0.2,6.727923435239642e-28,0.9989634716914187,0.0010365283085811223,200,0.1,0.0025000000000000005,200,0.35,0.44999999999999996,0.2,3.3638019635231564e-26,0.693530515793936,0.306469484206064,200,0.1,0.0025000000000000005,200,0.35,0.44999999999999996,0.2
52,5.58998330733093e-28,0.9990847126147623,0.0009152873852378445,200,0.1,0.0025000000000000005,200,0.35,0.44999999999999996,0.2,1.6342009314332808e-27,0.9990819568295463,0.0009180431704537352,200,0.1,0.0025000000000000005,200,0.35,0.44999999999999996,0.2,8.321869485745002e-26,0.6939866017783223,0.30601339822167783,200,0.1,0.0025000000000000005,200,0.35,0.44999999999999996,0.2
53,1.3187736748756308e-27,0.99918814286326,0.0008118571367402185,200,0.1,0.0025000000000000005,200,0.35,0.44999999999999996,0.2,3.9066605168420516e-27,0.9991852467192464,0.0008147532807534713,200,0.1,0.0025000000000000005,200,0.35,0.44999999999999996,0.2,2.0419552778280915e-25,0.6916107513463224,0.30838924865367734,200,0.1,0.0025000000000000005,200,0.35,0.44999999999999996,0.2
54,3.0719224523505733e-27,0.9992784615553382,0.0007215384446618127,200,0.1,0.0025000000000000005,200,0.35,0.44999999999999996,0.2,9.195168112853629e-27,0.999275429413836,0.0007245705861640086,200,0.1,0.0025000000000000005,200,0.35,0.44999999999999996,0.2,4.9098949392399545e-25,0.6898359771124372,0.31016402288756323,200,0.1,0.0025000000000000005,200,0.35,0.44999999999999996,0.2
55,7.067469354296055e-27,0.9993574567658442,0.0006425432341560737,200,0.1,0.0025000000000000005,200,0.35,0.44999999999999996,0.2,2.131763417789354e-26,0.9993542939390937,0.0006457060609063808,200,0.1,0.0025000000000000005,200,0.35,0.44999999999999996,0.2,1.1522707917112988e-24,0.6902526209648893,0.30974737903511074,200,0.1,0.0025000000000000005,200,0.35,0.44999999999999996,0.2
56,1.6064210123664393e-26,0.9994266611840132,0.0005733388159865938,200,0.1,0.0025000000000000005,200,0.35,0.44999999999999996,0.2,4.869777670675347e-26,0.9994233739130747,0.0005766260869252188,200,0.1,0.0025000000000000005,200,0.35,0.44999999999999996,0.2,2.686094115118886e-24,0.6877851193480191,0.31221488065198066,200,0.1,0.0025000000000000005,200,0.35,0.44999999999999996,0.2
57,3.608440061837859e-26,0.9994873894384607,0.0005126105615393389,200,0.1,0.0025000000000000005,200,0.35,0.44999999999999996,0.2,1.0965533830522004e-25,0.9994839848631898,0.0005160151368102853,200,0.1,0.0025000000000000005,200,0.35,0.44999999999999996,0.2,6.121026290523451e-24,0.6872326868407795,0.3127673131592206,200,0.1,0.0025000000000000005,200,0.35,0.44999999999999996,0.2
58,8.012395381979751e-26,0.9995407699824845,0.0004592300175156593,200,0.1,0.0025000000000000005,200,0.35,0.44999999999999996,0.2,2.43475486863155e-25,0.9995372561041316,0.000462743895868553,200,0.1,0.0025000000000000005,200,0.35,0.44999999999999996,0.2,1.371830759438486e-23,0.6869463467825121,0.3130536532174878,200,0.1,0.0025000000000000005,200,0.35,0.44999999999999996,0.2
59,1.759144470317266e-25,0.9995877723010952,0.00041222769890481215,200,0.1,0.0025000000000000005,200,0.35,0.44999999999999996,0.2,5.332547518611659e-25,0.9995841579381171,0.0004158420618829117,200,0.1,0.0025000000000000005,200,0.35,0.44999999999999996,0.2,3.05051542567873e-23,0.6841001340407394,0.3158998659592605,200,0.1,0.0025000000000000005,200,0.35,0.44999999999999996,0.2
60,3.8198479540128776e-25,0.9996292301062005,0.0003707698937997172,200,0.1,0.0025000000000000005,200,0.35,0.44999999999999996,0.2,1.1524250309701812e-24,0.9996255248438087,0.00037447515619131545,200,0.1,0.0025000000000000005,200,0.35,0.44999999999999996,0.2,6.615767688302009e-23,0.684204703527769,0.3157952964722312,200,0.1,0.0025000000000000005,200,0.35,0.44999999999999996,0.2
61,8.205426406789514e-25,0.9996658610996475,0.0003341389003523361,200,0.1,0.0025000000000000005,200,0.35,0.44999999999999996,0.2,2.458266978031559e-24,0.9996620752333509,0.0003379247666490231,200,0.1,0.0025000000000000005,200,0.35,0.44999999999999996,0.2,1.4209362028326619e-22,0.6828709188095897,0.31712908119041033,200,0.1,0.0025000000000000005,200,0.35,0.44999999999999996,0.2
62,1.7440861535601976e-24,0.9996982838057672,0.0003017161942328413,200,0.1,0.0025000000000000005,200,0.35,0.44999999999999996,0.2,5.177494154031306e-24,0.9996944282786284,0.0003055717213716723,200,0.1,0.0025000000000000005,200,0.35,0.44999999999999996,0.2,3.0231912135223253e-22,0.680259428680754,0.319740571319246,200,0.1,0.0025000000000000005,200,0.35,0.44999999999999996,0.2
63,3.668968000296575e-24,0.9997270319056413,0.00027296809435862097,200,0.1,0.0025000000000000005,200,0.35,0.44999999999999996,0.2,1.0770015049903526e-23,0.9997231182380913,0.0002768817619088047,200,0.1,0.0025000000000000005,200,0.35,0.44999999999999996,0.2,6.271529017762295e-22,0.6812869585607148,0.31871304143928536,200,0.1,0.0025000000000000005,200,0.35,0.44999999999999996,0.2
64,7.64052387723429e-24,0.9997525664441702,0.0002474335558298937,200,0.1,0.0025000000000000005,200,0.35,0.44999999999999996,0.2,2.213336621508595e-23,0.9997486066538926,0.00025139334610757834,200,0.1,0.0025000000000000005,200,0.35,0.44999999999999996,0.2,1.295314629893533e-21,0.6790598228569674,0.3209401771430324,200,0.1,0.0025000000000000005,200,0.35,0.44999999999999996,0.2
65,1.5754196815622236e-23,0.9997752862275572,0.0002247137724427077,200,0.1,0.0025000000000000005,200,0.35,0.44999999999999996,0.2,4.495087660055184e-23,0.9997712927351461,0.00022870726485387508,200,0.1,0.0025000000000000005,200,0.35,0.44999999999999996,0.2,2.634902500815868e-21,0.6775484199735787,0.3224515800264214,200,0.1,0.0025000000000000005,200,0.35,0.44999999999999996,0.2
66,3.216998428275365e-23,0.9997955366824262,0.00020446331757378947,200,0.1,0.0025000000000000005,200,0.35,0.44999999999999996,0.2,9.024237119568232e-23,0.9997915221962878,0.0002084778037121077,200,0.1,0.0025000000000000005,200,0.35,0.44999999999999996,0.2,5.256468715449908e-21,0.6780862617005262,0.3219137382994738,200,0.1,0.0025000000000000005,200,0.35,0.44999999999999996,0.2
67,6.506859311138175e-23,0.9998136174076715,0.0001863825923283618,200,0.1,0.0025000000000000005,200,0.35,0.44999999999999996,0.2,1.791364318210382e-22,0.9998095947794082,0.00019040522059177544,200,0.1,0.0025000000000000005,200,0.35,0.44999999999999996,0.2,1.0473967607787545e-20,0.6747148830500019,0.32528511694999807,200,0.1,0.0025000000000000005,200,0.35,0.44999999999999996,0.2
68,1.303886070559697e-22,0.9998297886156925,0.00017021138430763563,200,0.1,0.0025000000000000005,200,0.35,0.44999999999999996,0.2,3.5170259006781695e-22,0.9998257706559086,0.000174229344091475,200,0.1,0.0025000000000000005,200,0.35,0.44999999999999996,0.2,2.0431886507227778e-20,0.674153355587078,0.3258466444129221,200,0.1,0.0025000000000000005,200,0.35,0.44999999999999996,0.2
69,2.589014532014596e-22,0.9998442766300694,0.00015572336993059565,200,0.1,0.0025000000000000005,200,0.35,0.44999999999999996,0.2,6.831257117906724e-22,0.9998402758759186,0.00015972412408141775,200,0.1,0.0025000000000000005,200,0.35,0.44999999999999996,0.2,3.9404792998763515e-20,0.673470423885742,0.32652957611425826,200,0.1,0.0025000000000000005,200,0.35,0.44999999999999996,0.2
70,5.094860533071044e-22,0.999857278581553,0.0001427214184468623,200,0.1,0.0025000000000000005,200,0.35,0.44999999999999996,0.2,1.3130243360412747e-21,0.9998533070139654,0.00014669298603467985,200,0.1,0.0025000000000000005,200,0.35,0.44999999999999996,0.2,7.587860941276378e-20,0.669369492231799,0.33063050776820113,200,0.1,0.0025000000000000005,200,0.35,0.44999999999999996,0.2
71,9.938182374280484e-22,0.999868966422677,0.000131033577323017,200,0.1,0.0025000000000000005,200,0.35,0.44999999999999996,0.2,2.498070073166913e-21,0.9998650351463293,0.00013496485367050598,200,0.1,0.0025000000000000005,200,0.35,0.44999999999999996,0.2,1.42478169847049e-19,0.669738185430463,0.33026181456953696,200,0.1,0.0025000000000000005,200,0.35,0.44999999999999996,0.2
72,1.921896480109027e-21,0.999879490363041,0.000120509636959091,200,0.1,0.0025000000000000005,200,0.35,0.44999999999999996,0.2,4.70552763720307e-21,0.999875609289,0.0001243907110000164,200,0.1,0.0025000000000000005,200,0.35,0.44999999999999996,0.2,2.6607551971650404e-19,0.6683207019270231,0.33167929807297686,200,0.1,0.0025000000000000005,200,0.35,0.44999999999999996,0.2
73,3.685281336390494e-21,0.9998889818117661,0.0001110181882339585,200,0.1,0.0025000000000000005,200,0.35,0.44999999999999996,0.2,8.778016138968152e-21,0.9998851594233745,0.00011484057662563815,200,0.1,0.0025000000000000005,200,0.35,0.44999999999999996,0.2,4.935506483955503e-19,0.6654153046890782,0.33458469531092205,200,0.1,0.0025000000000000005,200,0.35,0.44999999999999996,0.2
74,7.008031321367321e-21,0.9998975559004452,0.00010244409955486962,200,0.1,0.0025000000000000005,200,0.35,0.44999999999999996,0.2,1.6221177910987477e-20,0.9998937992363124,0.00010620076368777181,200,0.1,0.0025000000000000005,200,0.35,0.44999999999999996,0.2,8.926160233207089e-19,0.6670697979638938,0.33293020203610607,200,0.1,0.0025000000000000005,200,0.35,0.44999999999999996,0.2
75,1.3218165678645807e-20,0.9999053136487571,9.468635124290742e-05,200,0.1,0.0025000000000000005,200,0.35,0.44999999999999996,0.2,2.970175539488271e-20,0.9999016286954733,9.83713045265662e-05,200,0.1,0.0025000000000000005,200,0.35,0.44999999999999996,0.2,1.616865690462605e-18,0.6647795290301293,0.33522047096987106,200,0.1,0.0025000000000000005,200,0.35,0.44999999999999996,0.2
76,2.473199701852725e-20,0.9999123438254548,8.765617454543282e-05,200,0.1,0.0025000000000000005,200,0.35,0.44999999999999996,0.2,5.390316291037663e-20,0.9999087365600785,9.12634399213864e-05,200,0.1,0.0025000000000000005,200,0.35,0.44999999999999996,0.2,2.906606171084435e-18,0.6616912918837782,0.33830870811622177,200,0.1,0.0025000000000000005,200,0.35,0.44999999999999996,0.2
77,4.5911469681697944e-20,0.9999187245494435,8.12754505563464e-05,200,0.1,0.0025000000000000005,200,0.35,0.44999999999999996,0.2,9.698413016392911e-20,0.9999152028775722,8.479712242786596e-05,200,0.1,0.0025000000000000005,200,0.35,0.44999999999999996,0.2,5.118935484617516e-18,0.6620156921897149,0.33798430781028505,200,0.1,0.0025000000000000005,200,0.35,0.44999999999999996,0.2
78,8.457005034114993e-20,0.9999245246689054,7.547533109462076e-05,200,0.1,0.0025000000000000005,200,0.35,0.44999999999999996,0.2,1.730476120687442e-19,0.9999211014222328,7.889857776711367e-05,200,0.1,0.0025000000000000005,200,0.35,0.44999999999999996,0.2,9.025102063956827e-18,0.6585919959222415,0.34140800407775873,200,0.1,0.0025000000000000005,200,0.35,0.44999999999999996,0.2
79,1.5459769045190646e-19,0.9999298049506727,7.019504932712203e-05,200,0.1,0.0025000000000000005,200,0.35,0.44999999999999996,0.2,3.0629005741416237e-19,0.9999265018792993,7.349812070074693e-05,200,0.1,0.0025000000000000005,200,0.35,0.44999999999999996,0.2,1.5596611446900545e-17,0.6588958453113483,0.3411041546886519,200,0.1,0.0025000000000000005,200,0.35,0.44999999999999996,0.2
80,2.80502286186986e-19,0.9999346191072632,6.538089273698196e-05,200,0.1,0.0025000000000000005,200,0.35,0.44999999999999996,0.2,5.379242118368657e-19,0.9999314713637903,6.852863620960697e-05,200,0.1,0.0025000000000000005,200,0.35,0.44999999999999996,0.2,2.6754694967628975e-17,0.6584936614274617,0.34150633857253854,200,0.1,0.0025000000000000005,200,0.35,0.44999999999999996,0.2
81,5.052091149742247e-19,0.9999390146848257,6.098531517401844e-05,200,0.1,0.0025000000000000005,200,0.35,0.44999999999999996,0.2,9.376412016216916e-19,0.9999360745975954,6.392540240434286e-05,200,0.1,0.0025000000000000005,200,0.35,0.44999999999999996,0.2,4.5668725204752755e-17,0.6566107757409083,0.34338922425909185,200,0.1,0.0025000000000000005,200,0.35,0.44999999999999996,0.2
82,9.033585629989837e-19,0.9999430338318398,5.696616816007885e-05,200,0.1,0.0025000000000000005,200,0.35,0.44999999999999996,0.2,1.622434568617316e-18,0.9999403717844664,5.962821553344191e-05,200,0.1,0.0025000000000000005,200,0.35,0.44999999999999996,0.2,7.645946527761057e-17,0.6584542210416976,0.3415457789583026,200,0.1,0.0025000000000000005,200,0.35,0.44999999999999996,0.2
83,1.6038167598878256e-18,0.9999467139654186,5.3286034581371225e-05,200,0.1,0.0025000000000000005,200,0.35,0.44999999999999996,0.2,2.7872597790702325e-18,0.999944413014307,5.5586985693096995e-05,200,0.1,0.0025000000000000005,200,0.35,0.44999999999999996,0.2,1.2728158251803e-16,0.6592376264754627,0.340762373524537,200,0.1,0.0025000000000000005,200,0.35,0.44999999999999996,0.2
84,2.827514819301641e-18,0.9999500883496233,4.9911650376613754e-05,200,0.1,0.0025000000000000005,200,0.35,0.44999999999999996,0.2,4.754592073003058e-18,0.9999482281883316,5.177181166844677e-05,200,0.1,0.0025000000000000005,200,0.35,0.44999999999999996,0.2,2.0981981271895503e-16,0.6604595600247514,0.3395404399752484,200,0.1,0.0025000000000000005,200,0.35,0.44999999999999996,0.2
85,4.9506155623600984e-18,0.9999531865980524,4.681340194748099e-05,200,0.1,0.0025000000000000005,200,0.35,0.44999999999999996,0.2,8.05403828353638e-18,0.9999518127417044,4.818725829563711e-05,200,0.1,0.0025000000000000005,200,0.35,0.44999999999999996,0.2,3.4041148587225043e-16,0.6644528503954465,0.33554714960455323,200,0.1,0.0025000000000000005,200,0.35,0.44999999999999996,0.2
86,8.609243532991391e-18,0.9999560351111951,4.3964888805054994e-05,200,0.1,0.0025000000000000005,200,0.35,0.44999999999999996,0.2,1.3549512701790935e-17,0.9999551129564906,4.488704350937649e-05,200,0.1,0.0025000000000000005,200,0.35,0.44999999999999996,0.2,5.48033890649345e-16,0.6684555718848726,0.33154442811512697,200,0.1,0.0025000000000000005,200,0.35,0.44999999999999996,0.2
87,1.4871963604989668e-17,0.9999586574575132,4.134254248662892e-05,200,0.1,0.0025000000000000005,200,0.35,0.44999999999999996,0.2,2.264118827423322e-17,0.999958019480184,4.198051981575706e-05,200,0.1,0.0025000000000000005,200,0.35,0.44999999999999996,0.2,8.769646617328286e-16,0.6719695925460564,0.32803040745394296,200,0.1,0.0025000000000000005,200,0.35,0.44999999999999996,0.2
88,2.5521959362851753e-17,0.9999610747059378,3.892529406239357e-05,200,0.1,0.0025000000000000005,200,0.35,0.44999999999999996,0.2,3.758597500207632e-17,0.9999603785686858,3.9621431314267585e-05,200,0.1,0.0025000000000000005,200,0.35,0.44999999999999996,0.2,1.3971409325962672e-15,0.674413534943064,0.32558646505693467,200,0.1,0.0025000000000000005,200,0.35,0.44999999999999996,0.2
89,4.3515680259372724e-17,0.999963305716332,3.669428366828504e-05,200,0.1,0.0025000000000000005,200,0.35,0.44999999999999996,0.2,6.197801260961005e-17,0.999962034799349,3.796520065098313e-05,200,0.1,0.0025000000000000005,200,0.35,0.44999999999999996,0.2,2.2261557559661754e-15,0.6742981265064641,0.3257018734935337,200,0.1,0.0025000000000000005,200,0.35,0.44999999999999996,0.2
90,7.372353946251584e-17,0.9999653673935865,3.463260641323102e-05,200,0.1,0.0025000000000000005,200,0.35,0.44999999999999996,0.2,1.0139700947407525e-16,0.9999628472254699,3.715277452995565e-05,200,0.1,0.0025000000000000005,200,0.35,0.44999999999999996,0.2,3.522932447470691e-15,0.6739361059885647,0.3260638940114316,200,0.1,0.0025000000000000005,200,0.35,0.44999999999999996,0.2
91,1.2411855497474572e-16,0.9999672749101814,3.272508981859996e-05,200,0.1,0.0025000000000000005,200,0.35,0.44999999999999996,0.2,1.649353028809257e-16,0.9999624912465959,3.750875340391109e-05,200,0.1,0.0025000000000000005,200,0.35,0.44999999999999996,0.2,5.440808518012402e-15,0.6787760903464631,0.32122390965353137,200,0.1,0.0025000000000000005,200,0.35,0.44999999999999996,0.2
92,2.076719491356434e-16,0.9999690419013754,3.0958098624547986e-05,200,0.1,0.0025000000000000005,200,0.35,0.44999999999999996,0.2,2.667739592027675e-16,0.9999608424142306,3.9157585769357415e-05,200,0.1,0.0025000000000000005,200,0.35,0.44999999999999996,0.2,8.306564762481537e-15,0.6841047936601964,0.3158952063397958,200,0.1,0.0025000000000000005,200,0.35,0.44999999999999996,0.2
93,3.4535760913866614e-16,0.999970680636619,2.931936338060423e-05,200,0.1,0.0025000000000000005,200,0.35,0.44999999999999996,0.2,4.2907450468307426e-16,0.9999581905509214,4.1809449078272066e-05,200,0.1,0.0025000000000000005,200,0.35,0.44999999999999996,0.2,1.2582515438537502e-14,0.6880090872444615,0.311990912755526,200,0.1,0.0025000000000000005,200,0.35,0.44999999999999996,0.2
94,5.708852066704539e-16,0.9999722021702712,2.7797829728465376e-05,200,0.1,0.0025000000000000005,200,0.35,0.44999999999999996,0.2,6.866371049010096e-16,0.9999528184788795,4.7181521119805566e-05,200,0.1,0.0025000000000000005,200,0.35,0.44999999999999996,0.2,1.888847887710279e-14,0.690251824426599,0.30974817557338236,200,0.1,0.0025000000000000005,200,0.35,0.44999999999999996,0.2
95,9.381120310834567e-16,0.99997361647429,2.638352570925975e-05,200,0.1,0.0025000000000000005,200,0.35,0.44999999999999996,0.2,1.0937134388967782e-15,0.9999447347293575,5.526527064128513e-05,200,0.1,0.0025000000000000005,200,0.35,0.44999999999999996,0.2,2.7850298902652033e-14,0.6945191997787242,0.305480800221248,200,0.1,0.0025000000000000005,200,0.35,0.44999999999999996,0.2
96,1.5325811406218233e-15,0.9999749325552123,2.5067444786085346e-05,200,0.1,0.0025000000000000005,200,0.35,0.44999999999999996,0.2,1.7343035464040994e-15,0.9999348775248833,6.512247511511675e-05,200,0.1,0.0025000000000000005,200,0.35,0.44999999999999996,0.2,4.0929756566085445e-14,0.6978675897028924,0.30213241029706683,200,0.1,0.0025000000000000005,200,0.35,0.44999999999999996,0.2
97,2.4893785772336952e-15,0.9999761585573872,2.3841442610015046e-05,200,0.1,0.0025000000000000005,200,0.35,0.44999999999999996,0.2,2.7380614014656356e-15,0.9999224343873397,7.756561265752117e-05,200,0.1,0.0025000000000000005,200,0.35,0.44999999999999996,0.2,5.999490128762329e-14,0.7004286817966782,0.299571318203262,200,0.1,0.0025000000000000005,200,0.35,0.44999999999999996,0.2
98,4.020611791345508e-15,0.9999773018542129,2.2698145782874574e-05,200,0.1,0.0025000000000000005,200,0.35,0.44999999999999996,0.2,4.304660197594618e-15,0.9999065255163266,9.347448366935445e-05,200,0.1,0.0025000000000000005,200,0.35,0.44999999999999996,0.2,8.726640168659271e-14,0.7033627773581103,0.2966372226418024,200,0.1,0.0025000000000000005,200,0.35,0.44999999999999996,0.2
99,6.457453595310899e-15,0.9999783691288664,2.1630871127033984e-05,200,0.1,0.0025000000000000005,200,0.35,0.44999999999999996,0.2,6.740547044543506e-15,0.9998862264836212,0.0001137735163723827,200,0.1,0.0025000000000000005,200,0.35,0.44999999999999996,0.2,1.254365031102784e-13,0.7079115307787093,0.2920884692211654,200,0.1,0.0025000000000000005,200,0.35,0.44999999999999996,0.2
100,1.0314112874145966e-14,0.9999793664458195,2.0633554170031428e-05,200,0.1,0.0025000000000000005,200,0.35,0.44999999999999996,0.2,1.0514028295618627e-14,0.9998603427570226,0.00013965724296697123,200,0.1,0.0025000000000000005,200,0.35,0.44999999999999996,0.2,1.7803594725103924e-13,0.7150690280272125,0.2849309719726094,200,0.1,0.0025000000000000005,200,0.35,0.44999999999999996,0.2
101,1.6384630358450865e-14,0.9999802993142715,1.970068571197254e-05,200,0.1,0.0025000000000000005,200,0.35,0.44999999999999996,0.2,1.6338010410583482e-14,0.9998275758618445,0.0001724241381391041,200,0.1,0.0025000000000000005,200,0.35,0.44999999999999996,0.2,2.5022958791190136e-13,0.7215037135810891,0.2784962864186605,200,0.1,0.0025000000000000005,200,0.35,0.44999999999999996,0.2
102,2.5888545318300416e-14,0.9999811727444824,1.8827255491576e-05,200,0.1,0.0025000000000000005,200,0.35,0.44999999999999996,0.2,2.5293559918275217e-14,0.9997865502538894,0.0002134497460851924,200,0.1,0.0025000000000000005,200,0.35,0.44999999999999996,0.2,3.5050416114851123e-13,0.7242303773377675,0.2757696226618821,200,0.1,0.0025000000000000005,200,0.35,0.44999999999999996,0.2
103,4.06889290958202e-14,0.9999819912978652,1.8008702093908755e-05,200,0.1,0.0025000000000000005,200,0.35,0.44999999999999996,0.2,3.901346133861797e-14,0.9997357600815228,0.00026423991843818113,200,0.1,0.0025000000000000005,200,0.35,0.44999999999999996,0.2,4.899972325035858e-13,0.7261627095648682,0.2738372904346418,200,0.1,0.0025000000000000005,200,0.35,0.44999999999999996,0.2
104,6.361700523232616e-14,0.9999827591315773,1.7240868358958433e-05,200,0.1,0.0025000000000000005,200,0.35,0.44999999999999996,0.2,5.995363262426099e-14,0.9996735161347418,0.0003264838651983096,200,0.1,0.0025000000000000005,200,0.35,0.44999999999999996,0.2,6.781526923086281e-13,0.7300422330566451,0.2699577669426768,200,0.1,0.0025000000000000005,200,0.35,0.44999999999999996,0.2
105,9.895292923854369e-14,0.9999834800382635,1.6519961637676202e-05,200,0.1,0.0025000000000000005,200,0.35,0.44999999999999996,0.2,9.179260976344124e-14,0.999597907403709,0.00040209259619937486,200,0.1,0.0025000000000000005,200,0.35,0.44999999999999996,0.2,9.336097077954637e-13,0.7351324280695692,0.2648675719294972,200,0.1,0.0025000000000000005,200,0.35,0.44999999999999996,0.2
106,1.5313416568630864e-13,0.9999841574815297,1.5842518317487697e-05,200,0.1,0.0025000000000000005,200,0.35,0.44999999999999996,0.2,1.4001681776405407e-13,0.9995067673582778,0.0004932326415821444,200,0.1,0.0025000000000000005,200,0.35,0.44999999999999996,0.2,1.2728033506605028e-12,0.7403594140641637,0.2596405859345635,200,0.1,0.0025000000000000005,200,0.35,0.44999999999999996,0.2
107,2.357938745096276e-13,0.9999847946276359,1.5205372128039342e-05,200,0.1,0.0025000000000000005,200,0.35,0.44999999999999996,0.2,2.1277406927816029e-13,0.9993976392115415,0.0006023607882457619,200,0.1,0.0025000000000000005,200,0.35,0.44999999999999996,0.2,1.7207223810561186e-12,0.7431714658983664,0.25682853409991313,200,0.1,0.0025000000000000005,200,0.35,0.44999999999999996,0.2
108,3.612753703429447e-13,0.9999853943738525,1.4605625786173558e-05,200,0.1,0.0025000000000000005,200,0.35,0.44999999999999996,0.2,3.22112490823065e-13,0.999267739987227,0.0007322600124510246,200,0.1,0.0025000000000000005,200,0.35,0.44999999999999996,0.2,2.310175629266386e-12,0.7461249513956341,0.25387504860205573,200,0.1,0.0025000000000000005,200,0.35,0.44999999999999996,0.2
109,5.508299226524588e-13,0.9999859593738549,1.404062559436627e-05,200,0.1,0.0025000000000000005,200,0.35,0.44999999999999996,0.2,4.857706966222585e-13,0.9991139249853807,0.0008860750141334354,200,0.1,0.0025000000000000005,200,0.35,0.44999999999999996,0.2,3.0796215063057778e-12,0.7487844196656509,0.2512155803312696,200,0.1,0.0025000000000000005,200,0.35,0.44999999999999996,0.2
110,8.357905440120077e-13,0.999986492060513,1.3507938651205393e-05,200,0.1,0.0025000000000000005,200,0.35,0.44999999999999996,0.2,7.297526978756723e-13,0.9989326545241454,0.0010673454751248383,200,0.1,0.0025000000000000005,200,0.35,0.44999999999999996,0.2,4.0799994310277565e-12,0.7503078109722544,0.2496921890236659,200,0.1,0.0025000000000000005,200,0.35,0.44999999999999996,0.2
111,1.2621329235691056e-12,0.9999869946663482,1.3005332389581377e-05,200,0.1,0.0025000000000000005,200,0.35,0.44999999999999996,0.2,1.0920147497073403e-12,0.9987199649392892,0.001280035059618864,200,0.1,0.0025000000000000005,200,0.35,0.44999999999999996,0.2,5.36865269617223e-12,0.7525197245981791,0.24748027539645223,200,0.1,0.0025000000000000005,200,0.35,0.44999999999999996,0.2
112,1.896998345814723e-12,0.9999874692419329,1.2530756170310255e-05,200,0.1,0.0025000000000000005,200,0.35,0.44999999999999996,0.2,1.627720498782549e-12,0.9984714458095022,0.0015285541888700846,200,0.1,0.0025000000000000005,200,0.35,0.44999999999999996,0.2,6.988813242749359e-12,0.754262799208992,0.24573720078401892,200,0.1,0.0025000000000000005,200,0.35,0.44999999999999996,0.2
113,2.8379784064571167e-12,0.9999879176724596,1.208232470217033e-05,200,0.1,0.0025000000000000005,200,0.35,0.44999999999999996,0.2,2.416697964089539e-12,0.9981822251293306,0.0018177748682526793,200,0.1,0.0025000000000000005,200,0.35,0.44999999999999996,0.2,9.031099205329802e-12,0.7572898122581,0.24271018773286893,200,0.1,0.0025000000000000005,200,0.35,0.44999999999999996,0.2
114,4.226269052555603e-12,0.9999883416926821,1.1658303091221916e-05,200,0.1,0.0025000000000000005,200,0.35,0.44999999999999996,0.2,3.5739737686335003e-12,0.9978469637095829,0.0021530362868432623,200,0.1,0.0025000000000000005,200,0.35,0.44999999999999996,0.2,1.162915550513573e-11,0.7596705576619817,0.24032944232638906,200,0.1,0.0025000000000000005,200,0.35,0.44999999999999996,0.2
115,6.265220353726754e-12,0.9999887429003965,1.1257093337996399e-05,200,0.1,0.0025000000000000005,200,0.35,0.44999999999999996,0.2,5.264588748339668e-12,0.9974598595650201,0.002540140429715096,200,0.1,0.0025000000000000005,200,0.35,0.44999999999999996,0.2,1.4842060463120425e-11,0.7610162891707425,0.23898371081441538,200,0.1,0.0025000000000000005,200,0.35,0.44999999999999996,0.2
116,9.246375914245017e-12,0.9999891227686316,1.0877222121880367e-05,200,0.1,0.0025000000000000005,200,0.35,0.44999999999999996,0.2,7.724343700253738e-12,0.9970146625644649,0.0029853374278106825,200,0.1,0.0025000000000000005,200,0.35,0.44999999999999996,0.2,1.8681822343889808e-11,0.7615574177007791,0.23844258228053894,200,0.1,0.0025000000000000005,200,0.35,0.44999999999999996,0.2
117,1.3585861087103524e-11,0.999989482656679,1.0517329735361593e-05,200,0.1,0.0025000000000000005,200,0.35,0.44999999999999996,0.2,1.1288722710060372e-11,0.9965046992433765,0.0034953007453348024,200,0.1,0.0025000000000000005,200,0.35,0.44999999999999996,0.2,2.3293692094676265e-11,0.7626672200452436,0.2373327799314626,200,0.1,0.0025000000000000005,200,0.35,0.44999999999999996,0.2
118,1.9875006251748677e-11,0.9999898238200742,1.0176160050968637e-05,200,0.1,0.0025000000000000005,200,0.35,0.44999999999999996,0.2,1.6433043873482872e-11,0.9959229074413662,0.0040770925422005805,200,0.1,0.0025000000000000005,200,0.35,0.44999999999999996,0.2,2.8770967054526402e-11,0.7629093068044365,0.2370906931667927,200,0.1,0.0025000000000000005,200,0.35,0.44999999999999996,0.2
119,2.895046359017691e-11,0.9999901474196432,9.852551406132622e-06,200,0.1,0.0025000000000000005,200,0.35,0.44999999999999996,0.2,2.3827957649050257e-11,0.9952618803142863,0.0047381196618860345,200,0.1,0.0025000000000000005,200,0.35,0.44999999999999996,0.2,3.52703403501596e-11,0.7636580821694466,0.2363419177952827,200,0.1,0.0025000000000000005,200,0.35,0.44999999999999996,0.2
120,4.199090054425928e-11,0.9999904545296963,9.545428312951727e-06,200,0.1,0.0025000000000000005,200,0.35,0.44999999999999996,0.2,3.441583452379981e-11,0.9945139192433605,0.005486080722223765,200,0.1,0.0025000000000000005,200,0.35,0.44999999999999996,0.2,4.2989143908596286e-11,0.7644916885063051,0.23550831145070564,200,0.1,0.0025000000000000005,200,0.35,0.44999999999999996,0.2
121,6.064976861963098e-11,0.9999907461454371,9.253793913104721e-06,200,0.1,0.0025000000000000005,200,0.35,0.44999999999999996,0.2,4.951546258099071e-11,0.9936710951737785,0.006328904776706177,200,0.1,0.0025000000000000005,200,0.35,0.44999999999999996,0.2,5.203795988651744e-11,0.766102590889476,0.23389740905848616,200,0.1,0.0025000000000000005,200,0.35,0.44999999999999996,0.2
122,8.723682906192659e-11,0.9999910231896597,8.976723103829098e-06,200,0.1,0.0025000000000000005,200,0.35,0.44999999999999996,0.2,7.096494779500861e-11,0.9927253179180194,0.007274682011015647,200,0.1,0.0025000000000000005,200,0.35,0.44999999999999996,0.2,6.261607738781399e-11,0.7685583497307347,0.23144165020664947,200,0.1,0.0025000000000000005,200,0.35,0.44999999999999996,0.2
123,1.2496529184107292e-10,0.9999912865187647,8.713356269976646e-06,200,0.1,0.0025000000000000005,200,0.35,0.44999999999999996,0.2,1.0131594799321891e-10,0.9916684129229152,0.008331586975768692,200,0.1,0.0025000000000000005,200,0.35,0.44999999999999996,0.2,7.48662135764882e-11,0.7703623308538572,0.22963766907127697,200,0.1,0.0025000000000000005,200,0.35,0.44999999999999996,0.2
124,1.7828687558645877e-10,0.9999915369281454,8.46289356802003e-06,200,0.1,0.0025000000000000005,200,0.35,0.44999999999999996,0.2,1.4409659345537318e-10,0.9904922049057545,0.009507794950148961,200,0.1,0.0025000000000000005,200,0.35,0.44999999999999996,0.2,8.880176123362356e-11,0.7696179190057326,0.2303820809054657,200,0.1,0.0025000000000000005,200,0.35,0.44999999999999996,0.2
125,2.5334418131178746e-10,0.99999177515694,8.224589715682632e-06,200,0.1,0.0025000000000000005,200,0.35,0.44999999999999996,0.2,2.0416592720906407e-10,0.9891886076071877,0.010811392188646114,200,0.1,0.0025000000000000005,200,0.35,0.44999999999999996,0.2,1.0438094232655407e-10,0.767958228546539,0.2320417713490799,200,0.1,0.0025000000000000005,200,0.35,0.44999999999999996,0.2
126,3.5857893960988043e-10,0.9999920018921765,7.997749244475898e-06,200,0.1,0.0025000000000000005,200,0.35,0.44999999999999996,0.2,2.8818977920645143e-10,0.9877497186896101,0.012250281022199966,200,0.1,0.0025000000000000005,200,0.35,0.44999999999999996,0.2,1.2167060344412312e-10,0.76680520697622,0.23319479290210945,200,0.1,0.0025000000000000005,200,0.35,0.44999999999999996,0.2
127,5.055464966249048e-10,0.9999922177722756,7.781722178131041e-06,200,0.1,0.0025000000000000005,200,0.35,0.44999999999999996,0.2,4.052770977656227e-10,0.9861679185380745,0.013832081056648718,200,0.1,0.0025000000000000005,200,0.35,0.44999999999999996,0.2,1.407080836137754e-10,0.7668776294338153,0.23312237042547657,200,0.1,0.0025000000000000005,200,0.35,0.44999999999999996,0.2
128,7.100020380093019e-10,0.9999924233898915,7.575900106662153e-06,200,0.1,0.0025000000000000005,200,0.35,0.44999999999999996,0.2,5.678274280748962e-10,0.9844359714117737,0.015564028020398872,200,0.1,0.0025000000000000005,200,0.35,0.44999999999999996,0.2,1.6085929532094232e-10,0.7667902594541877,0.23320974038495304,200,0.1,0.0025000000000000005,200,0.35,0.44999999999999996,0.2
129,9.93343360620178e-10,0.999992619294028,7.379712628708071e-06,200,0.1,0.0025000000000000005,200,0.35,0.44999999999999996,0.2,7.926551037707285e-10,0.9825471270688265,0.017452872138518365,200,0.1,0.0025000000000000005,200,0.35,0.44999999999999996,0.2,1.8179939106619513e-10,0.7663494917352314,0.23365050808296936,200,0.1,0.0025000000000000005,200,0.35,0.44999999999999996,0.2
130,1.384519526695924e-09,0.9999928059913444,7.1926241362174146e-06,200,0.1,0.0025000000000000005,200,0.35,0.44999999999999996,0.2,1.102474604634086e-09,0.9804952206723505,0.019504778225174636,200,0.1,0.0025000000000000005,200,0.35,0.44999999999999996,0.2,2.036727477173384e-10,0.7672888696922717,0.23271113010405572,200,0.1,0.0025000000000000005,200,0.35,0.44999999999999996,0.2
131,1.9225457366578506e-09,0.999992983946535,7.014130919121909e-06,200,0.1,0.0025000000000000005,200,0.35,0.44999999999999996,0.2,1.5278554098701694e-09,0.978274768513157,0.021725229958987565,200,0.1,0.0025000000000000005,200,0.35,0.44999999999999996,0.2,2.263445107030975e-10,0.7689498142425684,0.23105018553108683,200,0.1,0.0025000000000000005,200,0.35,0.44999999999999996,0.2
132,2.659803759872802e-09,0.9999931535816265,6.843758569785533e-06,200,0.1,0.0025000000000000005,200,0.35,0.44999999999999996,0.2,2.109784731805564e-09,0.975881056888681,0.024118941001533965,200,0.1,0.0025000000000000005,200,0.35,0.44999999999999996,0.2,2.494688908489508e-10,0.7699939432846434,0.23000605646588773,200,0.1,0.0025000000000000005,200,0.35,0.44999999999999996,0.2
133,3.6663561001368758e-09,0.999993315273977,6.68105966699512e-06,200,0.1,0.0025000000000000005,200,0.35,0.44999999999999996,0.2,2.9030141875695748e-09,0.9733102213955189,0.026689775701466936,200,0.1,0.0025000000000000005,200,0.35,0.44999999999999996,0.2,2.728277755659171e-10,0.7703268749262266,0.2296731248009452,200,0.1,0.0025000000000000005,200,0.35,0.44999999999999996,0.2
134,5.035562931838716e-09,0.999993469352718,6.525611718982518e-06,200,0.1,0.0025000000000000005,200,0.35,0.44999999999999996,0.2,3.980413485609784e-09,0.9705593139586532,0.029440682060933053,200,0.1,0.0025000000000000005,200,0.35,0.44999999999999996,0.2,2.9627237230013065e-10,0.7697691735250985,0.23023082617862914,200,0.1,0.0025000000000000005,200,0.35,0.44999999999999996,0.2
135,6.891366318196345e-09,0.9999936160932885,6.3770153451825705e-06,200,0.1,0.0025000000000000005,200,0.35,0.44999999999999996,0.2,5.438612634924413e-09,0.9676263551614008,0.03237363939998643,200,0.1,0.0025000000000000005,200,0.35,0.44999999999999996,0.2,3.1935718479258725e-10,0.7682793292069648,0.231720670473678,200,0.1,0.0025000000000000005,200,0.35,0.44999999999999996,0.2
136,9.39769937049894e-09,0.9999937557096261,6.23489267473017e-06,200,0.1,0.0025000000000000005,200,0.35,0.44999999999999996,0.2,7.405286476234965e-09,0.9645103698692615,0.03548962272545208,200,0.1,0.0025000000000000005,200,0.35,0.44999999999999996,0.2,3.413893294283811e-10,0.7663234891853659,0.23367651047324492,200,0.1,0.0025000000000000005,200,0.35,0.44999999999999996,0.2
137,1.27705923991781e-08,0.9999938883434714,6.0988859363822626e-06,200,0.1,0.0025000000000000005,200,0.35,0.44999999999999996,0.2,1.004852436585968e-08,0.9612114047504765,0.038788585200999294,200,0.1,0.0025000000000000005,200,0.35,0.44999999999999996,0.2,3.6233468222047613e-10,0.7649297635841068,0.23507023605355856,200,0.1,0.0025000000000000005,200,0.35,0.44999999999999996,0.2
138,1.7293687884387102e-08,0.9999940140501008,5.9686562113410635e-06,200,0.1,0.0025000000000000005,200,0.35,0.44999999999999996,0.2,1.3588836972972248e-08,0.9577305270533082,0.04226945935785472,200,0.1,0.0025000000000000005,200,0.35,0.44999999999999996,0.2,3.8204458565810025e-10,0.764000101805072,0.23599989781288339,200,0.1,0.0025000000000000005,200,0.35,0.44999999999999996,0.2
139,2.333804600836987e-08,0.9999941327796366,5.843882317247449e-06,200,0.1,0.0025000000000000005,200,0.35,0.44999999999999996,0.2,1.831448525989318e-08,0.954069804848645,0.045930176836869493,200,0.1,0.0025000000000000005,200,0.35,0.44999999999999996,0.2,3.997569337068467e-10,0.7634694552811709,0.23653054431907206,200,0.1,0.0025000000000000005,200,0.35,0.44999999999999996,0.2
140,3.1387327938615655e-08,0.9999942443528836,5.72425978843068e-06,200,0.1,0.0025000000000000005,200,0.35,0.44999999999999996,0.2,2.460097824561673e-08,0.9502322698140966,0.04976770558492505,200,0.1,0.0025000000000000005,200,0.35,0.44999999999999996,0.2,4.1509357213272287e-10,0.7636403965674408,0.2363596030174654,200,0.1,0.0025000000000000005,200,0.35,0.44999999999999996,0.2
141,4.206969107440743e-08,0.999994348430392,5.609499916615433e-06,200,0.1,0.0025000000000000005,200,0.35,0.44999999999999996,0.2,3.293578114141699e-08,0.9462218644461774,0.05377810261804124,200,0.1,0.0025000000000000005,200,0.35,0.44999999999999996,0.2,4.2831083481155925e-10,0.764188944777301,0.23581105479438835,200,0.1,0.0025000000000000005,200,0.35,0.44999999999999996,0.2
142,5.6198025750579224e-08,0.9999944444731547,5.499328819859896e-06,200,0.1,0.0025000000000000005,200,0.35,0.44999999999999996,0.2,4.394950954155263e-08,0.9420433762792162,0.057956579771274455,200,0.1,0.0025000000000000005,200,0.35,0.44999999999999996,0.2,4.404956776251883e-10,0.7646691122329202,0.23533088732658414,200,0.1,0.0025000000000000005,200,0.35,0.44999999999999996,0.2
143,7.48205137163505e-08,0.9999945316929699,5.393486516281894e-06,200,0.1,0.0025000000000000005,200,0.35,0.44999999999999996,0.2,5.845516479678797e-08,0.9377023622346893,0.062297579310145686,200,0.1,0.0025000000000000005,200,0.35,0.44999999999999996,0.2,4.525999253720405e-10,0.7647531267358839,0.23524687281151624,200,0.1,0.0025000000000000005,200,0.35,0.44999999999999996,0.2
144,9.92839029443589e-08,0.9999946089901025,5.291725994338971e-06,200,0.1,0.0025000000000000005,200,0.35,0.44999999999999996,0.2,7.749729727321638e-08,0.9332050666285945,0.06679485587410831,200,0.1,0.0025000000000000005,200,0.35,0.44999999999999996,0.2,4.665407969429707e-10,0.7640089033389776,0.23599109619448144,200,0.1,0.0025000000000000005,200,0.35,0.44999999999999996,0.2
145,1.313123795034333e-07,0.9999946748753258,5.1938122949013515e-06,200,0.1,0.0025000000000000005,200,0.35,0.44999999999999996,0.2,1.0241337508657028e-07,0.9285583366500996,0.07144156093652514,200,0.1,0.0025000000000000005,200,0.35,0.44999999999999996,0.2,4.851603806722164e-10,0.7625951785010892,0.23740482101375052,200,0.1,0.0025000000000000005,200,0.35,0.44999999999999996,0.2
146,1.7310548489008985e-07,0.999994727372861,5.0995216539921455e-06,200,0.1,0.0025000000000000005,200,0.35,0.44999999999999996,0.2,1.3491009346603507e-07,0.9237695393115012,0.0762303257784052,200,0.1,0.0025000000000000005,200,0.35,0.44999999999999996,0.2,5.12876665850954e-10,0.7608811460361276,0.23911885345099565,200,0.1,0.0025000000000000005,200,0.35,0.44999999999999996,0.2
147,2.2745918796180537e-07,0.9999947639000105,5.008640801618614e-06,200,0.1,0.0025000000000000005,200,0.35,0.44999999999999996,0.2,1.7715789135215234e-07,0.9188464839552843,0.08115333888682465,200,0.1,0.0025000000000000005,200,0.35,0.44999999999999996,0.2,5.561980383663185e-10,0.7588573366823105,0.24114266276149157,200,0.1,0.0025000000000000005,200,0.35,0.44999999999999996,0.2
148,2.97914990598428e-07,0.9999947811184337,4.9209665757426365e-06,200,0.1,0.0025000000000000005,200,0.35,0.44999999999999996,0.2,2.319075537523582e-07,0.9137973543657751,0.08620241372667115,200,0.1,0.0025000000000000005,200,0.35,0.44999999999999996,0.2,6.236938052972876e-10,0.756802972174483,0.2431970272018232,200,0.1,0.0025000000000000005,200,0.35,0.44999999999999996,0.2
149,3.8894285111020116e-07,0.999994774751057,4.836306091577189e-06,200,0.1,0.0025000000000000005,200,0.35,0.44999999999999996,0.2,3.0263347606880217e-07,0.9086306543347233,0.09136904303180068,200,0.1,0.0025000000000000005,200,0.35,0.44999999999999996,0.2,7.255997414306957e-10,0.755282142927973,0.24471785634642712,200,0.1,0.0025000000000000005,200,0.35,0.44999999999999996,0.2
150,5.061647927026559e-07,0.9999947393574149,4.754477792175685e-06,200,0.1,0.0025000000000000005,200,0.35,0.44999999999999996,0.2,3.9370895355728776e-07,0.9033551700606266,0.09664443623041995,200,0.1,0.0025000000000000005,200,0.35,0.44999999999999996,0.2,8.76808584439967e-10,0.754175530157339,0.2458244689658526,200,0.1,0.0025000000000000005,200,0.35,0.44999999999999996,0.2
151,6.566273976722436e-07,0.9999946680588455,4.675313757133941e-06,200,0.1,0.0025000000000000005,200,0.35,0.44999999999999996,0.2,5.10619737483062e-07,0.897979951687004,0.10201953769325847,200,0.1,0.0025000000000000005,200,0.35,0.44999999999999996,0.2,1.0973569018930929e-09,0.7530043778811005,0.2469956210215428,200,0.1,0.0025000000000000005,200,0.35,0.44999999999999996,0.2
152,8.491330767769919e-07,0.9999945522033398,4.598663583474406e-06,200,0.1,0.0025000000000000005,200,0.35,0.44999999999999996,0.2,6.602230726949535e-07,0.8925143141441101,0.10748502563281703,200,0.1,0.0025000000000000005,200,0.35,0.44999999999999996,0.2,1.4130240372468771e-09,0.7513682463178509,0.24863175226912493,200,0.1,0.0025000000000000005,200,0.35,0.44999999999999996,0.2
153,1.0946421696406416e-06,0.9999943809579682,4.524399862159178e-06,200,0.1,0.0025000000000000005,200,0.35,0.44999999999999996,0.2,8.510605053114809e-07,0.8869678543274113,0.11303129461208322,200,0.1,0.0025000000000000005,200,0.35,0.44999999999999996,0.2,1.8602182265207073e-09,0.749052161904011,0.25094783623577077,200,0.1,0.0025000000000000005,200,0.35,0.44999999999999996,0.2
154,1.4067606471532032e-06,0.9999941408147085,4.452424644520053e-06,200,0.1,0.0025000000000000005,200,0.35,0.44999999999999996,0.2,1.093733926547906e-06,0.8813504789952863,0.11864842727078714,200,0.1,0.0025000000000000005,200,0.35,0.44999999999999996,0.2,2.4879607346758765e-09,0.7458989404814825,0.25410105703055674,200,0.1,0.0025000000000000005,200,0.35,0.44999999999999996,0.2
155,1.8023313215519124e-06,0.9999938149933731,4.382675305438904e-06,200,0.1,0.0025000000000000005,200,0.35,0.44999999999999996,0.2,1.4013555752237505e-06,0.8756724384649842,0.12432616017944058,200,0.1,0.0025000000000000005,200,0.35,0.44999999999999996,0.2,3.359207608314635e-09,0.7418878309431925,0.2581121656975999,200,0.1,0.0025000000000000005,200,0.35,0.44999999999999996,0.2
156,2.302149468946769e-06,0.9999933827234814,4.315127049855815e-06,200,0.1,0.0025000000000000005,200,0.35,0.44999999999999996,0.2,1.7900839618161958e-06,0.8699443681284503,0.13005384178758797,200,0.1,0.0025000000000000005,200,0.35,0.44999999999999996,0.2,4.560152453120934e-09,0.7370788433806834,0.2629211520591642,200,0.1,0.0025000000000000005,200,0.35,0.44999999999999996,0.2
157,2.9318254353699472e-06,0.9999928183861245,4.249788440294955e-06,200,0.1,0.0025000000000000005,200,0.35,0.44999999999999996,0.2,2.2797586736519626e-06,0.8641773538904511,0.13582036635087533,200,0.1,0.0025000000000000005,200,0.35,0.44999999999999996,0.2,6.212625823732547e-09,0.7317377889426162,0.2682622048447577,200,0.1,0.0025000000000000005,200,0.35,0.44999999999999996,0.2
158,3.72281528860772e-06,0.9999920904982914,4.18668642018316e-06,200,0.1,0.0025000000000000005,200,0.35,0.44999999999999996,0.2,2.894647361037322e-06,0.8583830558742587,0.14161404947838033,200,0.1,0.0025000000000000005,200,0.35,0.44999999999999996,0.2,8.480894412997808e-09,0.7263238320728217,0.273676159446284,200,0.1,0.0025000000000000005,200,0.35,0.44999999999999996,0.2
159,4.713633900328032e-06,0.9999911605270971,4.125839002461813e-06,200,0.1,0.0025000000000000005,200,0.35,0.44999999999999996,0.2,3.6643173048440013e-06,0.8525739390554645,0.14742239662723075,200,0.1,0.0025000000000000005,200,0.35,0.44999999999999996,0.2,1.157784855768925e-08,0.7213249760330728,0.2786750123890787,200,0.1,0.0025000000000000005,200,0.35,0.44999999999999996,0.2
160,5.951252164391929e-06,0.9999899815304742,4.067217361297711e-06,200,0.1,0.0025000000000000005,200,0.35,0.44999999999999996,0.2,4.624641279246764e-06,0.8467636563793345,0.1532317189793861,200,0.1,0.0025000000000000005,200,0.35,0.44999999999999996,0.2,1.5795917035351785e-08,0.7168619838845206,0.28313800031956227,200,0.1,0.0025000000000000005,200,0.35,0.44999999999999996,0.2
161,7.492664262102176e-06,0.9999884966314485,4.010704289446746e-06,200,0.1,0.0025000000000000005,200,0.35,0.44999999999999996,0.2,5.818943152389821e-06,0.840967588155687,0.15902659290116053,200,0.1,0.0025000000000000005,200,0.35,0.44999999999999996,0.2,2.1532877796306806e-08,0.7129392168261092,0.28706076164101335,200,0.1,0.0025000000000000005,200,0.35,0.44999999999999996,0.2
162,9.4066027407553e-06,0.9999866373351018,3.956062157370834e-06,200,0.1,0.0025000000000000005,200,0.35,0.44999999999999996,0.2,7.2992862802911235e-06,0.8352034136632447,0.1647892870504749,200,0.1,0.0025000000000000005,200,0.35,0.44999999999999996,0.2,2.9298332792445047e-08,0.7092621859412678,0.29073778476039963,200,0.1,0.0025000000000000005,200,0.35,0.44999999999999996,0.2
163,1.1775401386783811e-05,0.9999843216697052,3.902928907955398e-06,200,0.1,0.0025000000000000005,200,0.35,0.44999999999999996,0.2,9.127920887520974e-06,0.8294912783936405,0.17049959368547196,200,0.1,0.0025000000000000005,200,0.35,0.44999999999999996,0.2,3.978143721073932e-08,0.7059860865086016,0.29401387370996135,200,0.1,0.0025000000000000005,200,0.35,0.44999999999999996,0.2
164,1.4697087408692699e-05,0.9999814520518021,3.850860789360293e-06,200,0.1,0.0025000000000000005,200,0.35,0.44999999999999996,0.2,1.137896208251341e-05,0.8238526556575914,0.17613596538032603,200,0.1,0.0025000000000000005,200,0.35,0.44999999999999996,0.2,5.382342859700901e-08,0.7038348995696994,0.2961650466068719,200,0.1,0.0025000000000000005,200,0.35,0.44999999999999996,0.2
165,1.828792544311689e-05,0.9999779126471191,3.7994274379666894e-06,200,0.1,0.0025000000000000005,200,0.35,0.44999999999999996,0.2,1.414045292451886e-05,0.8183072579524664,0.18167860159460897,200,0.1,0.0025000000000000005,200,0.35,0.44999999999999996,0.2,7.24961725066124e-08,0.7030966999901187,0.2969032275137089,200,0.1,0.0025000000000000005,200,0.35,0.44999999999999996,0.2
166,2.2685746298424982e-05,0.999973565919778,3.7483339232364764e-06,200,0.1,0.0025000000000000005,200,0.35,0.44999999999999996,0.2,1.7516889869272968e-05,0.8128698863522226,0.18711259675790828,200,0.1,0.0025000000000000005,200,0.35,0.44999999999999996,0.2,9.73463343726894e-08,0.7032933542683216,0.2967065483853441,200,0.1,0.0025000000000000005,200,0.35,0.44999999999999996,0.2
167,2.8054297374057138e-05,0.9999682481922313,3.697510394481555e-06,200,0.1,0.0025000000000000005,200,0.35,0.44999999999999996,0.2,2.1631796039801764e-05,0.8075525423183237,0.19242582588563636,200,0.1,0.0025000000000000005,200,0.35,0.44999999999999996,0.2,1.3033774900754812e-07,0.7038965317539037,0.29610333790834736,200,0.1,0.0025000000000000005,200,0.35,0.44999999999999996,0.2
168,3.458846770629731e-05,0.9999617644239104,3.6471083832517956e-06,200,0.1,0.0025000000000000005,200,0.35,0.44999999999999996,0.2,2.6628677470126208e-05,0.8023799678630922,0.19759340345943782,200,0.1,0.0025000000000000005,200,0.35,0.44999999999999996,0.2,1.7366376473233643e-07,0.7041758858352443,0.29582394050099087,200,0.1,0.0025000000000000005,200,0.35,0.44999999999999996,0.2
169,4.251977097072765e-05,0.999953882838522,3.5973905072438875e-06,200,0.1,0.0025000000000000005,200,0.35,0.44999999999999996,0.2,3.266112026289376e-05,0.7974599008289235,0.20250743805081364,200,0.1,0.0025000000000000005,200,0.35,0.44999999999999996,0.2,2.3019556437680603e-07,0.7032894929669561,0.2967102768374796,200,0.1,0.0025000000000000005,200,0.35,0.44999999999999996,0.2
170,5.212128452274052e-05,0.9999443301505462,3.5485649307404117e-06,200,0.1,0.0025000000000000005,200,0.35,0.44999999999999996,0.2,3.9884791390662346e-05,0.7929714248302472,0.2069886903783622,200,0.1,0.0025000000000000005,200,0.35,0.44999999999999996,0.2,3.0423727494281066e-07,0.7016250402780971,0.2983746554846278,200,0.1,0.0025000000000000005,200,0.35,0.44999999999999996,0.2
171,6.3711601451311e-05,0.9999327877484346,3.500650113681909e-06,200,0.1,0.0025000000000000005,200,0.35,0.44999999999999996,0.2,4.852958740093069e-05,0.7887851336677644,0.21116633674483457,200,0.1,0.0025000000000000005,200,0.35,0.44999999999999996,0.2,4.0139876304843794e-07,0.7006137882182981,0.29938581038293877,200,0.1,0.0025000000000000005,200,0.35,0.44999999999999996,0.2
172,7.765807881681921e-05,0.9999188884881043,3.453433078803084e-06,200,0.1,0.0025000000000000005,200,0.35,0.44999999999999996,0.2,5.8869688849879077e-05,0.7847893699139578,0.21515176039719247,200,0.1,0.0025000000000000005,200,0.35,0.44999999999999996,0.2,5.284441023000138e-07,0.7010823636338446,0.29891710792205306,200,0.1,0.0025000000000000005,200,0.35,0.44999999999999996,0.2
173,9.438116346782832e-05,0.9999022122773135,3.4065592186875788e-06,200,0.1,0.0025000000000000005,200,0.35,0.44999999999999996,0.2,7.121309321486332e-05,0.7809454402767085,0.21898334663007654,200,0.1,0.0025000000000000005,200,0.35,0.44999999999999996,0.2,6.931748903740471e-07,0.703059657677512,0.2969396491475975,200,0.1,0.0025000000000000005,200,0.35,0.44999999999999996,0.2
174,0.0001143677809282653,0.9998822723450671,3.359874004938482e-06,200,0.1,0.0025000000000000005,200,0.35,0.44999999999999996,0.2,8.591412306777558e-05,0.7772329382369821,0.22268114763994978,200,0.1,0.0025000000000000005,200,0.35,0.44999999999999996,0.2,9.055852406287989e-07,0.7058204769096568,0.29417861750510277,200,0.1,0.0025000000000000005,200,0.35,0.44999999999999996,0.2
175,0.00013818523294189554,0.9998585013000844,3.313466973520215e-06,200,0.1,0.0025000000000000005,200,0.35,0.44999999999999996,0.2,0.00010337990570325804,0.7736413611527371,0.22625525894155957,200,0.1,0.0025000000000000005,200,0.35,0.44999999999999996,0.2,1.181137446981452e-06,0.7092762331814572,0.2907225856810961,200,0.1,0.0025000000000000005,200,0.35,0.44999999999999996,0.2
176,0.00016644722973960087,0.9998302861179177,3.2666523426452093e-06,200,0.1,0.0025000000000000005,200,0.35,0.44999999999999996,0.2,0.0001240777333246697,0.7701646313911016,0.22971129087557368,200,0.1,0.0025000000000000005,200,0.35,0.44999999999999996,0.2,1.5421164043997593e-06,0.7140328177187667,0.285965640164829,200,0.1,0.0025000000000000005,200,0.35,0.44999999999999996,0.2
177,0.00019983407792564835,0.99979694711178,3.2188102943713615e-06,200,0.1,0.0025000000000000005,200,0.35,0.44999999999999996,0.2,0.00014854982551821148,0.7667875987676527,0.23306385140682923,200,0.1,0.0025000000000000005,200,0.35,0.44999999999999996,0.2,2.0130736974814137e-06,0.7201955624125255,0.27980242451377735,200,0.1,0.0025000000000000005,200,0.35,0.44999999999999996,0.2
178,0.00023922670961777786,0.9997576021200724,3.1711703095992428e-06,200,0.1,0.0025000000000000005,200,0.35,0.44999999999999996,0.2,0.0001774146306551043,0.7635025023534826,0.23632008301586205,200,0.1,0.0025000000000000005,200,0.35,0.44999999999999996,0.2,2.5954325569842905e-06,0.7208006297718059,0.27919677479563704,200,0.1,0.0025000000000000005,200,0.35,0.44999999999999996,0.2
179,0.0002854419737639978,0.9997114356390541,3.122387182124945e-06,200,0.1,0.0025000000000000005,200,0.35,0.44999999999999996,0.2,0.00021133527176521,0.7603516766286649,0.23943698809956981,200,0.1,0.0025000000000000005,200,0.35,0.44999999999999996,0.2,3.3085704568123185e-06,0.7151892369374399,0.2848074544921035,200,0.1,0.0025000000000000005,200,0.35,0.44999999999999996,0.2
180,0.0003397141816619877,0.9996572110879338,3.074730404100922e-06,200,0.1,0.0025000000000000005,200,0.35,0.44999999999999996,0.2,0.00025110513643664535,0.7573181822794736,0.2424307125840897,200,0.1,0.0025000000000000005,200,0.35,0.44999999999999996,0.2,4.199712359383122e-06,0.7081114562777618,0.2918843440098788,200,0.1,0.0025000000000000005,200,0.35,0.44999999999999996,0.2
181,0.0004033595521694904,0.9995936116761596,3.028771670907246e-06,200,0.1,0.0025000000000000005,200,0.35,0.44999999999999996,0.2,0.00029764145555725914,0.7543740612066021,0.2453282973378406,200,0.1,0.0025000000000000005,200,0.35,0.44999999999999996,0.2,5.327195530870594e-06,0.7014846761452108,0.29850999665925854,200,0.1,0.0025000000000000005,200,0.35,0.44999999999999996,0.2
182,0.000476675092205597,0.9995203475852864,2.9773225082340413e-06,200,0.1,0.0025000000000000005,200,0.35,0.44999999999999996,0.2,0.00035196312676657137,0.7515135404207902,0.24813449645244337,200,0.1,0.0025000000000000005,200,0.35,0.44999999999999996,0.2,6.7638412654672e-06,0.6964103441338136,0.30358289202492084,200,0.1,0.0025000000000000005,200,0.35,0.44999999999999996,0.2
183,0.0005611695353216463,0.9994359071937519,2.9232709261601255e-06,200,0.1,0.0025000000000000005,200,0.35,0.44999999999999996,0.2,0.0004152289235604597,0.7487252749341372,0.25085949614230224,200,0.1,0.0025000000000000005,200,0.35,0.44999999999999996,0.2,8.584301832472915e-06,0.693979414135977,0.30601200156219044,200,0.1,0.0025000000000000005,200,0.35,0.44999999999999996,0.2
184,0.0006590210076853138,0.9993381083121753,2.8706801392119284e-06,200,0.1,0.0025000000000000005,200,0.35,0.44999999999999996,0.2,0.0004887498218720305,0.745996726232836,0.2535145239452921,200,0.1,0.0025000000000000005,200,0.35,0.44999999999999996,0.2,1.0856858290258594e-05,0.6949877377547546,0.3050014053869552,200,0.1,0.0025000000000000005,200,0.35,0.44999999999999996,0.2
185,0.0007722321275472868,0.9992249476518076,2.8202206452544935e-06,200,0.1,0.0025000000000000005,200,0.35,0.44999999999999996,0.2,0.0005740034059471662,0.7433158117555343,0.2561101848385186,200,0.1,0.0025000000000000005,200,0.35,0.44999999999999996,0.2,1.3695044111988884e-05,0.6984396941553725,0.3015466108005155,200,0.1,0.0025000000000000005,200,0.35,0.44999999999999996,0.2
186,0.0009028898702731296,0.9990943383268428,2.771802883699694e-06,200,0.1,0.0025000000000000005,200,0.35,0.44999999999999996,0.2,0.0006726461483144212,0.7406728415624794,0.25865451228920605,200,0.1,0.0025000000000000005,200,0.35,0.44999999999999996,0.2,1.7210209950793055e-05,0.7036001486459901,0.2963826411440591,200,0.1,0.0025000000000000005,200,0.35,0.44999999999999996,0.2
187,0.0010531420515669898,0.9989441330185952,2.724929837808156e-06,200,0.1,0.0025000000000000005,200,0.35,0.44999999999999996,0.2,0.0007865265019528617,0.7380609919108218,0.26115248158722537,200,0.1,0.0025000000000000005,200,0.35,0.44999999999999996,0.2,2.1534254439335795e-05,0.7093773211282928,0.2906011446172681,200,0.1,0.0025000000000000005,200,0.35,0.44999999999999996,0.2
188,0.0012254984007599894,0.9987718219652804,2.6796339599316293e-06,200,0.1,0.0025000000000000005,200,0.35,0.44999999999999996,0.2,0.000917709516185533,0.7354729147262231,0.2636093757575913,200,0.1,0.0025000000000000005,200,0.35,0.44999999999999996,0.2,2.6836619379707467e-05,0.7145702380267498,0.2854029253538704,200,0.1,0.0025000000000000005,200,0.35,0.44999999999999996,0.2
189,0.0014228520535828357,0.9985745117996169,2.6361468002378807e-06,200,0.1,0.0025000000000000005,200,0.35,0.44999999999999996,0.2,0.0010685007140275318,0.7328998387789686,0.266031660507004,200,0.1,0.0025000000000000005,200,0.35,0.44999999999999996,0.2,3.326397232523494e-05,0.7193156886078376,0.2806510474198373,200,0.1,0.0025000000000000005,200,0.35,0.44999999999999996,0.2
190,0.0016483262604923383,0.9983490793264184,2.5944130893270975e-06,200,0.1,0.0025000000000000005,200,0.35,0.44999999999999996,0.2,0.001241464944982161,0.730332746631042,0.2684257884239757,200,0.1,0.0025000000000000005,200,0.35,0.44999999999999996,0.2,4.1097629231458086e-05,0.7230676298402302,0.2768912725305383,200,0.1,0.0025000000000000005,200,0.35,0.44999999999999996,0.2
191,0.001905306977532776,0.9980921388458677,2.5541765995591323e-06,200,0.1,0.0025000000000000005,200,0.35,0.44999999999999996,0.2,0.0014394287170755727,0.7277662093789987,0.27079436190392564,200,0.1,0.0025000000000000005,200,0.35,0.44999999999999996,0.2,5.066595398246454e-05,0.725401318998759,0.27454801504725823,200,0.1,0.0025000000000000005,200,0.35,0.44999999999999996,0.2
192,0.0021972710313465944,0.9978002141904105,2.5147782432478156e-06,200,0.1,0.0025000000000000005,200,0.35,0.44999999999999996,0.2,0.0016654546545386306,0.7252040586824074,0.27313048666305406,200,0.1,0.0025000000000000005,200,0.35,0.44999999999999996,0.2,6.232766098179476e-05,0.7261632803780537,0.2737743919609644,200,0.1,0.0025000000000000005,200,0.35,0.44999999999999996,0.2
193,0.0025275294138411854,0.997469995523404,2.4750627549250405e-06,200,0.1,0.0025000000000000005,200,0.35,0.44999999999999996,0.2,0.0019229227962433303,0.7226446817976253,0.27543239540613135,200,0.1,0.0025000000000000005,200,0.35,0.44999999999999996,0.2,7.636656890314266e-05,0.7249750132316792,0.2749486201994175,200,0.1,0.0025000000000000005,200,0.35,0.44999999999999996,0.2
194,0.002899834122031891,0.9970977316769857,2.434200982542106e-06,200,0.1,0.0025000000000000005,200,0.35,0.44999999999999996,0.2,0.002215566229006654,0.7200810627225287,0.2777033710484643,200,0.1,0.0025000000000000005,200,0.35,0.44999999999999996,0.2,9.319499330502622e-05,0.7224958700619627,0.2774109349447324,200,0.1,0.0025000000000000005,200,0.35,0.44999999999999996,0.2
195,0.0033190473879399995,0.9966785605430255,2.3920690344327204e-06,200,0.1,0.0025000000000000005,200,0.35,0.44999999999999996,0.2,0.0025474057122794724,0.7175127807448591,0.27993981354286135,200,0.1,0.0025000000000000005,200,0.35,0.44999999999999996,0.2,0.00011368553212457106,0.7198420871229642,0.2800442273449113,200,0.1,0.0025000000000000005,200,0.35,0.44999999999999996,0.2
196,0.0037903874051902456,0.9962072640805051,2.3485143047152624e-06,200,0.1,0.0025000000000000005,200,0.35,0.44999999999999996,0.2,0.002922743926510585,0.7149443655197791,0.28213289055371016,200,0.1,0.0025000000000000005,200,0.35,0.44999999999999996,0.2,0.00013848410053007482,0.7182375889627447,0.28162392693672506,200,0.1,0.0025000000000000005,200,0.35,0.44999999999999996,0.2
197,0.004319362306689664,0.9956783340103803,2.3036829298712664e-06,200,0.1,0.0025000000000000005,200,0.35,0.44999999999999996,0.2,0.0033460725017461727,0.7123909806457216,0.2842629468525323,200,0.1,0.0025000000000000005,200,0.35,0.44999999999999996,0.2,0.0001684204084219273,0.7180448666822231,0.2817867129093551,200,0.1,0.0025000000000000005,200,0.35,0.44999999999999996,0.2
198,0.004911781553889923,0.9950859599680568,2.2584780529529414e-06,200,0.1,0.0025000000000000005,200,0.35,0.44999999999999996,0.2,0.003821553035501967,0.7099113104933295,0.2862671364711686,200,0.1,0.0025000000000000005,200,0.35,0.44999999999999996,0.2,0.00020379983259081406,0.7203484136705138,0.27944778649689556,200,0.1,0.0025000000000000005,200,0.35,0.44999999999999996,0.2
199,0.005573870593491284,0.9944239143943804,2.2150121284443356e-06,200,0.1,0.0025000000000000005,200,0.35,0.44999999999999996,0.2,0.004353897997767152,0.7075215005260561,0.2881246014761765,200,0.1,0.0025000000000000005,200,0.35,0.44999999999999996,0.2,0.0002453920385060311,0.7246250139059546,0.27512959405553944,200,0.1,0.0025000000000000005,200,0.35,0.44999999999999996,0.2
