,profile_10::Probabilities::Post,profile_10::Probabilities::3rdStair,profile_10::Probabilities::2ndStair,profile_10::Probabilities::1stStair,profile_10::Probabilities::Pre,profile_10::FrameCount,profile_10::SpaceStep,profile_10::TimeStep,profile_10::PointCount,profile_10::RegionLength::Post,profile_10::RegionLength::3rdStair,profile_10::RegionLength::2ndStair,profile_10::RegionLength::1stStair,profile_10::RegionLength::Pre,profile_11::Probabilities::Post,profile_11::Probabilities::3rdStair,profile_11::Probabilities::2ndStair,profile_11::Probabilities::1stStair,profile_11::Probabilities::Pre,profile_11::FrameCount,profile_11::SpaceStep,profile_11::TimeStep,profile_11::PointCount,profile_11::RegionLength::Post,profile_11::RegionLength::3rdStair,profile_11::RegionLength::2ndStair,profile_11::RegionLength::1stStair,profile_11::RegionLength::Pre,profile_12::Probabilities::Post,profile_12::Probabilities::3rdStair,profile_12::Probabilities::2ndStair,profile_12::Probabilities::1stStair,profile_12::Probabilities::Pre,profile_12::FrameCount,profile_12::SpaceStep,profile_12::TimeStep,profile_12::PointCount,profile_12::RegionLength::Post,profile_12::RegionLength::3rdStair,profile_12::RegionLength::2ndStair,profile_12::RegionLength::1stStair,profile_12::RegionLength::Pre,profile_13::Probabilities::Post,profile_13::Probabilities::3rdStair,profile_13::Probabilities::2ndStair,profile_13::Probabilities::1stStair,profile_13::Probabilities::Pre,profile_13::FrameCount,profile_13::SpaceStep,profile_13::TimeStep,profile_13::PointCount,profile_13::RegionLength::Post,profile_13::RegionLength::3rdStair,profile_13::RegionLength::2ndStair,profile_13::RegionLength::1stStair,profile_13::RegionLength::Pre,profile_14::Probabilities::Post,profile_14::Probabilities::3rdStair,profile_14::Probabilities::2ndStair,profile_14::Probabilities::1stStair,profile_14::Probabilities::Pre,profile_14::FrameCount,profile_14::SpaceStep,profile_14::TimeStep,profile_14::PointCount,profile_14::RegionLength::Post,profile_14::RegionLength::3rdStair,profile_14::RegionLength::2ndStair,profile_14::RegionLength::1stStair,profile_14::RegionLength::Pre,profile_15::Probabilities::Post,profile_15::Probabilities::3rdStair,profile_15::Probabilities::2ndStair,profile_15::Probabilities::1stStair,profile_15::Probabilities::Pre,profile_15::FrameCount,profile_15::SpaceStep,profile_15::TimeStep,profile_15::PointCount,profile_15::RegionLength::Post,profile_15::RegionLength::3rdStair,profile_15::RegionLength::2ndStair,profile_15::RegionLength::1stStair,profile_15::RegionLength::Pre,profile_16::Probabilities::Post,profile_16::Probabilities::3rdStair,profile_16::Probabilities::2ndStair,profile_16::Probabilities::1stStair,profile_16::Probabilities::Pre,profile_16::FrameCount,profile_16::SpaceStep,profile_16::TimeStep,profile_16::PointCount,profile_16::RegionLength::Post,profile_16::RegionLength::3rdStair,profile_16::RegionLength::2ndStair,profile_16::RegionLength::1stStair,profile_16::RegionLength::Pre,packetStartX,packetStartY,initialWaveNumber,standardDeviation
0,4.1578525509048895e-49,4.0101802561177615e-29,1.5146302167071738e-14,3.3405096886773957e-05,0.9999665949030984,60,0.01,2.5e-05,400,0.3,0.13333333333333333,0.13333333333333333,0.13333333333333333,0.3,4.1578525509048895e-49,4.0101802561177615e-29,1.5146302167071738e-14,3.3405096886773957e-05,0.9999665949030984,60,0.01,2.5e-05,400,0.3,0.13333333333333333,0.13333333333333333,0.13333333333333333,0.3,4.1578525509048895e-49,4.0101802561177615e-29,1.5146302167071738e-14,3.3405096886773957e-05,0.9999665949030984,60,0.01,2.5e-05,400,0.3,0.13333333333333333,0.13333333333333333,0.13333333333333333,0.3,4.1578525509048895e-49,4.0101802561177615e-29,1.5146302167071738e-14,3.3405096886773957e-05,0.9999665949030984,60,0.01,2.5e-05,400,0.3,0.13333333333333333,0.13333333333333333,0.13333333333333333,0.3,4.1578525509048895e-49,4.0101802561177615e-29,1.5146302167071738e-14,3.3405096886773957e-05,0.9999665949030984,60,0.01,2.5e-05,400,0.3,0.13333333333333333,0.13333333333333333,0.13333333333333333,0.3,4.1578525509048895e-49,4.0101802561177615e-29,1.5146302167071738e-14,3.3405096886773957e-05,0.9999665949030984,60,0.01,2.5e-05,400,0.3,0.13333333333333333,0.13333333333333333,0.13333333333333333,0.3,4.1578525509048895e-49,4.0101802561177615e-29,1.5146302167071738e-14,3.3405096886773957e-05,0.9999665949030984,60,0.01,2.5e-05,400,0.3,0.13333333333333333,0.13333333333333333,0.13333333333333333,0.3,0.85,0.5,40.840704496667314,0.15
1,5.227522010575621e-49,4.7241156683806947e-29,1.6855042179663756e-14,3.5351878484232435e-05,0.9999646481214989,60,0.01,2.5e-05,400,0.3,0.13333333333333333,0.13333333333333333,0.13333333333333333,0.3,5.226189110460617e-49,4.7237711405805735e-29,1.685848822345979e-14,3.5351878484239143e-05,0.9999646481214989,60,0.01,2.5e-05,400,0.3,0.13333333333333333,0.13333333333333333,0.13333333333333333,0.3,5.225724472647711e-49,4.723642794203034e-29,1.6859605982469875e-14,3.535187848424138e-05,0.9999646481214989,60,0.01,2.5e-05,400,0.3,0.13333333333333333,0.13333333333333333,0.13333333333333333,0.3,5.2254883555156255e-49,4.723576093030289e-29,1.6860159030847674e-14,3.53518784842425e-05,0.9999646481214989,60,0.01,2.5e-05,400,0.3,0.13333333333333333,0.13333333333333333,0.13333333333333333,0.3,5.2253454717863826e-49,4.72353526391355e-29,1.6860488989724087e-14,3.535187848424316e-05,0.9999646481214989,60,0.01,2.5e-05,400,0.3,0.13333333333333333,0.13333333333333333,0.13333333333333333,0.3,5.225056977576362e-49,4.723451787727528e-29,1.6861144692360667e-14,3.5351878484244503e-05,0.9999646481214989,60,0.01,2.5e-05,400,0.3,0.13333333333333333,0.13333333333333333,0.13333333333333333,0.3,5.224764852763202e-49,4.723365889034681e-29,1.686179476450904e-14,3.535187848424583e-05,0.9999646481214989,60,0.01,2.5e-05,400,0.3,0.13333333333333333,0.13333333333333333,0.13333333333333333,0.3,0.85,0.5,40.840704496667314,0.15
2,6.5780983129751134e-49,5.566998050057264e-29,1.872941943196276e-14,3.7407628156929605e-05,0.9999625923718243,60,0.01,2.5e-05,400,0.3,0.13333333333333333,0.13333333333333333,0.13333333333333333,0.3,6.574757743999947e-49,5.566194291781871e-29,1.8750907528302884e-14,3.7407628156950456e-05,0.9999625923718243,60,0.01,2.5e-05,400,0.3,0.13333333333333333,0.13333333333333333,0.13333333333333333,0.3,6.573592988147849e-49,5.565894486475623e-29,1.87580277606013e-14,3.7407628156957245e-05,0.9999625923718243,60,0.01,2.5e-05,400,0.3,0.13333333333333333,0.13333333333333333,0.13333333333333333,0.3,6.573001045702709e-49,5.56573861516292e-29,1.8761579721802534e-14,3.74076281569606e-05,0.9999625923718243,60,0.01,2.5e-05,400,0.3,0.13333333333333333,0.13333333333333333,0.13333333333333333,0.3,6.57264282505394e-49,5.565643183760976e-29,1.8763708264324607e-14,3.7407628156962606e-05,0.9999625923718242,60,0.01,2.5e-05,400,0.3,0.13333333333333333,0.13333333333333333,0.13333333333333333,0.3,6.5719195192766874e-49,5.56544802902235e-29,1.8767959379367687e-14,3.74076281569666e-05,0.9999625923718242,60,0.01,2.5e-05,400,0.3,0.13333333333333333,0.13333333333333333,0.13333333333333333,0.3,6.571187074825129e-49,5.565247155287628e-29,1.877220247293256e-14,3.740762815697056e-05,0.9999625923718242,60,0.01,2.5e-05,400,0.3,0.13333333333333333,0.13333333333333333,0.13333333333333333,0.3,0.85,0.5,40.840704496667314,0.15
3,8.284754376127405e-49,6.562451122552775e-29,2.076110940025466e-14,3.957847785255017e-05,0.9999604215221268,60,0.01,2.5e-05,400,0.3,0.13333333333333333,0.13333333333333333,0.13333333333333333,0.3,8.278470842617051e-49,6.561044624340562e-29,2.08305114275815e-14,3.9578477852580055e-05,0.9999604215221267,60,0.01,2.5e-05,400,0.3,0.13333333333333333,0.13333333333333333,0.13333333333333333,0.3,8.276279452627869e-49,6.560519306765905e-29,2.085363459147001e-14,3.9578477852589434e-05,0.9999604215221267,60,0.01,2.5e-05,400,0.3,0.13333333333333333,0.13333333333333333,0.13333333333333333,0.3,8.275165678334432e-49,6.560246075650614e-29,2.0865193284598707e-14,3.9578477852594014e-05,0.9999604215221267,60,0.01,2.5e-05,400,0.3,0.13333333333333333,0.13333333333333333,0.13333333333333333,0.3,8.274491639600771e-49,6.560078756374017e-29,2.0872127466510102e-14,3.9578477852596725e-05,0.9999604215221267,60,0.01,2.5e-05,400,0.3,0.13333333333333333,0.13333333333333333,0.13333333333333333,0.3,8.273130590150031e-49,6.559736516033614e-29,2.0885993312167733e-14,3.957847785260207e-05,0.9999604215221267,60,0.01,2.5e-05,400,0.3,0.13333333333333333,0.13333333333333333,0.13333333333333333,0.3,8.271752273393073e-49,6.559384146684387e-29,2.0899855526318945e-14,3.95784778526073e-05,0.9999604215221265,60,0.01,2.5e-05,400,0.3,0.13333333333333333,0.13333333333333333,0.13333333333333333,0.3,0.85,0.5,40.840704496667314,0.15
4,1.0443037566503871e-48,7.738417878140328e-29,2.2952176817767847e-14,4.187054646891339e-05,0.9999581294535078,60,0.01,2.5e-05,400,0.3,0.13333333333333333,0.13333333333333333,0.13333333333333333,0.3,1.0432524541611128e-48,7.736229878647586e-29,2.3110761346449503e-14,4.187054646893779e-05,0.9999581294535078,60,0.01,2.5e-05,400,0.3,0.13333333333333333,0.13333333333333333,0.13333333333333333,0.3,1.042885722369109e-48,7.735411576511594e-29,2.316365533275078e-14,4.1870546468944745e-05,0.9999581294535078,60,0.01,2.5e-05,400,0.3,0.13333333333333333,0.13333333333333333,0.13333333333333333,0.3,1.042699316172665e-48,7.734985774505656e-29,2.3190105911320842e-14,4.187054646894799e-05,0.9999581294535078,60,0.01,2.5e-05,400,0.3,0.13333333333333333,0.13333333333333333,0.13333333333333333,0.3,1.0425865015936836e-48,7.734724969205003e-29,2.320597708593713e-14,4.1870546468949875e-05,0.9999581294535078,60,0.01,2.5e-05,400,0.3,0.13333333333333333,0.13333333333333333,0.13333333333333333,0.3,1.0423586916031325e-48,7.734191386973788e-29,2.323772073782382e-14,4.1870546468953466e-05,0.9999581294535077,60,0.01,2.5e-05,400,0.3,0.13333333333333333,0.13333333333333333,0.13333333333333333,0.3,1.0421279790374176e-48,7.733641853687764e-29,2.3269465328499683e-14,4.187054646895684e-05,0.9999581294535077,60,0.01,2.5e-05,400,0.3,0.13333333333333333,0.13333333333333333,0.13333333333333333,0.3,0.85,0.5,40.840704496667314,0.15
5,1.3174527214016008e-48,9.128006062043042e-29,2.532489625457534e-14,4.429024917955289e-05,0.9999557097507954,60,0.01,2.5e-05,400,0.3,0.13333333333333333,0.13333333333333333,0.13333333333333333,0.3,1.315802626821242e-48,9.124814753468043e-29,2.5616600045422982e-14,4.4290249179556706e-05,0.9999557097507952,60,0.01,2.5e-05,400,0.3,0.13333333333333333,0.13333333333333333,0.13333333333333333,0.3,1.3152268704277409e-48,9.123619570760084e-29,2.5713900287360167e-14,4.429024917955608e-05,0.9999557097507952,60,0.01,2.5e-05,400,0.3,0.13333333333333333,0.13333333333333333,0.13333333333333333,0.3,1.3149341950537226e-48,9.122997386973337e-29,2.5762557357457264e-14,4.4290249179555405e-05,0.999955709750795,60,0.01,2.5e-05,400,0.3,0.13333333333333333,0.13333333333333333,0.13333333333333333,0.3,1.314757058176337e-48,9.122616213628093e-29,2.5791753138236337e-14,4.42902491795549e-05,0.999955709750795,60,0.01,2.5e-05,400,0.3,0.13333333333333333,0.13333333333333333,0.13333333333333333,0.3,1.3143993443030427e-48,9.121836186773148e-29,2.5850146964091008e-14,4.429024917955361e-05,0.999955709750795,60,0.01,2.5e-05,400,0.3,0.13333333333333333,0.13333333333333333,0.13333333333333333,0.3,1.3140370524081328e-48,9.121032603587322e-29,2.5908542098970124e-14,4.429024917955197e-05,0.9999557097507947,60,0.01,2.5e-05,400,0.3,0.13333333333333333,0.13333333333333333,0.13333333333333333,0.3,0.85,0.5,40.840704496667314,0.15
6,1.6634023124813833e-48,1.0770450726727636e-28,2.7919851987726685e-14,4.684431608491854e-05,0.9999531556838871,60,0.01,2.5e-05,400,0.3,0.13333333333333333,0.13333333333333333,0.13333333333333333,0.3,1.660914368220614e-48,1.0765981840570674e-28,2.8383469431096835e-14,4.6844316084894655e-05,0.9999531556838865,60,0.01,2.5e-05,400,0.3,0.13333333333333333,0.13333333333333333,0.13333333333333333,0.3,1.660046040513475e-48,1.076430581886067e-28,2.853817175373041e-14,4.684431608488389e-05,0.9999531556838865,60,0.01,2.5e-05,400,0.3,0.13333333333333333,0.13333333333333333,0.13333333333333333,0.3,1.6596046041662235e-48,1.0763432929680879e-28,2.861554336485594e-14,4.684431608487799e-05,0.9999531556838865,60,0.01,2.5e-05,400,0.3,0.13333333333333333,0.13333333333333333,0.13333333333333333,0.3,1.659337420730754e-48,1.0762898044746637e-28,2.866197157739524e-14,4.684431608487427e-05,0.9999531556838863,60,0.01,2.5e-05,400,0.3,0.13333333333333333,0.13333333333333333,0.13333333333333333,0.3,1.6587978400681713e-48,1.0761803201584346e-28,2.8754837534728964e-14,4.6844316084866445e-05,0.9999531556838863,60,0.01,2.5e-05,400,0.3,0.13333333333333333,0.13333333333333333,0.13333333333333333,0.3,1.6582513219251037e-48,1.0760674952897233e-28,2.884771295850123e-14,4.684431608485813e-05,0.9999531556838862,60,0.01,2.5e-05,400,0.3,0.13333333333333333,0.13333333333333333,0.13333333333333333,0.3,0.85,0.5,40.840704496667314,0.15
7,2.1018748118300578e-48,1.2712260551389792e-28,3.078364800158628e-14,4.95398232394797e-05,0.99995046017673,60,0.01,2.5e-05,400,0.3,0.13333333333333333,0.13333333333333333,0.13333333333333333,0.3,2.098225500674659e-48,1.2706176000684868e-28,3.145148283865111e-14,4.953982323943069e-05,0.9999504601767292,60,0.01,2.5e-05,400,0.3,0.13333333333333333,0.13333333333333333,0.13333333333333333,0.3,2.0969514957952435e-48,1.27038907173891e-28,3.1674529686590684e-14,4.953982323941026e-05,0.999950460176729,60,0.01,2.5e-05,400,0.3,0.13333333333333333,0.13333333333333333,0.13333333333333333,0.3,2.096303765876134e-48,1.2702699970521252e-28,3.178611667136264e-14,4.953982323939931e-05,0.999950460176729,60,0.01,2.5e-05,400,0.3,0.13333333333333333,0.13333333333333333,0.13333333333333333,0.3,2.095911703860872e-48,1.2701970142575055e-28,3.185308689487243e-14,4.953982323939248e-05,0.999950460176729,60,0.01,2.5e-05,400,0.3,0.13333333333333333,0.13333333333333333,0.13333333333333333,0.3,2.09511989115305e-48,1.2700475907104648e-28,3.1987063881316214e-14,4.953982323937828e-05,0.9999504601767285,60,0.01,2.5e-05,400,0.3,0.13333333333333333,0.13333333333333333,0.13333333333333333,0.3,2.0943178491944632e-48,1.2698935602239217e-28,3.212108382767308e-14,4.953982323936336e-05,0.9999504601767285,60,0.01,2.5e-05,400,0.3,0.13333333333333333,0.13333333333333333,0.13333333333333333,0.3,0.85,0.5,40.840704496667314,0.15
8,2.6580118327339032e-48,1.5008572892488678e-28,3.395589489575768e-14,5.238419539959404e-05,0.9999476158045664,60,0.01,2.5e-05,400,0.3,0.13333333333333333,0.13333333333333333,0.13333333333333333,0.3,2.6527650548978725e-48,1.5000457088284925e-28,3.485936629655136e-14,5.238419539952669e-05,0.9999476158045656,60,0.01,2.5e-05,400,0.3,0.13333333333333333,0.13333333333333333,0.13333333333333333,0.3,2.650932849136272e-48,1.4997404338875007e-28,3.516143526142814e-14,5.2384195399498494e-05,0.9999476158045651,60,0.01,2.5e-05,400,0.3,0.13333333333333333,0.13333333333333333,0.13333333333333333,0.3,2.6500012330167835e-48,1.499581295304144e-28,3.531261101521135e-14,5.238419539948333e-05,0.9999476158045651,60,0.01,2.5e-05,400,0.3,0.13333333333333333,0.13333333333333333,0.13333333333333333,0.3,2.6494373124667064e-48,1.499483733741687e-28,3.540335787763647e-14,5.2384195399473896e-05,0.9999476158045651,60,0.01,2.5e-05,400,0.3,0.13333333333333333,0.13333333333333333,0.13333333333333333,0.3,2.64829835555783e-48,1.499283937704177e-28,3.558493813560085e-14,5.238419539945424e-05,0.999947615804565,60,0.01,2.5e-05,400,0.3,0.13333333333333333,0.13333333333333333,0.13333333333333333,0.3,2.6471446117262704e-48,1.4990779162741344e-28,3.576662429133407e-14,5.238419539943355e-05,0.9999476158045648,60,0.01,2.5e-05,400,0.3,0.13333333333333333,0.13333333333333333,0.13333333333333333,0.3,0.85,0.5,40.840704496667314,0.15
9,3.363881396037495e-48,1.7724762533266759e-28,3.7465424527093065e-14,5.5385212430536567e-05,0.9999446147875319,60,0.01,2.5e-05,400,0.3,0.13333333333333333,0.13333333333333333,0.13333333333333333,0.3,3.356451293198429e-48,1.771410591968948e-28,3.864276780041178e-14,5.5385212430454364e-05,0.9999446147875309,60,0.01,2.5e-05,400,0.3,0.13333333333333333,0.13333333333333333,0.13333333333333333,0.3,3.3538559066946937e-48,1.771009130072223e-28,3.903676578079902e-14,5.538521243041915e-05,0.9999446147875304,60,0.01,2.5e-05,400,0.3,0.13333333333333333,0.13333333333333333,0.13333333333333333,0.3,3.352536112688199e-48,1.7707997483627272e-28,3.9234009390832854e-14,5.538521243040013e-05,0.9999446147875304,60,0.01,2.5e-05,400,0.3,0.13333333333333333,0.13333333333333333,0.13333333333333333,0.3,3.3517371841083973e-48,1.7706713537737155e-28,3.9352427946692133e-14,5.538521243038823e-05,0.9999446147875302,60,0.01,2.5e-05,400,0.3,0.13333333333333333,0.13333333333333333,0.13333333333333333,0.3,3.350123495107206e-48,1.7704083469280247e-28,3.9589417636456326e-14,5.53852124303634e-05,0.9999446147875298,60,0.01,2.5e-05,400,0.3,0.13333333333333333,0.13333333333333333,0.13333333333333333,0.3,3.348488748295633e-48,1.7701370569765912e-28,3.982659605819226e-14,5.538521243033716e-05,0.9999446147875298,60,0.01,2.5e-05,400,0.3,0.13333333333333333,0.13333333333333333,0.13333333333333333,0.3,0.85,0.5,40.840704496667314,0.15
10,4.260409728718772e-48,2.0938358069311206e-28,4.133746997813186e-14,5.855103633729739e-05,0.999941448963621,60,0.01,2.5e-05,400,0.3,0.13333333333333333,0.13333333333333333,0.13333333333333333,0.3,4.250011599876626e-48,2.092453733131885e-28,4.283790901691148e-14,5.855103633719631e-05,0.9999414489636199,60,0.01,2.5e-05,400,0.3,0.13333333333333333,0.13333333333333333,0.13333333333333333,0.3,4.2463783738007956e-48,2.0919322504127197e-28,4.334037273864962e-14,5.855103633715251e-05,0.9999414489636193,60,0.01,2.5e-05,400,0.3,0.13333333333333333,0.13333333333333333,0.13333333333333333,0.3,4.2445306400214333e-48,2.0916601371469303e-28,4.3591970350811006e-14,5.855103633712872e-05,0.999941448963619,60,0.01,2.5e-05,400,0.3,0.13333333333333333,0.13333333333333333,0.13333333333333333,0.3,4.2434120708138503e-48,2.091493233820577e-28,4.374303716441227e-14,5.8551036337113855e-05,0.999941448963619,60,0.01,2.5e-05,400,0.3,0.13333333333333333,0.13333333333333333,0.13333333333333333,0.3,4.2411526449076356e-48,2.091151254187431e-28,4.4045398963607784e-14,5.855103633708272e-05,0.9999414489636187,60,0.01,2.5e-05,400,0.3,0.13333333333333333,0.13333333333333333,0.13333333333333333,0.3,4.2388635782968594e-48,2.090798386929715e-28,4.434804302763161e-14,5.8551036337049786e-05,0.9999414489636183,60,0.01,2.5e-05,400,0.3,0.13333333333333333,0.13333333333333333,0.13333333333333333,0.3,0.85,0.5,40.840704496667314,0.15
11,5.399856079585492e-48,2.4741311593644683e-28,4.560564067957528e-14,6.189021803579568e-05,0.9999381097819188,60,0.01,2.5e-05,400,0.3,0.13333333333333333,0.13333333333333333,0.13333333333333333,0.3,5.385441650921212e-48,2.472356589521574e-28,4.74876655686627e-14,6.189021803566613e-05,0.999938109781917,60,0.01,2.5e-05,400,0.3,0.13333333333333333,0.13333333333333333,0.13333333333333333,0.3,5.380403523770026e-48,2.471685926996012e-28,4.811827352767964e-14,6.189021803561026e-05,0.9999381097819166,60,0.01,2.5e-05,400,0.3,0.13333333333333333,0.13333333333333333,0.13333333333333333,0.3,5.3778410436670106e-48,2.471335792670744e-28,4.843408980098684e-14,6.189021803557991e-05,0.9999381097819162,60,0.01,2.5e-05,400,0.3,0.13333333333333333,0.13333333333333333,0.13333333333333333,0.3,5.3762897057364893e-48,2.4711209799890094e-28,4.8623730687278784e-14,6.189021803556095e-05,0.9999381097819158,60,0.01,2.5e-05,400,0.3,0.13333333333333333,0.13333333333333333,0.13333333333333333,0.3,5.373155944616598e-48,2.470680716293329e-28,4.90033300738275e-14,6.189021803552132e-05,0.9999381097819156,60,0.01,2.5e-05,400,0.3,0.13333333333333333,0.13333333333333333,0.13333333333333333,0.3,5.369980847543391e-48,2.470226281171226e-28,4.938332094298363e-14,6.18902180354794e-05,0.9999381097819152,60,0.01,2.5e-05,400,0.3,0.13333333333333333,0.13333333333333333,0.13333333333333333,0.3,0.85,0.5,40.840704496667314,0.15
12,6.848986539965273e-48,2.9242697628863956e-28,5.0319915469139976e-14,6.541171549043125e-05,0.9999345882844591,60,0.01,2.5e-05,400,0.3,0.13333333333333333,0.13333333333333333,0.13333333333333333,0.3,6.82915868981274e-48,2.922010011456641e-28,5.264579639020578e-14,6.541171549026404e-05,0.9999345882844569,60,0.01,2.5e-05,400,0.3,0.13333333333333333,0.13333333333333333,0.13333333333333333,0.3,6.822226246563367e-48,2.921154564255593e-28,5.342565532532799e-14,6.54117154901926e-05,0.9999345882844561,60,0.01,2.5e-05,400,0.3,0.13333333333333333,0.13333333333333333,0.13333333333333333,0.3,6.818699910741282e-48,2.9207077259900683e-28,5.3816297520065465e-14,6.541171549015393e-05,0.9999345882844559,60,0.01,2.5e-05,400,0.3,0.13333333333333333,0.13333333333333333,0.13333333333333333,0.3,6.816564935545066e-48,2.920433512845526e-28,5.4050892585569536e-14,6.541171549012979e-05,0.9999345882844558,60,0.01,2.5e-05,400,0.3,0.13333333333333333,0.13333333333333333,0.13333333333333333,0.3,6.812251955689231e-48,2.9198713504312762e-28,5.452052260103043e-14,6.541171549007938e-05,0.9999345882844554,60,0.01,2.5e-05,400,0.3,0.13333333333333333,0.13333333333333333,0.13333333333333333,0.3,6.807881763965566e-48,2.919290890508219e-28,5.4990693366968945e-14,6.541171549002615e-05,0.9999345882844549,60,0.01,2.5e-05,400,0.3,0.13333333333333333,0.13333333333333333,0.13333333333333333,0.3,0.85,0.5,40.840704496667314,0.15
13,8.693146296464662e-48,3.45719228830274e-28,5.5545253334475595e-14,6.912491977434962e-05,0.9999308750801701,60,0.01,2.5e-05,400,0.3,0.13333333333333333,0.13333333333333333,0.13333333333333333,0.3,8.666046820126617e-48,3.454334653142979e-28,5.837673581747217e-14,6.912491977414083e-05,0.9999308750801674,60,0.01,2.5e-05,400,0.3,0.13333333333333333,0.13333333333333333,0.13333333333333333,0.3,8.656568852295073e-48,3.4532510233199547e-28,5.932699076707542e-14,6.912491977405191e-05,0.9999308750801665,60,0.01,2.5e-05,400,0.3,0.13333333333333333,0.13333333333333333,0.13333333333333333,0.3,8.65174715279693e-48,3.4526846922104646e-28,5.980312256750496e-14,6.912491977400387e-05,0.9999308750801663,60,0.01,2.5e-05,400,0.3,0.13333333333333333,0.13333333333333333,0.13333333333333333,0.3,8.64882775427408e-48,3.4523370569421054e-28,6.008909734908493e-14,6.912491977397385e-05,0.9999308750801659,60,0.01,2.5e-05,400,0.3,0.13333333333333333,0.13333333333333333,0.13333333333333333,0.3,8.642929764675818e-48,3.4516241696049573e-28,6.066166732303752e-14,6.912491977391132e-05,0.9999308750801656,60,0.01,2.5e-05,400,0.3,0.13333333333333333,0.13333333333333333,0.13333333333333333,0.3,8.636953082345612e-48,3.4508878160640594e-28,6.123500038289468e-14,6.912491977384525e-05,0.9999308750801649,60,0.01,2.5e-05,400,0.3,0.13333333333333333,0.13333333333333333,0.13333333333333333,0.3,0.85,0.5,40.840704496667314,0.15
14,1.1041484864995303e-47,4.0882535523313295e-28,6.135301147455e-14,7.30396713452797e-05,0.9999269603285933,60,0.01,2.5e-05,400,0.3,0.13333333333333333,0.13333333333333333,0.13333333333333333,0.3,1.1004646889710833e-47,4.0846612277398805e-28,6.475193876128621e-14,7.303967134503056e-05,0.9999269603285901,60,0.01,2.5e-05,400,0.3,0.13333333333333333,0.13333333333333333,0.13333333333333333,0.3,1.099175850636699e-47,4.083296606505172e-28,6.589390481784347e-14,7.303967134492395e-05,0.999926960328589,60,0.01,2.5e-05,400,0.3,0.13333333333333333,0.13333333333333333,0.13333333333333333,0.3,1.0985201093234587e-47,4.082583031009673e-28,6.646629882886619e-14,7.303967134486629e-05,0.999926960328589,60,0.01,2.5e-05,400,0.3,0.13333333333333333,0.13333333333333333,0.13333333333333333,0.3,1.0981230542892192e-47,4.082144892182351e-28,6.681015162079525e-14,7.303967134483025e-05,0.9999269603285885,60,0.01,2.5e-05,400,0.3,0.13333333333333333,0.13333333333333333,0.13333333333333333,0.3,1.0973208439263366e-47,4.081246149455373e-28,6.749873263633368e-14,7.303967134475499e-05,0.9999269603285877,60,0.01,2.5e-05,400,0.3,0.13333333333333333,0.13333333333333333,0.13333333333333333,0.3,1.0965078660262665e-47,4.080317483250115e-28,6.818839318654325e-14,7.303967134467556e-05,0.9999269603285872,60,0.01,2.5e-05,400,0.3,0.13333333333333333,0.13333333333333333,0.13333333333333333,0.3,0.85,0.5,40.840704496667314,0.15
15,1.4033663935911596e-47,4.835674943366501e-28,6.781304406597167e-14,7.716627552847798e-05,0.9999228337244038,60,0.01,2.5e-05,400,0.3,0.13333333333333333,0.13333333333333333,0.13333333333333333,0.3,1.3983818014380148e-47,4.831182133507359e-28,7.1846444345248e-14,7.716627552819043e-05,0.9999228337244003,60,0.01,2.5e-05,400,0.3,0.13333333333333333,0.13333333333333333,0.13333333333333333,0.3,1.3966372430811584e-47,4.829472360338864e-28,7.32031801136199e-14,7.71662755280661e-05,0.9999228337243988,60,0.01,2.5e-05,400,0.3,0.13333333333333333,0.13333333333333333,0.13333333333333333,0.3,1.3957495344316782e-47,4.828577797527474e-28,7.388348207070387e-14,7.71662755279986e-05,0.9999228337243983,60,0.01,2.5e-05,400,0.3,0.13333333333333333,0.13333333333333333,0.13333333333333333,0.3,1.3952119899799365e-47,4.828028378053015e-28,7.429223528442486e-14,7.71662755279564e-05,0.9999228337243978,60,0.01,2.5e-05,400,0.3,0.13333333333333333,0.13333333333333333,0.13333333333333333,0.3,1.3941258649434838e-47,4.826901031585221e-28,7.511094683520893e-14,7.716627552786817e-05,0.9999228337243973,60,0.01,2.5e-05,400,0.3,0.13333333333333333,0.13333333333333333,0.13333333333333333,0.3,1.393025071558492e-47,4.8257357140768015e-28,7.59311481923895e-14,7.716627552777484e-05,0.9999228337243967,60,0.01,2.5e-05,400,0.3,0.13333333333333333,0.13333333333333333,0.13333333333333333,0.3,0.85,0.5,40.840704496667314,0.15
16,1.7848472721863352e-47,5.721082141065836e-28,7.499327058302887e-14,8.15155229041786e-05,0.9999184844770208,60,0.01,2.5e-05,400,0.3,0.13333333333333333,0.13333333333333333,0.13333333333333333,0.3,1.7781292260845959e-47,5.7154882229411476e-28,7.973891836822793e-14,8.15155229038499e-05,0.9999184844770161,60,0.01,2.5e-05,400,0.3,0.13333333333333333,0.13333333333333333,0.13333333333333333,0.3,1.7757771197913356e-47,5.7133554590055875e-28,8.133704947611462e-14,8.151552290370637e-05,0.9999184844770149,60,0.01,2.5e-05,400,0.3,0.13333333333333333,0.13333333333333333,0.13333333333333333,0.3,1.7745801190156651e-47,5.712238940097896e-28,8.213868251727927e-14,8.151552290362823e-05,0.9999184844770141,60,0.01,2.5e-05,400,0.3,0.13333333333333333,0.13333333333333333,0.13333333333333333,0.3,1.7738552408713137e-47,5.711553003816853e-28,8.262042263521933e-14,8.151552290357932e-05,0.9999184844770137,60,0.01,2.5e-05,400,0.3,0.13333333333333333,0.13333333333333333,0.13333333333333333,0.3,1.7723905051217235e-47,5.710145109434205e-28,8.358550630382006e-14,8.151552290347689e-05,0.9999184844770126,60,0.01,2.5e-05,400,0.3,0.13333333333333333,0.13333333333333333,0.13333333333333333,0.3,1.7709058621836964e-47,5.708689236410598e-28,8.455257478528891e-14,8.151552290336843e-05,0.9999184844770119,60,0.01,2.5e-05,400,0.3,0.13333333333333333,0.13333333333333333,0.13333333333333333,0.3,0.85,0.5,40.840704496667314,0.15
17,2.2714897037988227e-47,6.7701440928862805e-28,8.296698020426248e-14,8.609871121717597e-05,0.9999139012887001,60,0.01,2.5e-05,400,0.3,0.13333333333333333,0.13333333333333333,0.13333333333333333,0.3,2.262466432243645e-47,6.76320665069995e-28,8.85155223356784e-14,8.609871121679717e-05,0.9999139012886947,60,0.01,2.5e-05,400,0.3,0.13333333333333333,0.13333333333333333,0.13333333333333333,0.3,2.2593060392315253e-47,6.760556592287534e-28,9.038604853829081e-14,8.609871121663092e-05,0.9999139012886932,60,0.01,2.5e-05,400,0.3,0.13333333333333333,0.13333333333333333,0.13333333333333333,0.3,2.257697495622447e-47,6.759168442542056e-28,9.132463305806295e-14,8.609871121654028e-05,0.9999139012886923,60,0.01,2.5e-05,400,0.3,0.13333333333333333,0.13333333333333333,0.13333333333333333,0.3,2.256723334168669e-47,6.75831537841517e-28,9.188876749960398e-14,8.609871121648352e-05,0.999913901288692,60,0.01,2.5e-05,400,0.3,0.13333333333333333,0.13333333333333333,0.13333333333333333,0.3,2.254754745306618e-47,6.756563902161857e-28,9.301911137258708e-14,8.60987112163645e-05,0.9999139012886905,60,0.01,2.5e-05,400,0.3,0.13333333333333333,0.13333333333333333,0.13333333333333333,0.3,2.2527592267756605e-47,6.754752026873172e-28,9.415202429030251e-14,8.609871121623838e-05,0.9999139012886896,60,0.01,2.5e-05,400,0.3,0.13333333333333333,0.13333333333333333,0.13333333333333333,0.3,0.85,0.5,40.840704496667314,0.15
18,2.89263438213303e-47,8.013331712027495e-28,9.18223198758131e-14,9.092766126171195e-05,0.9999090723386463,60,0.01,2.5e-05,400,0.3,0.13333333333333333,0.13333333333333333,0.13333333333333333,0.3,2.8805512170668294e-47,8.004758233306684e-28,9.827506415942456e-14,9.092766126127079e-05,0.9999090723386405,60,0.01,2.5e-05,400,0.3,0.13333333333333333,0.13333333333333333,0.13333333333333333,0.3,2.8763174595417665e-47,8.001476777343669e-28,1.0045278468571331e-13,9.092766126107699e-05,0.9999090723386385,60,0.01,2.5e-05,400,0.3,0.13333333333333333,0.13333333333333333,0.13333333333333333,0.3,2.8741623282152056e-47,7.999756842957495e-28,1.0154588048842468e-13,9.092766126097133e-05,0.9999090723386375,60,0.01,2.5e-05,400,0.3,0.13333333333333333,0.13333333333333333,0.13333333333333333,0.3,2.8728570584699595e-47,7.998699567383615e-28,1.0220299216482283e-13,9.09276612609051e-05,0.9999090723386367,60,0.01,2.5e-05,400,0.3,0.13333333333333333,0.13333333333333333,0.13333333333333333,0.3,2.870219177770439e-47,7.996528114154682e-28,1.0351986047531283e-13,9.092766126076642e-05,0.9999090723386357,60,0.01,2.5e-05,400,0.3,0.13333333333333333,0.13333333333333333,0.13333333333333333,0.3,2.86754496980936e-47,7.994280874750721e-28,1.048400027112943e-13,9.092766126061933e-05,0.9999090723386345,60,0.01,2.5e-05,400,0.3,0.13333333333333333,0.13333333333333333,0.13333333333333333,0.3,0.85,0.5,40.840704496667314,0.15
19,3.6858930803387873e-47,9.486819956351512e-28,1.0166713706188868e-13,9.601474162930805e-05,0.9999039852582692,60,0.01,2.5e-05,400,0.3,0.13333333333333333,0.13333333333333333,0.13333333333333333,0.3,3.6697550915081143e-47,9.476257941617648e-28,1.0913215382438938e-13,9.601474162879362e-05,0.9999039852582621,60,0.01,2.5e-05,400,0.3,0.13333333333333333,0.13333333333333333,0.13333333333333333,0.3,3.6640983270167184e-47,9.4722071985733e-28,1.1165447797907224e-13,9.601474162856777e-05,0.99990398525826,60,0.01,2.5e-05,400,0.3,0.13333333333333333,0.13333333333333333,0.13333333333333333,0.3,3.661218451914529e-47,9.470082724149128e-28,1.1292101005166371e-13,9.60147416284446e-05,0.9999039852582587,60,0.01,2.5e-05,400,0.3,0.13333333333333333,0.13333333333333333,0.13333333333333333,0.3,3.659474118363872e-47,9.468776366233613e-28,1.136825194169564e-13,9.60147416283675e-05,0.9999039852582582,60,0.01,2.5e-05,400,0.3,0.13333333333333333,0.13333333333333333,0.13333333333333333,0.3,3.655948654915852e-47,9.466092457702596e-28,1.152088915423884e-13,9.601474162820586e-05,0.9999039852582567,60,0.01,2.5e-05,400,0.3,0.13333333333333333,0.13333333333333333,0.13333333333333333,0.3,3.652374306936089e-47,9.463313731856086e-28,1.1673941451031706e-13,9.601474162803452e-05,0.9999039852582555,60,0.01,2.5e-05,400,0.3,0.13333333333333333,0.13333333333333333,0.13333333333333333,0.3,0.85,0.5,40.840704496667314,0.15
20,4.6995010812336505e-47,1.1233560203852878e-27,1.1262631862387959e-13,0.00010137289732507411,0.9998986271025619,60,0.01,2.5e-05,400,0.3,0.13333333333333333,0.13333333333333333,0.13333333333333333,0.3,4.677997960821899e-47,1.1220585397443995e-27,1.2121690499776282e-13,0.0001013728973244797,0.999898627102554,60,0.01,2.5e-05,400,0.3,0.13333333333333333,0.13333333333333333,0.13333333333333333,0.3,4.670457482490543e-47,1.1215598927557864e-27,1.241232923218296e-13,0.00010137289732421833,0.9998986271025514,60,0.01,2.5e-05,400,0.3,0.13333333333333333,0.13333333333333333,0.13333333333333333,0.3,4.666618076249516e-47,1.1212982017129231e-27,1.2558326511192946e-13,0.00010137289732407577,0.99989862710255,60,0.01,2.5e-05,400,0.3,0.13333333333333333,0.13333333333333333,0.13333333333333333,0.3,4.664292394782958e-47,1.1211372345108746e-27,1.2646125716893732e-13,0.0001013728973239865,0.9998986271025494,60,0.01,2.5e-05,400,0.3,0.13333333333333333,0.13333333333333333,0.13333333333333333,0.3,4.6595916167689625e-47,1.1208064159792384e-27,1.2822147858932053e-13,0.00010137289732379931,0.9998986271025476,60,0.01,2.5e-05,400,0.3,0.13333333333333333,0.13333333333333333,0.13333333333333333,0.3,4.654825197190407e-47,1.1204637654597165e-27,1.2998694773361137e-13,0.00010137289732360091,0.9998986271025461,60,0.01,2.5e-05,400,0.3,0.13333333333333333,0.13333333333333333,0.13333333333333333,0.3,0.85,0.5,40.840704496667314,0.15
21,5.995343159534298e-47,1.3304553406778301e-27,1.2483521783363847e-13,0.00010701566713637244,0.9998929843327388,60,0.01,2.5e-05,400,0.3,0.13333333333333333,0.13333333333333333,0.13333333333333333,0.3,5.96675092324746e-47,1.3288655806605297e-27,1.3467262822124817e-13,0.00010701566713569345,0.9998929843327294,60,0.01,2.5e-05,400,0.3,0.13333333333333333,0.13333333333333333,0.13333333333333333,0.3,5.956720259637117e-47,1.3282532933213312e-27,1.3800535969285292e-13,0.0001070156671353939,0.9998929843327266,60,0.01,2.5e-05,400,0.3,0.13333333333333333,0.13333333333333333,0.13333333333333333,0.3,5.9516121959523965e-47,1.3279317515709586e-27,1.396802168491097e-13,0.0001070156671352304,0.999892984332725,60,0.01,2.5e-05,400,0.3,0.13333333333333333,0.13333333333333333,0.13333333333333333,0.3,5.948517815524664e-47,1.327733905514266e-27,1.4068764882001722e-13,0.0001070156671351279,0.999892984332724,60,0.01,2.5e-05,400,0.3,0.13333333333333333,0.13333333333333333,0.13333333333333333,0.3,5.942262818772232e-47,1.3273271527508153e-27,1.4270782831299753e-13,0.00010701566713491305,0.9998929843327222,60,0.01,2.5e-05,400,0.3,0.13333333333333333,0.13333333333333333,0.13333333333333333,0.3,5.935919845584222e-47,1.3269056695814994e-27,1.447345965056154e-13,0.00010701566713468506,0.9998929843327204,60,0.01,2.5e-05,400,0.3,0.13333333333333333,0.13333333333333333,0.13333333333333333,0.3,0.85,0.5,40.840704496667314,0.15
22,7.652847833948821e-47,1.5760363433880394e-27,1.384356224690933e-13,0.00011295720737625657,0.9998870427924852,60,0.01,2.5e-05,400,0.3,0.13333333333333333,0.13333333333333333,0.13333333333333333,0.3,7.614900252362428e-47,1.5740930676352878e-27,1.4965460684611097e-13,0.00011295720737548649,0.9998870427924748,60,0.01,2.5e-05,400,0.3,0.13333333333333333,0.13333333333333333,0.13333333333333333,0.3,7.601581753026274e-47,1.5733429702706856e-27,1.5346052018429262e-13,0.00011295720737514535,0.9998870427924712,60,0.01,2.5e-05,400,0.3,0.13333333333333333,0.13333333333333333,0.13333333333333333,0.3,7.594798386515068e-47,1.572948790776379e-27,1.5537399036646984e-13,0.00011295720737495897,0.9998870427924696,60,0.01,2.5e-05,400,0.3,0.13333333333333333,0.13333333333333333,0.13333333333333333,0.3,7.590688830623201e-47,1.5727061692701056e-27,1.565251920898589e-13,0.00011295720737484207,0.9998870427924686,60,0.01,2.5e-05,400,0.3,0.13333333333333333,0.13333333333333333,0.13333333333333333,0.3,7.582381084650573e-47,1.5722071848508361e-27,1.5883418634990985e-13,0.00011295720737459689,0.9998870427924664,60,0.01,2.5e-05,400,0.3,0.13333333333333333,0.13333333333333333,0.13333333333333333,0.3,7.573955624536679e-47,1.571689900192069e-27,1.6115135658416645e-13,0.0001129572073743366,0.9998870427924643,60,0.01,2.5e-05,400,0.3,0.13333333333333333,0.13333333333333333,0.13333333333333333,0.3,0.85,0.5,40.840704496667314,0.15
23,9.77400058615142e-47,1.8672915937662867e-27,1.5357862905634481e-13,0.00011921232001778664,0.9998807876798287,60,0.01,2.5e-05,400,0.3,0.13333333333333333,0.13333333333333333,0.13333333333333333,0.3,9.723721110979852e-47,1.8649213583596204e-27,1.6633213129787376e-13,0.00011921232001691294,0.9998807876798169,60,0.01,2.5e-05,400,0.3,0.13333333333333333,0.13333333333333333,0.13333333333333333,0.3,9.706066538846045e-47,1.864004370786076e-27,1.7066423541257612e-13,0.00011921232001652497,0.9998807876798128,60,0.01,2.5e-05,400,0.3,0.13333333333333333,0.13333333333333333,0.13333333333333333,0.3,9.697073375970208e-47,1.8635221540487772e-27,1.728431455863204e-13,0.00011921232001631286,0.999880787679811,60,0.01,2.5e-05,400,0.3,0.13333333333333333,0.13333333333333333,0.13333333333333333,0.3,9.691624646316878e-47,1.863225242790682e-27,1.741543088851817e-13,0.00011921232001617974,0.9998807876798098,60,0.01,2.5e-05,400,0.3,0.13333333333333333,0.13333333333333333,0.13333333333333333,0.3,9.68060875628127e-47,1.862614381001563e-27,1.7678470348287274e-13,0.00011921232001590056,0.9998807876798073,60,0.01,2.5e-05,400,0.3,0.13333333333333333,0.13333333333333333,0.13333333333333333,0.3,9.669435595802216e-47,1.861980827433293e-27,1.794251115890713e-13,0.0001192123200156041,0.999880787679805,60,0.01,2.5e-05,400,0.3,0.13333333333333333,0.13333333333333333,0.13333333333333333,0.3,0.85,0.5,40.840704496667314,0.15
24,1.24897985496321e-46,2.2127634957305294e-27,1.7043299145499297e-13,0.00012579647421160235,0.9998742035256177,60,0.01,2.5e-05,400,0.3,0.13333333333333333,0.13333333333333333,0.13333333333333333,0.3,1.2423280708106601e-46,2.209878312477426e-27,1.8489338367982345e-13,0.0001257964742106068,0.9998742035256042,60,0.01,2.5e-05,400,0.3,0.13333333333333333,0.13333333333333333,0.13333333333333333,0.3,1.2399913565335246e-46,2.208759481143538e-27,1.898114698896019e-13,0.00012579647421016464,0.9998742035255996,60,0.01,2.5e-05,400,0.3,0.13333333333333333,0.13333333333333333,0.13333333333333333,0.3,1.2388008600899292e-46,2.2081706993987366e-27,1.922860824371888e-13,0.00012579647420992297,0.9998742035255976,60,0.01,2.5e-05,400,0.3,0.13333333333333333,0.13333333333333333,0.13333333333333333,0.3,1.2380795116435692e-46,2.207808045915209e-27,1.9377547307436314e-13,0.0001257964742097713,0.9998742035255963,60,0.01,2.5e-05,400,0.3,0.13333333333333333,0.13333333333333333,0.13333333333333333,0.3,1.236621011263983e-46,2.2070616471452402e-27,1.9676402750766766e-13,0.00012579647420945305,0.9998742035255933,60,0.01,2.5e-05,400,0.3,0.13333333333333333,0.13333333333333333,0.13333333333333333,0.3,1.235141526708474e-46,2.2062871602020465e-27,1.9976471438994278e-13,0.00012579647420911513,0.999874203525591,60,0.01,2.5e-05,400,0.3,0.13333333333333333,0.13333333333333333,0.13333333333333333,0.3,0.85,0.5,40.840704496667314,0.15
25,1.5968564074654652e-46,2.622598217437514e-27,1.891933238048961e-13,0.00013272583184522588,0.9998672741679656,60,0.01,2.5e-05,400,0.3,0.13333333333333333,0.13333333333333333,0.13333333333333333,0.3,1.588068466871001e-46,2.6190927868294956e-27,2.055507301419432e-13,0.00013272583184408782,0.9998672741679503,60,0.01,2.5e-05,400,0.3,0.13333333333333333,0.13333333333333333,0.13333333333333333,0.3,1.5849798686051514e-46,2.6177301390099377e-27,2.111209778093267e-13,0.0001327258318435831,0.9998672741679452,60,0.01,2.5e-05,400,0.3,0.13333333333333333,0.13333333333333333,0.13333333333333333,0.3,1.5834060555899459e-46,2.6170125215690325e-27,2.139248284978409e-13,0.00013272583184330722,0.9998672741679427,60,0.01,2.5e-05,400,0.3,0.13333333333333333,0.13333333333333333,0.13333333333333333,0.3,1.5824523697152587e-46,2.6165703530787963e-27,2.1561270021791978e-13,0.00013272583184313416,0.9998672741679412,60,0.01,2.5e-05,400,0.3,0.13333333333333333,0.13333333333333333,0.13333333333333333,0.3,1.580523934610466e-46,2.6156599495682147e-27,2.1900020115513108e-13,0.00013272583184277117,0.9998672741679383,60,0.01,2.5e-05,400,0.3,0.13333333333333333,0.13333333333333333,0.13333333333333333,0.3,1.5785675339269409e-46,2.614714833572415e-27,2.2240229928756705e-13,0.00013272583184238573,0.9998672741679351,60,0.01,2.5e-05,400,0.3,0.13333333333333333,0.13333333333333333,0.13333333333333333,0.3,0.85,0.5,40.840704496667314,0.15
26,2.0426655870235087e-46,3.108847549849328e-27,2.1008348884119816e-13,0.00014001727969254805,0.9998599827200975,60,0.01,2.5e-05,400,0.3,0.13333333333333333,0.13333333333333333,0.13333333333333333,0.3,2.0310700588413337e-46,3.1045959875278355e-27,2.285439215385087e-13,0.00014001727969124788,0.9998599827200804,60,0.01,2.5e-05,400,0.3,0.13333333333333333,0.13333333333333333,0.13333333333333333,0.3,2.0269927120478625e-46,3.1029391688131528e-27,2.348383531241913e-13,0.00014001727969067208,0.9998599827200744,60,0.01,2.5e-05,400,0.3,0.13333333333333333,0.13333333333333333,0.13333333333333333,0.3,2.024914735666256e-46,3.1020659701061416e-27,2.3800799128710847e-13,0.0001400172796903575,0.9998599827200718,60,0.01,2.5e-05,400,0.3,0.13333333333333333,0.13333333333333333,0.13333333333333333,0.3,2.023655436011257e-46,3.1015277381462188e-27,2.399164340802136e-13,0.00014001727969016018,0.9998599827200699,60,0.01,2.5e-05,400,0.3,0.13333333333333333,0.13333333333333333,0.13333333333333333,0.3,2.0211087926246602e-46,3.100419106835643e-27,2.4374740174019506e-13,0.0001400172796897464,0.9998599827200665,60,0.01,2.5e-05,400,0.3,0.13333333333333333,0.13333333333333333,0.13333333333333333,0.3,2.0185249190144974e-46,3.09926763927878e-27,2.4759585549564905e-13,0.00014001727968930715,0.9998599827200629,60,0.01,2.5e-05,400,0.3,0.13333333333333333,0.13333333333333333,0.13333333333333333,0.3,0.85,0.5,40.840704496667314,0.15
27,2.614227161171039e-46,3.685827566087476e-27,2.333539515621251e-13,0.00014768845865852464,0.9998523115411082,60,0.01,2.5e-05,400,0.3,0.13333333333333333,0.13333333333333333,0.13333333333333333,0.3,2.5989446523513105e-46,3.680679534056699e-27,2.541406465765467e-13,0.00014768845865704462,0.9998523115410887,60,0.01,2.5e-05,400,0.3,0.13333333333333333,0.13333333333333333,0.13333333333333333,0.3,2.593568139968689e-46,3.678668189444644e-27,2.61237434239972e-13,0.0001476884586563897,0.9998523115410823,60,0.01,2.5e-05,400,0.3,0.13333333333333333,0.13333333333333333,0.13333333333333333,0.3,2.5908275950994907e-46,3.677607318027739e-27,2.64812554876218e-13,0.00014768845865603198,0.9998523115410792,60,0.01,2.5e-05,400,0.3,0.13333333333333333,0.13333333333333333,0.13333333333333333,0.3,2.58916662156419e-46,3.6769531561961615e-27,2.669655682813699e-13,0.00014768845865580755,0.999852311541077,60,0.01,2.5e-05,400,0.3,0.13333333333333333,0.13333333333333333,0.13333333333333333,0.3,2.5858073718318223e-46,3.675605190029044e-27,2.712883905983888e-13,0.00014768845865533714,0.9998523115410733,60,0.01,2.5e-05,400,0.3,0.13333333333333333,0.13333333333333333,0.13333333333333333,0.3,2.5823986051851664e-46,3.674204434047869e-27,2.7563207490650637e-13,0.0001476884586548378,0.9998523115410693,60,0.01,2.5e-05,400,0.3,0.13333333333333333,0.13333333333333333,0.13333333333333333,0.3,0.85,0.5,40.840704496667314,0.15
28,3.3473237587896883e-46,4.370544664751521e-27,2.5927784493033266e-13,0.00015575778797539573,0.9998442422117652,60,0.01,2.5e-05,400,0.3,0.13333333333333333,0.13333333333333333,0.13333333333333333,0.3,3.327203201801124e-46,4.3643208039870244e-27,2.826362483514245e-13,0.0001557577879737173,0.9998442422117437,60,0.01,2.5e-05,400,0.3,0.13333333333333333,0.13333333333333333,0.13333333333333333,0.3,3.3201209548151322e-46,4.361882655919807e-27,2.9062119279582875e-13,0.00015575778797297476,0.9998442422117364,60,0.01,2.5e-05,400,0.3,0.13333333333333333,0.13333333333333333,0.13333333333333333,0.3,3.3165103267961757e-46,4.360595638838702e-27,2.9464534656770114e-13,0.0001557577879725691,0.9998442422117327,60,0.01,2.5e-05,400,0.3,0.13333333333333333,0.13333333333333333,0.13333333333333333,0.3,3.3143218248346526e-46,4.359801717559367e-27,2.9706925575611117e-13,0.0001557577879723148,0.9998442422117307,60,0.01,2.5e-05,400,0.3,0.13333333333333333,0.13333333333333333,0.13333333333333333,0.3,3.3098952457668173e-46,4.358165081410282e-27,3.0193699785861237e-13,0.0001557577879717815,0.9998442422117264,60,0.01,2.5e-05,400,0.3,0.13333333333333333,0.13333333333333333,0.13333333333333333,0.3,3.305402864861873e-46,4.356463470348328e-27,3.068294974264406e-13,0.00015575778797121553,0.9998442422117219,60,0.01,2.5e-05,400,0.3,0.13333333333333333,0.13333333333333333,0.13333333333333333,0.3,0.85,0.5,40.840704496667314,0.15
29,4.287994433604373e-46,5.1832019560754516e-27,2.88151129992003e-13,0.00016424449672292047,0.9998357555029894,60,0.01,2.5e-05,400,0.3,0.13333333333333333,0.13333333333333333,0.13333333333333333,0.3,4.261530024701345e-46,5.1756884998023946e-27,3.1435520087429996e-13,0.00016424449672101948,0.9998357555029649,60,0.01,2.5e-05,400,0.3,0.13333333333333333,0.13333333333333333,0.13333333333333333,0.3,4.2522098370048455e-46,5.172737068141502e-27,3.233238455874173e-13,0.00016424449672017914,0.9998357555029568,60,0.01,2.5e-05,400,0.3,0.13333333333333333,0.13333333333333333,0.13333333333333333,0.3,4.2474574270977734e-46,5.171177820385704e-27,3.278454803293714e-13,0.00016424449671972012,0.9998357555029527,60,0.01,2.5e-05,400,0.3,0.13333333333333333,0.13333333333333333,0.13333333333333333,0.3,4.244576597449055e-46,5.170215579654581e-27,3.3056955586191994e-13,0.00016424449671943237,0.9998357555029501,60,0.01,2.5e-05,400,0.3,0.13333333333333333,0.13333333333333333,0.13333333333333333,0.3,4.238749104319968e-46,5.168231110819493e-27,3.3604118773643924e-13,0.00016424449671882899,0.9998357555029451,60,0.01,2.5e-05,400,0.3,0.13333333333333333,0.13333333333333333,0.13333333333333333,0.3,4.232834236736124e-46,5.166166762171076e-27,3.4154200802289647e-13,0.0001642444967181888,0.9998357555029405,60,0.01,2.5e-05,400,0.3,0.13333333333333333,0.13333333333333333,0.13333333333333333,0.3,0.85,0.5,40.840704496667314,0.15
30,5.4954922541391496e-46,6.14780101183776e-27,3.2029841017865645e-13,0.00017316865695949868,0.9998268313427204,60,0.01,2.5e-05,400,0.3,0.13333333333333333,0.13333333333333333,0.13333333333333333,0.3,5.460715210412088e-46,6.138743439215192e-27,3.496557370434844e-13,0.00017316865695734385,0.999826831342693,60,0.01,2.5e-05,400,0.3,0.13333333333333333,0.13333333333333333,0.13333333333333333,0.3,5.448460784926632e-46,6.135175338571601e-27,3.5971513366176425e-13,0.00017316865695639282,0.999826831342684,60,0.01,2.5e-05,400,0.3,0.13333333333333333,0.13333333333333333,0.13333333333333333,0.3,5.442211045303802e-46,6.133288701995936e-27,3.647885001994166e-13,0.00017316865695587356,0.9998268313426795,60,0.01,2.5e-05,400,0.3,0.13333333333333333,0.13333333333333333,0.13333333333333333,0.3,5.4384222057073084e-46,6.1321239396693115e-27,3.678455082178939e-13,0.0001731686569555481,0.9998268313426767,60,0.01,2.5e-05,400,0.3,0.13333333333333333,0.13333333333333333,0.13333333333333333,0.3,5.430757163726608e-46,6.129720745645766e-27,3.739870181386074e-13,0.0001731686569548658,0.9998268313426711,60,0.01,2.5e-05,400,0.3,0.13333333333333333,0.13333333333333333,0.13333333333333333,0.3,5.422976184172758e-46,6.1272194539234025e-27,3.8016271377451606e-13,0.00017316865695414199,0.9998268313426657,60,0.01,2.5e-05,400,0.3,0.13333333333333333,0.13333333333333333,0.13333333333333333,0.3,0.85,0.5,40.840704496667314,0.15
31,7.04609861511008e-46,7.292856568485583e-27,3.560832461016425e-13,0.00018255120938355895,0.9998174487902605,60,0.01,2.5e-05,400,0.3,0.13333333333333333,0.13333333333333333,0.13333333333333333,0.3,7.0004361747720795e-46,7.281952136384033e-27,3.8893664776536334e-13,0.00018255120938111212,0.9998174487902302,60,0.01,2.5e-05,400,0.3,0.13333333333333333,0.13333333333333333,0.13333333333333333,0.3,6.984336992516908e-46,7.27764387520754e-27,4.002062217979446e-13,0.00018255120938003494,0.9998174487902199,60,0.01,2.5e-05,400,0.3,0.13333333333333333,0.13333333333333333,0.13333333333333333,0.3,6.9761248828328476e-46,7.275363885104542e-27,4.0589185222595717e-13,0.00018255120937944722,0.9998174487902151,60,0.01,2.5e-05,400,0.3,0.13333333333333333,0.13333333333333333,0.13333333333333333,0.3,6.971145898230186e-46,7.273955674355476e-27,4.093183545480587e-13,0.00018255120937907894,0.999817448790212,60,0.01,2.5e-05,400,0.3,0.13333333333333333,0.13333333333333333,0.13333333333333333,0.3,6.961072071676592e-46,7.27104887227948e-27,4.162033783606705e-13,0.00018255120937830715,0.9998174487902056,60,0.01,2.5e-05,400,0.3,0.13333333333333333,0.13333333333333333,0.13333333333333333,0.3,6.950844505875308e-46,7.268021721329214e-27,4.23128220668783e-13,0.0001825512093774887,0.9998174487901993,60,0.01,2.5e-05,400,0.3,0.13333333333333333,0.13333333333333333,0.13333333333333333,0.3,0.85,0.5,40.840704496667314,0.15
32,9.038043865885052e-46,8.6522459364984e-27,3.959161974250794e-13,0.00019241399808316405,0.9998075860015211,60,0.01,2.5e-05,400,0.3,0.13333333333333333,0.13333333333333333,0.13333333333333333,0.3,8.97813569011517e-46,8.639134900554391e-27,4.326439957202569e-13,0.00019241399808038364,0.9998075860014872,60,0.01,2.5e-05,400,0.3,0.13333333333333333,0.13333333333333333,0.13333333333333333,0.3,8.957001680351849e-46,8.63393909306164e-27,4.452557872415368e-13,0.0001924139980791631,0.9998075860014756,60,0.01,2.5e-05,400,0.3,0.13333333333333333,0.13333333333333333,0.13333333333333333,0.3,8.946219240454299e-46,8.63118692306688e-27,4.5162064413571816e-13,0.00019241399807849784,0.99980758600147,60,0.01,2.5e-05,400,0.3,0.13333333333333333,0.13333333333333333,0.13333333333333333,0.3,8.93968122426552e-46,8.629486327866749e-27,4.554570991202252e-13,0.0001924139980780809,0.9998075860014665,60,0.01,2.5e-05,400,0.3,0.13333333333333333,0.13333333333333333,0.13333333333333333,0.3,8.926451636607804e-46,8.625974359831367e-27,4.631671480925603e-13,0.00019241399807720793,0.9998075860014598,60,0.01,2.5e-05,400,0.3,0.13333333333333333,0.13333333333333333,0.13333333333333333,0.3,8.913018302312293e-46,8.622314884175442e-27,4.709233875333509e-13,0.00019241399807628254,0.9998075860014529,60,0.01,2.5e-05,400,0.3,0.13333333333333333,0.13333333333333333,0.13333333333333333,0.3,0.85,0.5,40.840704496667314,0.15
33,1.1597856313654455e-45,1.0266218411246481e-26,4.4025842736329165e-13,0.0002027798101475939,0.9997972201894119,60,0.01,2.5e-05,400,0.3,0.13333333333333333,0.13333333333333333,0.13333333333333333,0.3,1.151931551147782e-45,1.0250473717776825e-26,4.812759646490484e-13,0.00020277981014443707,0.9997972201893741,60,0.01,2.5e-05,400,0.3,0.13333333333333333,0.13333333333333333,0.13333333333333333,0.3,1.1491591945556156e-45,1.0244214604564188e-26,4.95375079351299e-13,0.00020277981014305517,0.9997972201893616,60,0.01,2.5e-05,400,0.3,0.13333333333333333,0.13333333333333333,0.13333333333333333,0.3,1.1477444737023642e-45,1.0240896131956082e-26,5.024927908726025e-13,0.00020277981014230236,0.999797220189355,60,0.01,2.5e-05,400,0.3,0.13333333333333333,0.13333333333333333,0.13333333333333333,0.3,1.14688655964795e-45,1.0238844683945068e-26,5.067836957492029e-13,0.00020277981014183094,0.9997972201893511,60,0.01,2.5e-05,400,0.3,0.13333333333333333,0.13333333333333333,0.13333333333333333,0.3,1.1451503905760364e-45,1.0234606130718563e-26,5.154084436407553e-13,0.00020277981014084397,0.9997972201893436,60,0.01,2.5e-05,400,0.3,0.13333333333333333,0.13333333333333333,0.13333333333333333,0.3,1.1433872339931703e-45,1.0230186942837725e-26,5.240866017762974e-13,0.0002027798101397983,0.9997972201893357,60,0.01,2.5e-05,400,0.3,0.13333333333333333,0.13333333333333333,0.13333333333333333,0.3,0.85,0.5,40.840704496667314,0.15
34,1.4888554859556184e-45,1.218259406937157e-26,4.89621249385776e-13,0.00021367240601192705,0.9997863275934984,60,0.01,2.5e-05,400,0.3,0.13333333333333333,0.13333333333333333,0.13333333333333333,0.3,1.4785657055559563e-45,1.2163709266989114e-26,5.353858802272814e-13,0.00021367240600834875,0.9997863275934565,60,0.01,2.5e-05,400,0.3,0.13333333333333333,0.13333333333333333,0.13333333333333333,0.3,1.4749313719208683e-45,1.2156177422868025e-26,5.511319774255048e-13,0.00021367240600678623,0.9997863275934422,60,0.01,2.5e-05,400,0.3,0.13333333333333333,0.13333333333333333,0.13333333333333333,0.3,1.4730764085900975e-45,1.2152180346473368e-26,5.59083545103379e-13,0.00021367240600593564,0.9997863275934351,60,0.01,2.5e-05,400,0.3,0.13333333333333333,0.13333333333333333,0.13333333333333333,0.3,1.4719514057014758e-45,1.214970824029113e-26,5.638778505159907e-13,0.0002136724060054032,0.9997863275934308,60,0.01,2.5e-05,400,0.3,0.13333333333333333,0.13333333333333333,0.13333333333333333,0.3,1.4696744682782668e-45,1.2144598042508385e-26,5.735159427455198e-13,0.00021367240600428877,0.9997863275934223,60,0.01,2.5e-05,400,0.3,0.13333333333333333,0.13333333333333333,0.13333333333333333,0.3,1.4673618018479115e-45,1.2139266828387714e-26,5.832155963529325e-13,0.0002136724060031085,0.9997863275934137,60,0.01,2.5e-05,400,0.3,0.13333333333333333,0.13333333333333333,0.13333333333333333,0.3,0.85,0.5,40.840704496667314,0.15
35,1.912022274562063e-45,1.445818791737535e-26,5.44567389471596e-13,0.00022511655266711637,0.9997748834467882,60,0.01,2.5e-05,400,0.3,0.13333333333333333,0.13333333333333333,0.13333333333333333,0.3,1.898550167782436e-45,1.4435562998308697e-26,5.955854978094223e-13,0.00022511655266306557,0.9997748834467416,60,0.01,2.5e-05,400,0.3,0.13333333333333333,0.13333333333333333,0.13333333333333333,0.3,1.8937888599904385e-45,1.4426509085157844e-26,6.131553321398487e-13,0.00022511655266130106,0.9997748834467255,60,0.01,2.5e-05,400,0.3,0.13333333333333333,0.13333333333333333,0.13333333333333333,0.3,1.8913581784903265e-45,1.4421699516244462e-26,6.220303655895579e-13,0.00022511655266034124,0.9997748834467178,60,0.01,2.5e-05,400,0.3,0.13333333333333333,0.13333333333333333,0.13333333333333333,0.3,1.8898838547213407e-45,1.4418723472828395e-26,6.273822072635601e-13,0.00022511655265974049,0.9997748834467127,60,0.01,2.5e-05,400,0.3,0.13333333333333333,0.13333333333333333,0.13333333333333333,0.3,1.8868995657004866e-45,1.4412568452554022e-26,6.381427018194525e-13,0.00022511655265848376,0.9997748834467034,60,0.01,2.5e-05,400,0.3,0.13333333333333333,0.13333333333333333,0.13333333333333333,0.3,1.8838679962224493e-45,1.440614322024609e-26,6.48973892232737e-13,0.00022511655265715336,0.9997748834466939,60,0.01,2.5e-05,400,0.3,0.13333333333333333,0.13333333333333333,0.13333333333333333,0.3,0.85,0.5,40.840704496667314,0.15
36,2.4563656946127617e-45,1.7160501999224247e-26,6.057127574678403e-13,0.0002371380638946399,0.9997628619354999,60,0.01,2.5e-05,400,0.3,0.13333333333333333,0.13333333333333333,0.13333333333333333,0.3,2.4387378691127295e-45,1.7133426836127574e-26,6.625507937430293e-13,0.0002371380638900557,0.9997628619354474,60,0.01,2.5e-05,400,0.3,0.13333333333333333,0.13333333333333333,0.13333333333333333,0.3,2.432503840235112e-45,1.712255423442097e-26,6.821410674871278e-13,0.00023713806388806443,0.9997628619354298,60,0.01,2.5e-05,400,0.3,0.13333333333333333,0.13333333333333333,0.13333333333333333,0.3,2.4293206374252156e-45,1.711677266713361e-26,6.920392519570248e-13,0.00023713806388698201,0.9997628619354211,60,0.01,2.5e-05,400,0.3,0.13333333333333333,0.13333333333333333,0.13333333333333333,0.3,2.4273896614596883e-45,1.7113193405635338e-26,6.980088325419413e-13,0.00023713806388630474,0.9997628619354157,60,0.01,2.5e-05,400,0.3,0.13333333333333333,0.13333333333333333,0.13333333333333333,0.3,2.4234805613365885e-45,1.7105786962220836e-26,7.100129599314405e-13,0.00023713806388488855,0.9997628619354053,60,0.01,2.5e-05,400,0.3,0.13333333333333333,0.13333333333333333,0.13333333333333333,0.3,2.4195089209179466e-45,1.7098050407523004e-26,7.220979457976223e-13,0.0002371380638833901,0.9997628619353947,60,0.01,2.5e-05,400,0.3,0.13333333333333333,0.13333333333333333,0.13333333333333333,0.3,0.85,0.5,40.840704496667314,0.15
37,3.156798926405264e-45,2.0369735009219267e-26,6.737432235974579e-13,0.00024976383578287505,0.9997502361635435,60,0.01,2.5e-05,400,0.3,0.13333333333333333,0.13333333333333333,0.13333333333333333,0.3,3.133746892179421e-45,2.0337370004179397e-26,7.370304074184723e-13,0.0002497638357776852,0.9997502361634852,60,0.01,2.5e-05,400,0.3,0.13333333333333333,0.13333333333333333,0.13333333333333333,0.3,3.125589223275379e-45,2.0324326129230325e-26,7.58860551950926e-13,0.000249763835775438,0.9997502361634658,60,0.01,2.5e-05,400,0.3,0.13333333333333333,0.13333333333333333,0.13333333333333333,0.3,3.121422853990947e-45,2.0317382681210133e-26,7.69892975256104e-13,0.0002497638357742175,0.9997502361634559,60,0.01,2.5e-05,400,0.3,0.13333333333333333,0.13333333333333333,0.13333333333333333,0.3,3.1188951900447155e-45,2.03130819299578e-26,7.7654736166521e-13,0.0002497638357734543,0.9997502361634503,60,0.01,2.5e-05,400,0.3,0.13333333333333333,0.13333333333333333,0.13333333333333333,0.3,3.1137775168192495e-45,2.0304177762156194e-26,7.899301404332799e-13,0.00024976383577185864,0.9997502361634383,60,0.01,2.5e-05,400,0.3,0.13333333333333333,0.13333333333333333,0.13333333333333333,0.3,3.108577150553769e-45,2.029487059152465e-26,8.034050422212897e-13,0.00024976383577017145,0.9997502361634266,60,0.01,2.5e-05,400,0.3,0.13333333333333333,0.13333333333333333,0.13333333333333333,0.3,0.85,0.5,40.840704496667314,0.15
38,4.058343755162558e-45,2.4181168892259526e-26,7.494184242915487e-13,0.0002630218805383694,0.9997369781187124,60,0.01,2.5e-05,400,0.3,0.13333333333333333,0.13333333333333333,0.13333333333333333,0.3,4.0282151521828426e-45,2.4142522397035968e-26,8.198572575980316e-13,0.00026302188053249165,0.9997369781186479,60,0.01,2.5e-05,400,0.3,0.13333333333333333,0.13333333333333333,0.13333333333333333,0.3,4.017545994132407e-45,2.4126888472982708e-26,8.441706742698896e-13,0.00026302188052995527,0.999736978118626,60,0.01,2.5e-05,400,0.3,0.13333333333333333,0.13333333333333333,0.13333333333333333,0.3,4.012095692286792e-45,2.411855726771985e-26,8.564607386483386e-13,0.0002630218805285789,0.9997369781186153,60,0.01,2.5e-05,400,0.3,0.13333333333333333,0.13333333333333333,0.13333333333333333,0.3,4.0087887057027313e-45,2.4113394232373552e-26,8.63874456606153e-13,0.0002630218805277187,0.9997369781186085,60,0.01,2.5e-05,400,0.3,0.13333333333333333,0.13333333333333333,0.13333333333333333,0.3,4.002092321728193e-45,2.410269891225631e-26,8.78785932017642e-13,0.0002630218805259211,0.9997369781185956,60,0.01,2.5e-05,400,0.3,0.13333333333333333,0.13333333333333333,0.13333333333333333,0.3,3.995286637682826e-45,2.4091511934185817e-26,8.938020179209219e-13,0.00026302188052402143,0.9997369781185824,60,0.01,2.5e-05,400,0.3,0.13333333333333333,0.13333333333333333,0.13333333333333333,0.3,0.85,0.5,40.840704496667314,0.15
39,5.2190685802863965e-45,2.870800408600017e-26,8.335901773230074e-13,0.00027694137087718254,0.999723058628289,60,0.01,2.5e-05,400,0.3,0.13333333333333333,0.13333333333333333,0.13333333333333333,0.3,5.179711892764549e-45,2.866190608446437e-26,9.119569295862073e-13,0.00027694137087052635,0.9997230586282171,60,0.01,2.5e-05,400,0.3,0.13333333333333333,0.13333333333333333,0.13333333333333333,0.3,5.165765182640055e-45,2.8643185109180895e-26,9.390238970466506e-13,0.00027694137086766395,0.9997230586281931,60,0.01,2.5e-05,400,0.3,0.13333333333333333,0.13333333333333333,0.13333333333333333,0.3,5.158638892776439e-45,2.863319764850323e-26,9.527083141502822e-13,0.0002769413708661122,0.9997230586281811,60,0.01,2.5e-05,400,0.3,0.13333333333333333,0.13333333333333333,0.13333333333333333,0.3,5.154314481589329e-45,2.8627004840629636e-26,9.609638804983644e-13,0.0002769413708651427,0.9997230586281735,60,0.01,2.5e-05,400,0.3,0.13333333333333333,0.13333333333333333,0.13333333333333333,0.3,5.145556762190085e-45,2.86141690326824e-26,9.775701743511967e-13,0.0002769413708631181,0.9997230586281591,60,0.01,2.5e-05,400,0.3,0.13333333333333333,0.13333333333333333,0.13333333333333333,0.3,5.136654623664526e-45,2.860073379351029e-26,9.942949395973e-13,0.00027694137086097957,0.9997230586281445,60,0.01,2.5e-05,400,0.3,0.13333333333333333,0.13333333333333333,0.13333333333333333,0.3,0.85,0.5,40.840704496667314,0.15
40,6.713882756126942e-45,3.4084726742028947e-26,9.272070829620213e-13,0.0002915526845680691,0.9997084473145045,60,0.01,2.5e-05,400,0.3,0.13333333333333333,0.13333333333333333,0.13333333333333333,0.3,6.66249765034398e-45,3.4029798215343517e-26,1.0143615664058913e-12,0.0002915526845605367,0.9997084473144251,60,0.01,2.5e-05,400,0.3,0.13333333333333333,0.13333333333333333,0.13333333333333333,0.3,6.64427546386955e-45,3.400740080479205e-26,1.044478694271458e-12,0.000291552684557308,0.999708447314398,60,0.01,2.5e-05,400,0.3,0.13333333333333333,0.13333333333333333,0.13333333333333333,0.3,6.634962323842873e-45,3.399543815354279e-26,1.0597082004431025e-12,0.00029155268455555947,0.9997084473143847,60,0.01,2.5e-05,400,0.3,0.13333333333333333,0.13333333333333333,0.13333333333333333,0.3,6.629310187983019e-45,3.398801646573404e-26,1.0688967259007584e-12,0.0002915526845544675,0.9997084473143766,60,0.01,2.5e-05,400,0.3,0.13333333333333333,0.13333333333333333,0.13333333333333333,0.3,6.617862066675344e-45,3.397262454739168e-26,1.0873813363118683e-12,0.00029155268455218814,0.9997084473143603,60,0.01,2.5e-05,400,0.3,0.13333333333333333,0.13333333333333333,0.13333333333333333,0.3,6.606223183799592e-45,3.3956502246468476e-26,1.1059998091502897e-12,0.00029155268454978203,0.9997084473143442,60,0.01,2.5e-05,400,0.3,0.13333333333333333,0.13333333333333333,0.13333333333333333,0.3,0.85,0.5,40.840704496667314,0.15
41,8.639437037914894e-45,4.047110601740723e-26,1.0313180386092768e-12,0.0003068874389427488,0.9996931125600259,60,0.01,2.5e-05,400,0.3,0.13333333333333333,0.13333333333333333,0.13333333333333333,0.3,8.572380147628911e-45,4.040572336242399e-26,1.1282103313842019e-12,0.00030688743893423205,0.9996931125599374,60,0.01,2.5e-05,400,0.3,0.13333333333333333,0.13333333333333333,0.13333333333333333,0.3,8.548583009835304e-45,4.037895112056328e-26,1.1617077976677009e-12,0.0003068874389305931,0.9996931125599074,60,0.01,2.5e-05,400,0.3,0.13333333333333333,0.13333333333333333,0.13333333333333333,0.3,8.536417592959896e-45,4.036463469937884e-26,1.1786496555406482e-12,0.0003068874389286241,0.9996931125598927,60,0.01,2.5e-05,400,0.3,0.13333333333333333,0.13333333333333333,0.13333333333333333,0.3,8.529033489345965e-45,4.0355747595759285e-26,1.1888719464950207e-12,0.00030688743892739507,0.9996931125598835,60,0.01,2.5e-05,400,0.3,0.13333333333333333,0.13333333333333333,0.13333333333333333,0.3,8.514075318685376e-45,4.0337305397456195e-26,1.2094377100295011e-12,0.0003068874389248306,0.9996931125598656,60,0.01,2.5e-05,400,0.3,0.13333333333333333,0.13333333333333333,0.13333333333333333,0.3,8.498865248717715e-45,4.031797377357006e-26,1.230154359531166e-12,0.00030688743892212525,0.9996931125598475,60,0.01,2.5e-05,400,0.3,0.13333333333333333,0.13333333333333333,0.13333333333333333,0.3,0.85,0.5,40.840704496667314,0.15
42,1.1120453468952153e-44,4.8056940682482214e-26,1.1470813553364909e-12,0.0003229785337506715,0.9996770214651023,60,0.01,2.5e-05,400,0.3,0.13333333333333333,0.13333333333333333,0.13333333333333333,0.3,1.1032986459522103e-44,4.7979194598638944e-26,1.2547685748024314e-12,0.000322978533741048,0.9996770214650043,60,0.01,2.5e-05,400,0.3,0.13333333333333333,0.13333333333333333,0.13333333333333333,0.3,1.1001922848036692e-44,4.794722064605631e-26,1.2920122558740696e-12,0.00032297853373694925,0.9996770214649711,60,0.01,2.5e-05,400,0.3,0.13333333333333333,0.13333333333333333,0.13333333333333333,0.3,1.0986038712597382e-44,4.79301014162344e-26,1.3108506198884287e-12,0.0003229785337347334,0.9996770214649545,60,0.01,2.5e-05,400,0.3,0.13333333333333333,0.13333333333333333,0.13333333333333333,0.3,1.0976396202830788e-44,4.791946809827063e-26,1.3222182102797448e-12,0.000322978533733351,0.9996770214649445,60,0.01,2.5e-05,400,0.3,0.13333333333333333,0.13333333333333333,0.13333333333333333,0.3,1.0956860395029421e-44,4.7897388459171654e-26,1.3450898303889815e-12,0.0003229785337304676,0.9996770214649247,60,0.01,2.5e-05,400,0.3,0.13333333333333333,0.13333333333333333,0.13333333333333333,0.3,1.09369920501971e-44,4.7874226312711417e-26,1.3681311196266592e-12,0.0003229785337274277,0.9996770214649044,60,0.01,2.5e-05,400,0.3,0.13333333333333333,0.13333333333333333,0.13333333333333333,0.3,0.85,0.5,40.840704496667314,0.15
43,1.431790233171137e-44,5.70676941240908e-26,1.2757767139254131e-12,0.0003398601994622506,0.9996601397992617,60,0.01,2.5e-05,400,0.3,0.13333333333333333,0.13333333333333333,0.13333333333333333,0.3,1.4203865209880924e-44,5.697534273854755e-26,1.3954329336933567e-12,0.00033986019945137907,0.9996601397991532,60,0.01,2.5e-05,400,0.3,0.13333333333333333,0.13333333333333333,0.13333333333333333,0.3,1.4163334078975126e-44,5.693718913501557e-26,1.4368295768600822e-12,0.00033986019944676394,0.9996601397991164,60,0.01,2.5e-05,400,0.3,0.13333333333333333,0.13333333333333333,0.13333333333333333,0.3,1.414260344803446e-44,5.691673500724761e-26,1.4577704691242072e-12,0.00033986019944427125,0.9996601397990978,60,0.01,2.5e-05,400,0.3,0.13333333333333333,0.13333333333333333,0.13333333333333333,0.3,1.413001720349952e-44,5.690402244237806e-26,1.470407573274466e-12,0.0003398601994427167,0.9996601397990866,60,0.01,2.5e-05,400,0.3,0.13333333333333333,0.13333333333333333,0.13333333333333333,0.3,1.4104513715639912e-44,5.687760833068456e-26,1.4958345962464595e-12,0.0003398601994394763,0.9996601397990647,60,0.01,2.5e-05,400,0.3,0.13333333333333333,0.13333333333333333,0.13333333333333333,0.3,1.4078571357505476e-44,5.684987739534703e-26,1.5214518742532282e-12,0.00033986019943606173,0.9996601397990424,60,0.01,2.5e-05,400,0.3,0.13333333333333333,0.13333333333333333,0.13333333333333333,0.3,0.85,0.5,40.840704496667314,0.15
44,1.8439565168539583e-44,6.777117850232575e-26,1.4188207878065636e-12,0.00035756803505659484,0.9996424319635246,60,0.01,2.5e-05,400,0.3,0.13333333333333333,0.13333333333333333,0.13333333333333333,0.3,1.8290952821284202e-44,6.766159558701016e-26,1.5517536401309568e-12,0.00035756803504431354,0.9996424319634037,60,0.01,2.5e-05,400,0.3,0.13333333333333333,0.13333333333333333,0.13333333333333333,0.3,1.8238091158437932e-44,6.761610777919526e-26,1.5977562982762333e-12,0.0003575680350391176,0.9996424319633627,60,0.01,2.5e-05,400,0.3,0.13333333333333333,0.13333333333333333,0.13333333333333333,0.3,1.8211046616073126e-44,6.759168928292393e-26,1.6210278418161365e-12,0.000357568035036314,0.9996424319633422,60,0.01,2.5e-05,400,0.3,0.13333333333333333,0.13333333333333333,0.13333333333333333,0.3,1.8194624774074008e-44,6.757650310879575e-26,1.6350717540292144e-12,0.0003575680350345667,0.9996424319633302,60,0.01,2.5e-05,400,0.3,0.13333333333333333,0.13333333333333333,0.13333333333333333,0.3,1.8161344340056401e-44,6.754492831125687e-26,1.6633312294381084e-12,0.00035756803503092565,0.9996424319633055,60,0.01,2.5e-05,400,0.3,0.13333333333333333,0.13333333333333333,0.13333333333333333,0.3,1.812748484974428e-44,6.751175245184978e-26,1.6918035930893004e-12,0.0003575680350270914,0.9996424319632807,60,0.01,2.5e-05,400,0.3,0.13333333333333333,0.13333333333333333,0.13333333333333333,0.3,0.85,0.5,40.840704496667314,0.15
45,2.3753681399381247e-44,8.048548052021753e-26,1.577793578143922e-12,0.0003761390518807693,0.9996238609465414,60,0.01,2.5e-05,400,0.3,0.13333333333333333,0.13333333333333333,0.13333333333333333,0.3,2.3560094906298486e-44,8.035560202507235e-26,1.7254499812729485e-12,0.0003761390518668972,0.9996238609464075,60,0.01,2.5e-05,400,0.3,0.13333333333333333,0.13333333333333333,0.13333333333333333,0.3,2.3491179982815694e-44,8.030142140876933e-26,1.776560100717852e-12,0.0003761390518610484,0.9996238609463621,60,0.01,2.5e-05,400,0.3,0.13333333333333333,0.13333333333333333,0.13333333333333333,0.3,2.345591286019983e-44,8.027229617268299e-26,1.8024161948153702e-12,0.00037613905185789574,0.9996238609463396,60,0.01,2.5e-05,400,0.3,0.13333333333333333,0.13333333333333333,0.13333333333333333,0.3,2.3434495185182344e-44,8.025417080953158e-26,1.8180198879023277e-12,0.0003761390518559315,0.9996238609463258,60,0.01,2.5e-05,400,0.3,0.13333333333333333,0.13333333333333333,0.13333333333333333,0.3,2.3391083690644263e-44,8.021645886085885e-26,1.84941908708665e-12,0.00037613905185184107,0.9996238609462985,60,0.01,2.5e-05,400,0.3,0.13333333333333333,0.13333333333333333,0.13333333333333333,0.3,2.3346908362934964e-44,8.017680127622703e-26,1.881056046737313e-12,0.00037613905184753646,0.9996238609462712,60,0.01,2.5e-05,400,0.3,0.13333333333333333,0.13333333333333333,0.13333333333333333,0.3,0.85,0.5,40.840704496667314,0.15
46,3.060658005762226e-44,9.558835369280146e-26,1.7544465999706336e-12,0.00039561172844104926,0.9996043882698042,60,0.01,2.5e-05,400,0.3,0.13333333333333333,0.13333333333333333,0.13333333333333333,0.3,3.0354516013931825e-44,9.543462950458371e-26,1.918430733186867e-12,0.000395611728425386,0.9996043882696561,60,0.01,2.5e-05,400,0.3,0.13333333333333333,0.13333333333333333,0.13333333333333333,0.3,3.0264708954284437e-44,9.537016684390617e-26,1.9752035834228138e-12,0.000395611728418804,0.9996043882696057,60,0.01,2.5e-05,400,0.3,0.13333333333333333,0.13333333333333333,0.13333333333333333,0.3,3.021873751122296e-44,9.53354643547874e-26,2.0039252019440045e-12,0.0003956117284152597,0.9996043882695808,60,0.01,2.5e-05,400,0.3,0.13333333333333333,0.13333333333333333,0.13333333333333333,0.3,3.0190815158753877e-44,9.531385323877486e-26,2.0212579256058204e-12,0.00039561172841305245,0.9996043882695655,60,0.01,2.5e-05,400,0.3,0.13333333333333333,0.13333333333333333,0.13333333333333333,0.3,3.0134210607350273e-44,9.526885649277786e-26,2.056137070260767e-12,0.0003956117284084584,0.9996043882695352,60,0.01,2.5e-05,400,0.3,0.13333333333333333,0.13333333333333333,0.13333333333333333,0.3,3.007659872228189e-44,9.522149693167616e-26,2.0912813146535816e-12,0.0003956117284036269,0.9996043882695048,60,0.01,2.5e-05,400,0.3,0.13333333333333333,0.13333333333333333,0.13333333333333333,0.3,0.85,0.5,40.840704496667314,0.15
47,3.944546004118603e-44,1.135283419592665e-25,1.950716378177934e-12,0.00041602605669840536,0.9995839739413508,60,0.01,2.5e-05,400,0.3,0.13333333333333333,0.13333333333333333,0.13333333333333333,0.3,3.9117390429624464e-44,1.1334670177486082e-25,2.132811977854965e-12,0.0004160260566807291,0.9995839739411866,60,0.01,2.5e-05,400,0.3,0.13333333333333333,0.13333333333333333,0.13333333333333333,0.3,3.900040380687856e-44,1.132701156087436e-25,2.1958620787401774e-12,0.0004160260566733253,0.9995839739411306,60,0.01,2.5e-05,400,0.3,0.13333333333333333,0.13333333333333333,0.13333333333333333,0.3,3.8940502290999946e-44,1.1322882457178673e-25,2.2277600237114923e-12,0.00041602605666934224,0.999583973941103,60,0.01,2.5e-05,400,0.3,0.13333333333333333,0.13333333333333333,0.13333333333333333,0.3,3.89041137375506e-44,1.1320309199094705e-25,2.2470095141048498e-12,0.00041602605666686305,0.9995839739410861,60,0.01,2.5e-05,400,0.3,0.13333333333333333,0.13333333333333333,0.13333333333333333,0.3,3.883033474169458e-44,1.131494740035655e-25,2.2857447761009296e-12,0.0004160260566617053,0.9995839739410525,60,0.01,2.5e-05,400,0.3,0.13333333333333333,0.13333333333333333,0.13333333333333333,0.3,3.8755227591021746e-44,1.1309298945311372e-25,2.3247752847389537e-12,0.00041602605665628465,0.9995839739410192,60,0.01,2.5e-05,400,0.3,0.13333333333333333,0.13333333333333333,0.13333333333333333,0.3,0.85,0.5,40.840704496667314,0.15
48,5.084782276100138e-44,1.3483798202759237e-25,2.168779085913681e-12,0.00043742358373381345,0.9995625764140971,60,0.01,2.5e-05,400,0.3,0.13333333333333333,0.13333333333333333,0.13333333333333333,0.3,5.042100411829982e-44,1.346238120802075e-25,2.370937164708989e-12,0.00043742358371387665,0.9995625764139148,60,0.01,2.5e-05,400,0.3,0.13333333333333333,0.13333333333333333,0.13333333333333333,0.3,5.026867122475301e-44,1.3453299276445738e-25,2.4409451426261183e-12,0.0004374235837055526,0.9995625764138532,60,0.01,2.5e-05,400,0.3,0.13333333333333333,0.13333333333333333,0.13333333333333333,0.3,5.01906482764628e-44,1.3448395179954942e-25,2.476363217720195e-12,0.00043742358370107867,0.9995625764138224,60,0.01,2.5e-05,400,0.3,0.13333333333333333,0.13333333333333333,0.13333333333333333,0.3,5.014324438258686e-44,1.3445336691609288e-25,2.4977367859334714e-12,0.00043742358369829515,0.9995625764138037,60,0.01,2.5e-05,400,0.3,0.13333333333333333,0.13333333333333333,0.13333333333333333,0.3,5.004711586040756e-44,1.34389589651007e-25,2.540745110860267e-12,0.000437423583692507,0.9995625764137662,60,0.01,2.5e-05,400,0.3,0.13333333333333333,0.13333333333333333,0.13333333333333333,0.3,4.994923657486843e-44,1.343223404973227e-25,2.584081355787457e-12,0.00043742358368642785,0.9995625764137291,60,0.01,2.5e-05,400,0.3,0.13333333333333333,0.13333333333333333,0.13333333333333333,0.3,0.85,0.5,40.840704496667314,0.15
49,6.555950212098407e-44,1.6014960314705463e-25,2.4109922969384746e-12,0.0004598474653801457,0.999540152532209,60,0.01,2.5e-05,400,0.3,0.13333333333333333,0.13333333333333333,0.13333333333333333,0.3,6.500443496251602e-44,1.5989767016986288e-25,2.635399778951277e-12,0.00045984746535766895,0.999540152532007,60,0.01,2.5e-05,400,0.3,0.13333333333333333,0.13333333333333333,0.13333333333333333,0.3,6.480615187266597e-44,1.5979020845314775e-25,2.7131200052882255e-12,0.000459847465348314,0.9995401525319386,60,0.01,2.5e-05,400,0.3,0.13333333333333333,0.13333333333333333,0.13333333333333333,0.3,6.47045633664259e-44,1.5973208973178094e-25,2.752439457735258e-12,0.00045984746534329053,0.9995401525319044,60,0.01,2.5e-05,400,0.3,0.13333333333333333,0.13333333333333333,0.13333333333333333,0.3,6.464283247895879e-44,1.5969581662285503e-25,2.776167080861074e-12,0.0004598474653401668,0.9995401525318839,60,0.01,2.5e-05,400,0.3,0.13333333333333333,0.13333333333333333,0.13333333333333333,0.3,6.451763003597361e-44,1.596201203359441e-25,2.823910463645448e-12,0.0004598474653336742,0.9995401525318425,60,0.01,2.5e-05,400,0.3,0.13333333333333333,0.13333333333333333,0.13333333333333333,0.3,6.43901202509751e-44,1.5954023016336428e-25,2.8720166599160346e-12,0.0004598474653268593,0.9995401525318013,60,0.01,2.5e-05,400,0.3,0.13333333333333333,0.13333333333333333,0.13333333333333333,0.3,0.85,0.5,40.840704496667314,0.15
50,8.454380247171431e-44,1.9021458498627087e-25,2.679946784496198e-12,0.0004833425190153275,0.9995166574783046,60,0.01,2.5e-05,400,0.3,0.13333333333333333,0.13333333333333333,0.13333333333333333,0.3,8.382223906068135e-44,1.8991866292870882e-25,2.9290696724709114e-12,0.0004833425189899944,0.9995166574780812,60,0.01,2.5e-05,400,0.3,0.13333333333333333,0.13333333333333333,0.13333333333333333,0.3,8.356424218541513e-44,1.8979171226186072e-25,3.015339385234058e-12,0.0004833425189794838,0.9995166574780052,60,0.01,2.5e-05,400,0.3,0.13333333333333333,0.13333333333333333,0.13333333333333333,0.3,8.34320192425805e-44,1.8972295104817458e-25,3.0589829474542423e-12,0.0004833425189738452,0.9995166574779673,60,0.01,2.5e-05,400,0.3,0.13333333333333333,0.13333333333333333,0.13333333333333333,0.3,8.335166058185511e-44,1.896800060375009e-25,3.085319385821571e-12,0.00048334251897034044,0.9995166574779443,60,0.01,2.5e-05,400,0.3,0.13333333333333333,0.13333333333333333,0.13333333333333333,0.3,8.318864963257932e-44,1.8959032328232297e-25,3.1383095979223343e-12,0.00048334251896306,0.9995166574778988,60,0.01,2.5e-05,400,0.3,0.13333333333333333,0.13333333333333333,0.13333333333333333,0.3,8.302259846888939e-44,1.894955923380243e-25,3.1917009946920753e-12,0.0004833425189554227,0.9995166574778531,60,0.01,2.5e-05,400,0.3,0.13333333333333333,0.13333333333333333,0.13333333333333333,0.3,0.85,0.5,40.840704496667314,0.15
51,1.0904498660830708e-43,2.259275796855216e-25,2.9786753774878343e-12,0.0005079552658140714,0.9994920447312069,60,0.01,2.5e-05,400,0.3,0.13333333333333333,0.13333333333333333,0.13333333333333333,0.3,1.0810735572792315e-43,2.2557911725101995e-25,3.255125120611495e-12,0.0005079552657855254,0.9994920447309591,60,0.01,2.5e-05,400,0.3,0.13333333333333333,0.13333333333333333,0.13333333333333333,0.3,1.0777178671088648e-43,2.254288912495972e-25,3.3508726588337527e-12,0.0005079552657737194,0.9994920447308752,60,0.01,2.5e-05,400,0.3,0.13333333333333333,0.13333333333333333,0.13333333333333333,0.3,1.0759975400372422e-43,2.253474247083827e-25,3.39930894206339e-12,0.0005079552657673917,0.9994920447308329,60,0.01,2.5e-05,400,0.3,0.13333333333333333,0.13333333333333333,0.13333333333333333,0.3,1.0749518415156632e-43,2.252965166305709e-25,3.4285367487853483e-12,0.0005079552657634606,0.9994920447308078,60,0.01,2.5e-05,400,0.3,0.13333333333333333,0.13333333333333333,0.13333333333333333,0.3,1.0728302283950952e-43,2.2519014628441683e-25,3.487342382372976e-12,0.0005079552657552986,0.9994920447307571,60,0.01,2.5e-05,400,0.3,0.13333333333333333,0.13333333333333333,0.13333333333333333,0.3,1.0706685649819589e-43,2.2507771728116826e-25,3.5465886680730645e-12,0.0005079552657467415,0.9994920447307065,60,0.01,2.5e-05,400,0.3,0.13333333333333333,0.13333333333333333,0.13333333333333333,0.3,0.85,0.5,40.840704496667314,0.15
52,1.4067030736935463e-43,2.6835817139510686e-25,3.3102991971482808e-12,0.0005337339858181967,0.9994662660108717,60,0.01,2.5e-05,400,0.3,0.13333333333333333,0.13333333333333333,0.13333333333333333,0.3,1.3945238685861263e-43,2.6794257933327007e-25,3.617086889978927e-12,0.0005337339857860394,0.999466266010597,60,0.01,2.5e-05,400,0.3,0.13333333333333333,0.13333333333333333,0.13333333333333333,0.3,1.3901608267072792e-43,2.6776290788603145e-25,3.723340452647252e-12,0.0005337339857727812,0.999466266010504,60,0.01,2.5e-05,400,0.3,0.13333333333333333,0.13333333333333333,0.13333333333333333,0.3,1.3879233488834141e-43,2.67665414246091e-25,3.7770887356207536e-12,0.0005337339857656821,0.9994662660104572,60,0.01,2.5e-05,400,0.3,0.13333333333333333,0.13333333333333333,0.13333333333333333,0.3,1.3865630776340168e-43,2.67604475510718e-25,3.80952083221642e-12,0.0005337339857612738,0.9994662660104293,60,0.01,2.5e-05,400,0.3,0.13333333333333333,0.13333333333333333,0.13333333333333333,0.3,1.3838027370072464e-43,2.674771169822152e-25,3.874770234411112e-12,0.0005337339857521253,0.9994662660103731,60,0.01,2.5e-05,400,0.3,0.13333333333333333,0.13333333333333333,0.13333333333333333,0.3,1.380989646974685e-43,2.67342472203871e-25,3.940503698271531e-12,0.0005337339857425404,0.9994662660103171,60,0.01,2.5e-05,400,0.3,0.13333333333333333,0.13333333333333333,0.13333333333333333,0.3,0.85,0.5,40.840704496667314,0.15
53,1.8149599775519446e-43,3.187932159350012e-25,3.678401583175897e-12,0.0005607287811511332,0.9994392712151703,60,0.01,2.5e-05,400,0.3,0.13333333333333333,0.13333333333333333,0.13333333333333333,0.3,1.7991461686150503e-43,3.182813813990849e-25,4.0188541539298805e-12,0.0005607287811149218,0.9994392712148662,60,0.01,2.5e-05,400,0.3,0.13333333333333333,0.13333333333333333,0.13333333333333333,0.3,1.7934754492908223e-43,3.1806031235824574e-25,4.1367524131259515e-12,0.0005607287811000378,0.9994392712147632,60,0.01,2.5e-05,400,0.3,0.13333333333333333,0.13333333333333333,0.13333333333333333,0.3,1.7905663993635153e-43,3.1794039943379145e-25,4.19638725424443e-12,0.0005607287810920755,0.9994392712147115,60,0.01,2.5e-05,400,0.3,0.13333333333333333,0.13333333333333333,0.13333333333333333,0.3,1.7887975493485735e-43,3.1786546252402244e-25,4.232369875728e-12,0.0005607287810871332,0.9994392712146805,60,0.01,2.5e-05,400,0.3,0.13333333333333333,0.13333333333333333,0.13333333333333333,0.3,1.7852074413190174e-43,3.177088852302115e-25,4.304758936611619e-12,0.0005607287810768821,0.9994392712146183,60,0.01,2.5e-05,400,0.3,0.13333333333333333,0.13333333333333333,0.13333333333333333,0.3,1.7815478723425533e-43,3.1754340306967896e-25,4.377678693107292e-12,0.0005607287810661489,0.9994392712145562,60,0.01,2.5e-05,400,0.3,0.13333333333333333,0.13333333333333333,0.13333333333333333,0.3,0.85,0.5,40.840704496667314,0.15
54,2.342042057801303e-43,3.7879189105539626e-25,4.086961847284431e-12,0.0005889916229969001,0.999411008372916,60,0.01,2.5e-05,400,0.3,0.13333333333333333,0.13333333333333333,0.13333333333333333,0.3,2.321516968618783e-43,3.7812427109851273e-25,4.464744458987773e-12,0.000588991622956142,0.9994110083725789,60,0.01,2.5e-05,400,0.3,0.13333333333333333,0.13333333333333333,0.13333333333333333,0.3,2.3141493188749143e-43,3.778374910560562e-25,4.595546393676225e-12,0.0005889916229394387,0.9994110083724649,60,0.01,2.5e-05,400,0.3,0.13333333333333333,0.13333333333333333,0.13333333333333333,0.3,2.3103684708887755e-43,3.7768214759917916e-25,4.6617034891614955e-12,0.0005889916229305113,0.9994110083724076,60,0.01,2.5e-05,400,0.3,0.13333333333333333,0.13333333333333333,0.13333333333333333,0.3,2.308069127201702e-43,3.7758513043868067e-25,4.701619816156179e-12,0.0005889916229249726,0.9994110083723734,60,0.01,2.5e-05,400,0.3,0.13333333333333333,0.13333333333333333,0.13333333333333333,0.3,2.303401440712857e-43,3.7738254779023606e-25,4.781918102641149e-12,0.00058899162291349,0.9994110083723045,60,0.01,2.5e-05,400,0.3,0.13333333333333333,0.13333333333333333,0.13333333333333333,0.3,2.2986423059210154e-43,3.771686079483127e-25,4.862797593655085e-12,0.0005889916229014741,0.9994110083722358,60,0.01,2.5e-05,400,0.3,0.13333333333333333,0.13333333333333333,0.13333333333333333,0.3,0.85,0.5,40.840704496667314,0.15
55,3.0225990569002394e-43,4.502480079388225e-25,4.540350146764693e-12,0.0006185764020239315,0.999381423593436,60,0.01,2.5e-05,400,0.3,0.13333333333333333,0.13333333333333333,0.13333333333333333,0.3,2.9959694443085147e-43,4.493118979362711e-25,4.959531012284106e-12,0.0006185764019780753,0.9993814235930623,60,0.01,2.5e-05,400,0.3,0.13333333333333333,0.13333333333333333,0.13333333333333333,0.3,2.9864005371452855e-43,4.489128482458883e-25,5.104632021946092e-12,0.0006185764019593374,0.9993814235929359,60,0.01,2.5e-05,400,0.3,0.13333333333333333,0.13333333333333333,0.13333333333333333,0.3,2.9814883664385743e-43,4.486970215316e-25,5.1780151426816995e-12,0.0006185764019493313,0.9993814235928725,60,0.01,2.5e-05,400,0.3,0.13333333333333333,0.13333333333333333,0.13333333333333333,0.3,2.978500475158115e-43,4.485623138555113e-25,5.222289100938283e-12,0.0006185764019431265,0.9993814235928347,60,0.01,2.5e-05,400,0.3,0.13333333333333333,0.13333333333333333,0.13333333333333333,0.3,2.972433868579259e-43,4.482811840475743e-25,5.31134801959295e-12,0.0006185764019302686,0.9993814235927585,60,0.01,2.5e-05,400,0.3,0.13333333333333333,0.13333333333333333,0.13333333333333333,0.3,2.966246890754017e-43,4.479844555778452e-25,5.401042799693366e-12,0.0006185764019168217,0.9993814235926821,60,0.01,2.5e-05,400,0.3,0.13333333333333333,0.13333333333333333,0.13333333333333333,0.3,0.85,0.5,40.840704496667314,0.15
56,3.901394521220041e-43,5.354325566626058e-25,5.043399670233668e-12,0.000649538993058539,0.9993504610018982,60,0.01,2.5e-05,400,0.3,0.13333333333333333,0.13333333333333333,0.13333333333333333,0.3,3.866858222200144e-43,5.340458528669245e-25,5.5084952065891296e-12,0.0006495389930069664,0.9993504610014845,60,0.01,2.5e-05,400,0.3,0.13333333333333333,0.13333333333333333,0.13333333333333333,0.3,3.854434878801928e-43,5.334572873071883e-25,5.6694394551926604e-12,0.0006495389929859531,0.999350461001345,60,0.01,2.5e-05,400,0.3,0.13333333333333333,0.13333333333333333,0.13333333333333333,0.3,3.8480551209367624e-43,5.3313900582937615e-25,5.750827541856968e-12,0.0006495389929747419,0.9993504610012744,60,0.01,2.5e-05,400,0.3,0.13333333333333333,0.13333333333333333,0.13333333333333333,0.3,3.84417384901305e-43,5.3294032067185e-25,5.799928400569179e-12,0.0006495389929677928,0.9993504610012325,60,0.01,2.5e-05,400,0.3,0.13333333333333333,0.13333333333333333,0.13333333333333333,0.3,3.836291777321333e-43,5.3252552775687345e-25,5.898690432805495e-12,0.0006495389929533992,0.9993504610011479,60,0.01,2.5e-05,400,0.3,0.13333333333333333,0.13333333333333333,0.13333333333333333,0.3,3.8282512957968075e-43,5.320874216888109e-25,5.998147217682081e-12,0.0006495389929383557,0.9993504610010637,60,0.01,2.5e-05,400,0.3,0.13333333333333333,0.13333333333333333,0.13333333333333333,0.3,0.85,0.5,40.840704496667314,0.15
57,5.036258244268566e-43,6.36943946591023e-25,5.601461919089645e-12,0.0006819373083001917,0.9993180626860981,60,0.01,2.5e-05,400,0.3,0.13333333333333333,0.13333333333333333,0.13333333333333333,0.3,4.991485104731653e-43,6.348906489172586e-25,6.1174805720353324e-12,0.0006819373082422074,0.9993180626856402,60,0.01,2.5e-05,400,0.3,0.13333333333333333,0.13333333333333333,0.13333333333333333,0.3,4.975361676413618e-43,6.340151910510787e-25,6.295973362406809e-12,0.0006819373082186488,0.9993180626854851,60,0.01,2.5e-05,400,0.3,0.13333333333333333,0.13333333333333333,0.13333333333333333,0.3,4.967078793606461e-43,6.335405009716711e-25,6.386229088677631e-12,0.0006819373082060912,0.9993180626854076,60,0.01,2.5e-05,400,0.3,0.13333333333333333,0.13333333333333333,0.13333333333333333,0.3,4.9620387784512154e-43,6.33243712306539e-25,6.440676566080619e-12,0.0006819373081983104,0.9993180626853608,60,0.01,2.5e-05,400,0.3,0.13333333333333333,0.13333333333333333,0.13333333333333333,0.3,4.951801477272205e-43,6.326229347466143e-25,6.550184890927783e-12,0.0006819373081822027,0.9993180626852675,60,0.01,2.5e-05,400,0.3,0.13333333333333333,0.13333333333333333,0.13333333333333333,0.3,4.941355749233041e-43,6.319655229752197e-25,6.660451504963336e-12,0.0006819373081653774,0.9993180626851739,60,0.01,2.5e-05,400,0.3,0.13333333333333333,0.13333333333333333,0.13333333333333333,0.3,0.85,0.5,40.840704496667314,0.15
58,6.501899952816542e-43,7.574192202712197e-25,6.220455624866626e-12,0.0007158313460384106,0.9992841686477411,60,0.01,2.5e-05,400,0.3,0.13333333333333333,0.13333333333333333,0.13333333333333333,0.3,6.443878379108653e-43,7.546440934455632e-25,6.792928651732994e-12,0.0007158313459732373,0.9992841686472339,60,0.01,2.5e-05,400,0.3,0.13333333333333333,0.13333333333333333,0.13333333333333333,0.3,6.422960445692501e-43,7.5343712822495605e-25,6.990874680112356e-12,0.0007158313459468322,0.9992841686470623,60,0.01,2.5e-05,400,0.3,0.13333333333333333,0.13333333333333333,0.13333333333333333,0.3,6.412210525521226e-43,7.527780750892499e-25,7.09095288710345e-12,0.0007158313459327697,0.9992841686469766,60,0.01,2.5e-05,400,0.3,0.13333333333333333,0.13333333333333333,0.13333333333333333,0.3,6.405668112135752e-43,7.5236450246448635e-25,7.151322039997278e-12,0.0007158313459240601,0.9992841686469247,60,0.01,2.5e-05,400,0.3,0.13333333333333333,0.13333333333333333,0.13333333333333333,0.3,6.392376396204963e-43,7.51495904372645e-25,7.2727311982547e-12,0.0007158313459060386,0.9992841686468213,60,0.01,2.5e-05,400,0.3,0.13333333333333333,0.13333333333333333,0.13333333333333333,0.3,6.378810499447835e-43,7.505711162547951e-25,7.394967062628165e-12,0.0007158313458872255,0.9992841686467179,60,0.01,2.5e-05,400,0.3,0.13333333333333333,0.13333333333333333,0.13333333333333333,0.3,0.85,0.5,40.840704496667314,0.15
59,8.394835313875798e-43,8.987720393213865e-25,6.906929159938474e-12,0.0007512832584830957,0.9992487167346104,60,0.01,2.5e-05,400,0.3,0.13333333333333333,0.13333333333333333,0.13333333333333333,0.3,8.319674612193285e-43,8.959391321043523e-25,7.542007401673874e-12,0.0007512832584098657,0.9992487167340484,60,0.01,2.5e-05,400,0.3,0.13333333333333333,0.13333333333333333,0.13333333333333333,0.3,8.292546338504124e-43,8.946284446326625e-25,7.761486902876596e-12,0.0007512832583802786,0.9992487167338586,60,0.01,2.5e-05,400,0.3,0.13333333333333333,0.13333333333333333,0.13333333333333333,0.3,8.27859952558361e-43,8.938997458670615e-25,7.872443989159434e-12,0.0007512832583645348,0.9992487167337633,60,0.01,2.5e-05,400,0.3,0.13333333333333333,0.13333333333333333,0.13333333333333333,0.3,8.270109829347202e-43,8.934384322415007e-25,7.939371014800322e-12,0.0007512832583547885,0.9992487167337062,60,0.01,2.5e-05,400,0.3,0.13333333333333333,0.13333333333333333,0.13333333333333333,0.3,8.252858331713e-43,8.924604859155652e-25,8.073958160944564e-12,0.0007512832583346305,0.9992487167335915,60,0.01,2.5e-05,400,0.3,0.13333333333333333,0.13333333333333333,0.13333333333333333,0.3,8.235246229067002e-43,8.914071762647404e-25,8.209445584391514e-12,0.0007512832583135998,0.9992487167334771,60,0.01,2.5e-05,400,0.3,0.13333333333333333,0.13333333333333333,0.13333333333333333,0.3,0.85,0.5,40.840704496667314,0.15
