,pull_00::Probabilities::Post,pull_00::Probabilities::3rdStair,pull_00::Probabilities::2ndStair,pull_00::Probabilities::1stStair,pull_00::Probabilities::Pre,pull_00::FrameCount,pull_00::SpaceStep,pull_00::TimeStep,pull_00::PointCount,pull_00::RegionLength::Post,pull_00::RegionLength::3rdStair,pull_00::RegionLength::2ndStair,pull_00::RegionLength::1stStair,pull_00::RegionLength::Pre,pull_01::Probabilities::Post,pull_01::Probabilities::3rdStair,pull_01::Probabilities::2ndStair,pull_01::Probabilities::1stStair,pull_01::Probabilities::Pre,pull_01::FrameCount,pull_01::SpaceStep,pull_01::TimeStep,pull_01::PointCount,pull_01::RegionLength::Post,pull_01::RegionLength::3rdStair,pull_01::RegionLength::2ndStair,pull_01::RegionLength::1stStair,pull_01::RegionLength::Pre,pull_02::Probabilities::Post,pull_02::Probabilities::3rdStair,pull_02::Probabilities::2ndStair,pull_02::Probabilities::1stStair,pull_02::Probabilities::Pre,pull_02::FrameCount,pull_02::SpaceStep,pull_02::TimeStep,pull_02::PointCount,pull_02::RegionLength::Post,pull_02::RegionLength::3rdStair,pull_02::RegionLength::2ndStair,pull_02::RegionLength::1stStair,pull_02::RegionLength::Pre,pull_03::Probabilities::Post,pull_03::Probabilities::3rdStair,pull_03::Probabilities::2ndStair,pull_03::Probabilities::1stStair,pull_03::Probabilities::Pre,pull_03::FrameCount,pull_03::SpaceStep,pull_03::TimeStep,pull_03::PointCount,pull_03::RegionLength::Post,pull_03::RegionLength::3rdStair,pull_03::RegionLength::2ndStair,pull_03::RegionLength::1stStair,pull_03::RegionLength::Pre,pull_04::Probabilities::Post,pull_04::Probabilities::3rdStair,pull_04::Probabilities::2ndStair,pull_04::Probabilities::1stStair,pull_04::Probabilities::Pre,pull_04::FrameCount,pull_04::SpaceStep,pull_04::TimeStep,pull_04::PointCount,pull_04::RegionLength::Post,pull_04::RegionLength::3rdStair,pull_04::RegionLength::2ndStair,pull_04::RegionLength::1stStair,pull_04::RegionLength::Pre,pull_05::Probabilities::Post,pull_05::Probabilities::3rdStair,pull_05::Probabilities::2ndStair,pull_05::Probabilities::1stStair,pull_05::Probabilities::Pre,pull_05::FrameCount,pull_05::SpaceStep,pull_05::TimeStep,pull_05::PointCount,pull_05::RegionLength::Post,pull_05::RegionLength::3rdStair,pull_05::RegionLength::2ndStair,pull_05::RegionLength::1stStair,pull_05::RegionLength::Pre,pull_06::Probabilities::Post,pull_06::Probabilities::3rdStair,pull_06::Probabilities::2ndStair,pull_06::Probabilities::1stStair,pull_06::Probabilities::Pre,pull_06::FrameCount,pull_06::SpaceStep,pull_06::TimeStep,pull_06::PointCount,pull_06::RegionLength::Post,pull_06::RegionLength::3rdStair,pull_06::RegionLength::2ndStair,pull_06::RegionLength::1stStair,pull_06::RegionLength::Pre,packetStartX,packetStartY,initialWaveNumber,standardDeviation
0,4.1578525509048956e-49,4.0101802561177795e-29,1.5146302167071735e-14,3.340509688677395e-05,0.9999665949030979,60,0.01,2.5e-05,400,0.3,0.13333333333333333,0.13333333333333333,0.13333333333333333,0.3,4.1578525509048956e-49,4.0101802561177795e-29,1.5146302167071735e-14,3.340509688677395e-05,0.9999665949030979,60,0.01,2.5e-05,400,0.3,0.13333333333333333,0.13333333333333333,0.13333333333333333,0.3,4.1578525509048956e-49,4.0101802561177795e-29,1.5146302167071735e-14,3.340509688677395e-05,0.9999665949030979,60,0.01,2.5e-05,400,0.3,0.13333333333333333,0.13333333333333333,0.13333333333333333,0.3,4.1578525509048956e-49,4.0101802561177795e-29,1.5146302167071735e-14,3.340509688677395e-05,0.9999665949030979,60,0.01,2.5e-05,400,0.3,0.13333333333333333,0.13333333333333333,0.13333333333333333,0.3,4.1578525509048956e-49,4.0101802561177795e-29,1.5146302167071735e-14,3.340509688677395e-05,0.9999665949030979,60,0.01,2.5e-05,400,0.3,0.13333333333333333,0.13333333333333333,0.13333333333333333,0.3,4.1578525509048956e-49,4.0101802561177795e-29,1.5146302167071735e-14,3.340509688677395e-05,0.9999665949030979,60,0.01,2.5e-05,400,0.3,0.13333333333333333,0.13333333333333333,0.13333333333333333,0.3,4.1578525509048956e-49,4.0101802561177795e-29,1.5146302167071735e-14,3.340509688677395e-05,0.9999665949030979,60,0.01,2.5e-05,400,0.3,0.13333333333333333,0.13333333333333333,0.13333333333333333,0.3,0.85,0.5,40.840704496667314,0.15
1,5.227522010575621e-49,4.72411566838071e-29,1.6855042179663737e-14,3.535187848423242e-05,0.9999646481214989,60,0.01,2.5e-05,400,0.3,0.13333333333333333,0.13333333333333333,0.13333333333333333,0.3,5.226189110460621e-49,4.723771140580591e-29,1.6858488223459778e-14,3.535187848423914e-05,0.9999646481214989,60,0.01,2.5e-05,400,0.3,0.13333333333333333,0.13333333333333333,0.13333333333333333,0.3,5.225724472647714e-49,4.7236427942030486e-29,1.6859605982469862e-14,3.535187848424137e-05,0.9999646481214989,60,0.01,2.5e-05,400,0.3,0.13333333333333333,0.13333333333333333,0.13333333333333333,0.3,5.225488355515632e-49,4.72357609303031e-29,1.6860159030847664e-14,3.5351878484242484e-05,0.9999646481214989,60,0.01,2.5e-05,400,0.3,0.13333333333333333,0.13333333333333333,0.13333333333333333,0.3,5.2253454717863856e-49,4.7235352639135666e-29,1.6860488989724074e-14,3.5351878484243155e-05,0.9999646481214989,60,0.01,2.5e-05,400,0.3,0.13333333333333333,0.13333333333333333,0.13333333333333333,0.3,5.225056977576362e-49,4.723451787727542e-29,1.6861144692360648e-14,3.535187848424449e-05,0.9999646481214989,60,0.01,2.5e-05,400,0.3,0.13333333333333333,0.13333333333333333,0.13333333333333333,0.3,5.224764852763208e-49,4.7233658890347e-29,1.6861794764509033e-14,3.535187848424582e-05,0.9999646481214989,60,0.01,2.5e-05,400,0.3,0.13333333333333333,0.13333333333333333,0.13333333333333333,0.3,0.85,0.5,40.840704496667314,0.15
2,6.5780983129751e-49,5.566998050057272e-29,1.872941943196273e-14,3.7407628156929605e-05,0.9999625923718247,60,0.01,2.5e-05,400,0.3,0.13333333333333333,0.13333333333333333,0.13333333333333333,0.3,6.574757743999935e-49,5.566194291781881e-29,1.875090752830286e-14,3.7407628156950435e-05,0.9999625923718243,60,0.01,2.5e-05,400,0.3,0.13333333333333333,0.13333333333333333,0.13333333333333333,0.3,6.573592988147835e-49,5.565894486475632e-29,1.8758027760601278e-14,3.7407628156957225e-05,0.9999625923718243,60,0.01,2.5e-05,400,0.3,0.13333333333333333,0.13333333333333333,0.13333333333333333,0.3,6.573001045702712e-49,5.565738615162942e-29,1.876157972180252e-14,3.7407628156960586e-05,0.9999625923718243,60,0.01,2.5e-05,400,0.3,0.13333333333333333,0.13333333333333333,0.13333333333333333,0.3,6.572642825053931e-49,5.565643183760989e-29,1.8763708264324594e-14,3.740762815696259e-05,0.9999625923718243,60,0.01,2.5e-05,400,0.3,0.13333333333333333,0.13333333333333333,0.13333333333333333,0.3,6.571919519276675e-49,5.565448029022358e-29,1.8767959379367662e-14,3.740762815696659e-05,0.9999625923718243,60,0.01,2.5e-05,400,0.3,0.13333333333333333,0.13333333333333333,0.13333333333333333,0.3,6.571187074825124e-49,5.565247155287643e-29,1.8772202472932557e-14,3.740762815697055e-05,0.9999625923718243,60,0.01,2.5e-05,400,0.3,0.13333333333333333,0.13333333333333333,0.13333333333333333,0.3,0.85,0.5,40.840704496667314,0.15
3,8.28475437612735e-49,6.562451122552772e-29,2.0761109400254607e-14,3.957847785255015e-05,0.9999604215221268,60,0.01,2.5e-05,400,0.3,0.13333333333333333,0.13333333333333333,0.13333333333333333,0.3,8.278470842617003e-49,6.561044624340568e-29,2.0830511427581468e-14,3.957847785258003e-05,0.9999604215221267,60,0.01,2.5e-05,400,0.3,0.13333333333333333,0.13333333333333333,0.13333333333333333,0.3,8.276279452627816e-49,6.560519306765907e-29,2.0853634591469974e-14,3.9578477852589407e-05,0.9999604215221267,60,0.01,2.5e-05,400,0.3,0.13333333333333333,0.13333333333333333,0.13333333333333333,0.3,8.27516567833441e-49,6.560246075650639e-29,2.086519328459869e-14,3.9578477852593994e-05,0.9999604215221267,60,0.01,2.5e-05,400,0.3,0.13333333333333333,0.13333333333333333,0.13333333333333333,0.3,8.274491639600726e-49,6.560078756374021e-29,2.0872127466510077e-14,3.9578477852596705e-05,0.9999604215221267,60,0.01,2.5e-05,400,0.3,0.13333333333333333,0.13333333333333333,0.13333333333333333,0.3,8.27313059014998e-49,6.559736516033614e-29,2.0885993312167692e-14,3.957847785260205e-05,0.9999604215221267,60,0.01,2.5e-05,400,0.3,0.13333333333333333,0.13333333333333333,0.13333333333333333,0.3,8.271752273393038e-49,6.559384146684402e-29,2.0899855526318945e-14,3.9578477852607296e-05,0.9999604215221267,60,0.01,2.5e-05,400,0.3,0.13333333333333333,0.13333333333333333,0.13333333333333333,0.3,0.85,0.5,40.840704496667314,0.15
4,1.0443037566503753e-48,7.738417878140317e-29,2.295217681776778e-14,4.187054646891338e-05,0.9999581294535085,60,0.01,2.5e-05,400,0.3,0.13333333333333333,0.13333333333333333,0.13333333333333333,0.3,1.0432524541611022e-48,7.736229878647586e-29,2.3110761346449462e-14,4.187054646893778e-05,0.9999581294535083,60,0.01,2.5e-05,400,0.3,0.13333333333333333,0.13333333333333333,0.13333333333333333,0.3,1.0428857223690977e-48,7.735411576511583e-29,2.3163655332750732e-14,4.187054646894471e-05,0.999958129453508,60,0.01,2.5e-05,400,0.3,0.13333333333333333,0.13333333333333333,0.13333333333333333,0.3,1.0426993161726582e-48,7.734985774505682e-29,2.319010591132081e-14,4.187054646894796e-05,0.999958129453508,60,0.01,2.5e-05,400,0.3,0.13333333333333333,0.13333333333333333,0.13333333333333333,0.3,1.0425865015936728e-48,7.734724969205002e-29,2.3205977085937107e-14,4.187054646894984e-05,0.999958129453508,60,0.01,2.5e-05,400,0.3,0.13333333333333333,0.13333333333333333,0.13333333333333333,0.3,1.0423586916031206e-48,7.734191386973779e-29,2.3237720737823773e-14,4.1870546468953446e-05,0.999958129453508,60,0.01,2.5e-05,400,0.3,0.13333333333333333,0.13333333333333333,0.13333333333333333,0.3,1.0421279790374088e-48,7.733641853687777e-29,2.326946532849968e-14,4.187054646895683e-05,0.999958129453508,60,0.01,2.5e-05,400,0.3,0.13333333333333333,0.13333333333333333,0.13333333333333333,0.3,0.85,0.5,40.840704496667314,0.15
5,1.3174527214015847e-48,9.128006062043013e-29,2.5324896254575254e-14,4.42902491795529e-05,0.9999557097507957,60,0.01,2.5e-05,400,0.3,0.13333333333333333,0.13333333333333333,0.13333333333333333,0.3,1.3158026268212278e-48,9.124814753468026e-29,2.561660004542293e-14,4.429024917955669e-05,0.9999557097507954,60,0.01,2.5e-05,400,0.3,0.13333333333333333,0.13333333333333333,0.13333333333333333,0.3,1.3152268704277251e-48,9.12361957076006e-29,2.5713900287360116e-14,4.4290249179556076e-05,0.9999557097507954,60,0.01,2.5e-05,400,0.3,0.13333333333333333,0.13333333333333333,0.13333333333333333,0.3,1.3149341950537144e-48,9.122997386973362e-29,2.576255735745723e-14,4.4290249179555405e-05,0.9999557097507952,60,0.01,2.5e-05,400,0.3,0.13333333333333333,0.13333333333333333,0.13333333333333333,0.3,1.3147570581763227e-48,9.122616213628076e-29,2.57917531382363e-14,4.429024917955487e-05,0.999955709750795,60,0.01,2.5e-05,400,0.3,0.13333333333333333,0.13333333333333333,0.13333333333333333,0.3,1.314399344303026e-48,9.121836186773119e-29,2.5850146964090932e-14,4.429024917955359e-05,0.999955709750795,60,0.01,2.5e-05,400,0.3,0.13333333333333333,0.13333333333333333,0.13333333333333333,0.3,1.314037052408121e-48,9.121032603587326e-29,2.5908542098970127e-14,4.429024917955196e-05,0.999955709750795,60,0.01,2.5e-05,400,0.3,0.13333333333333333,0.13333333333333333,0.13333333333333333,0.3,0.85,0.5,40.840704496667314,0.15
6,1.663402312481375e-48,1.0770450726727562e-28,2.791985198772658e-14,4.6844316084918534e-05,0.9999531556838871,60,0.01,2.5e-05,400,0.3,0.13333333333333333,0.13333333333333333,0.13333333333333333,0.3,1.6609143682206097e-48,1.0765981840570623e-28,2.8383469431096766e-14,4.684431608489464e-05,0.9999531556838868,60,0.01,2.5e-05,400,0.3,0.13333333333333333,0.13333333333333333,0.13333333333333333,0.3,1.660046040513468e-48,1.0764305818860606e-28,2.8538171753730347e-14,4.6844316084883874e-05,0.9999531556838865,60,0.01,2.5e-05,400,0.3,0.13333333333333333,0.13333333333333333,0.13333333333333333,0.3,1.6596046041662275e-48,1.0763432929680883e-28,2.861554336485588e-14,4.684431608487796e-05,0.9999531556838863,60,0.01,2.5e-05,400,0.3,0.13333333333333333,0.13333333333333333,0.13333333333333333,0.3,1.65933742073075e-48,1.0762898044746588e-28,2.8661971577395197e-14,4.684431608487426e-05,0.9999531556838863,60,0.01,2.5e-05,400,0.3,0.13333333333333333,0.13333333333333333,0.13333333333333333,0.3,1.658797840068164e-48,1.0761803201584281e-28,2.875483753472887e-14,4.6844316084866445e-05,0.9999531556838863,60,0.01,2.5e-05,400,0.3,0.13333333333333333,0.13333333333333333,0.13333333333333333,0.3,1.658251321925103e-48,1.0760674952897208e-28,2.884771295850123e-14,4.684431608485813e-05,0.9999531556838862,60,0.01,2.5e-05,400,0.3,0.13333333333333333,0.13333333333333333,0.13333333333333333,0.3,0.85,0.5,40.840704496667314,0.15
7,2.1018748118300873e-48,1.2712260551389662e-28,3.078364800158617e-14,4.9539823239479686e-05,0.9999504601767297,60,0.01,2.5e-05,400,0.3,0.13333333333333333,0.13333333333333333,0.13333333333333333,0.3,2.098225500674695e-48,1.2706176000684767e-28,3.145148283865103e-14,4.9539823239430674e-05,0.9999504601767292,60,0.01,2.5e-05,400,0.3,0.13333333333333333,0.13333333333333333,0.13333333333333333,0.3,2.096951495795276e-48,1.270389071738899e-28,3.167452968659062e-14,4.953982323941028e-05,0.9999504601767292,60,0.01,2.5e-05,400,0.3,0.13333333333333333,0.13333333333333333,0.13333333333333333,0.3,2.0963037658761826e-48,1.2702699970521232e-28,3.178611667136255e-14,4.95398232393993e-05,0.9999504601767287,60,0.01,2.5e-05,400,0.3,0.13333333333333333,0.13333333333333333,0.13333333333333333,0.3,2.095911703860909e-48,1.2701970142574957e-28,3.1853086894872373e-14,4.953982323939247e-05,0.9999504601767287,60,0.01,2.5e-05,400,0.3,0.13333333333333333,0.13333333333333333,0.13333333333333333,0.3,2.095119891153082e-48,1.2700475907104536e-28,3.1987063881316094e-14,4.9539823239378286e-05,0.9999504601767287,60,0.01,2.5e-05,400,0.3,0.13333333333333333,0.13333333333333333,0.13333333333333333,0.3,2.0943178491945048e-48,1.269893560223915e-28,3.212108382767309e-14,4.953982323936335e-05,0.9999504601767283,60,0.01,2.5e-05,400,0.3,0.13333333333333333,0.13333333333333333,0.13333333333333333,0.3,0.85,0.5,40.840704496667314,0.15
8,2.658011832734014e-48,1.50085728924885e-28,3.3955894895757574e-14,5.238419539959404e-05,0.9999476158045668,60,0.01,2.5e-05,400,0.3,0.13333333333333333,0.13333333333333333,0.13333333333333333,0.3,2.652765054897991e-48,1.5000457088284777e-28,3.4859366296551213e-14,5.2384195399526656e-05,0.9999476158045654,60,0.01,2.5e-05,400,0.3,0.13333333333333333,0.13333333333333333,0.13333333333333333,0.3,2.6509328491363858e-48,1.4997404338874843e-28,3.5161435261428055e-14,5.2384195399498474e-05,0.9999476158045654,60,0.01,2.5e-05,400,0.3,0.13333333333333333,0.13333333333333333,0.13333333333333333,0.3,2.6500012330169227e-48,1.4995812953041415e-28,3.531261101521123e-14,5.2384195399483315e-05,0.9999476158045651,60,0.01,2.5e-05,400,0.3,0.13333333333333333,0.13333333333333333,0.13333333333333333,0.3,2.649437312466827e-48,1.4994837337416739e-28,3.540335787763639e-14,5.238419539947388e-05,0.9999476158045651,60,0.01,2.5e-05,400,0.3,0.13333333333333333,0.13333333333333333,0.13333333333333333,0.3,2.648298355557943e-48,1.4992839377041597e-28,3.558493813560065e-14,5.2384195399454204e-05,0.9999476158045648,60,0.01,2.5e-05,400,0.3,0.13333333333333333,0.13333333333333333,0.13333333333333333,0.3,2.6471446117263996e-48,1.4990779162741257e-28,3.576662429133405e-14,5.2384195399433516e-05,0.9999476158045648,60,0.01,2.5e-05,400,0.3,0.13333333333333333,0.13333333333333333,0.13333333333333333,0.3,0.85,0.5,40.840704496667314,0.15
9,3.3638813960377315e-48,1.7724762533266575e-28,3.746542452709296e-14,5.5385212430536546e-05,0.9999446147875322,60,0.01,2.5e-05,400,0.3,0.13333333333333333,0.13333333333333333,0.13333333333333333,0.3,3.3564512931986785e-48,1.7714105919689343e-28,3.864276780041163e-14,5.538521243045436e-05,0.9999446147875312,60,0.01,2.5e-05,400,0.3,0.13333333333333333,0.13333333333333333,0.13333333333333333,0.3,3.3538559066949386e-48,1.771009130072207e-28,3.903676578079893e-14,5.5385212430419154e-05,0.9999446147875306,60,0.01,2.5e-05,400,0.3,0.13333333333333333,0.13333333333333333,0.13333333333333333,0.3,3.352536112688478e-48,1.7707997483627286e-28,3.9234009390832715e-14,5.538521243040011e-05,0.9999446147875306,60,0.01,2.5e-05,400,0.3,0.13333333333333333,0.13333333333333333,0.13333333333333333,0.3,3.351737184108651e-48,1.7706713537737043e-28,3.935242794669203e-14,5.538521243038823e-05,0.9999446147875306,60,0.01,2.5e-05,400,0.3,0.13333333333333333,0.13333333333333333,0.13333333333333333,0.3,3.350123495107452e-48,1.770408346928009e-28,3.958941763645611e-14,5.538521243036338e-05,0.9999446147875299,60,0.01,2.5e-05,400,0.3,0.13333333333333333,0.13333333333333333,0.13333333333333333,0.3,3.348488748295899e-48,1.7701370569765854e-28,3.982659605819227e-14,5.538521243033717e-05,0.9999446147875299,60,0.01,2.5e-05,400,0.3,0.13333333333333333,0.13333333333333333,0.13333333333333333,0.3,0.85,0.5,40.840704496667314,0.15
10,4.2604097287191686e-48,2.093835806931108e-28,4.1337469978131764e-14,5.85510363372974e-05,0.9999414489636215,60,0.01,2.5e-05,400,0.3,0.13333333333333333,0.13333333333333333,0.13333333333333333,0.3,4.25001159987704e-48,2.0924537331318764e-28,4.283790901691128e-14,5.85510363371963e-05,0.9999414489636199,60,0.01,2.5e-05,400,0.3,0.13333333333333333,0.13333333333333333,0.13333333333333333,0.3,4.246378373801202e-48,2.091932250412709e-28,4.3340372738649534e-14,5.85510363371525e-05,0.9999414489636195,60,0.01,2.5e-05,400,0.3,0.13333333333333333,0.13333333333333333,0.13333333333333333,0.3,4.24453064002189e-48,2.0916601371469437e-28,4.359197035081081e-14,5.855103633712871e-05,0.9999414489636193,60,0.01,2.5e-05,400,0.3,0.13333333333333333,0.13333333333333333,0.13333333333333333,0.3,4.243412070814266e-48,2.0914932338205712e-28,4.3743037164412106e-14,5.8551036337113815e-05,0.9999414489636189,60,0.01,2.5e-05,400,0.3,0.13333333333333333,0.13333333333333333,0.13333333333333333,0.3,4.2411526449080433e-48,2.0911512541874197e-28,4.404539896360751e-14,5.855103633708271e-05,0.9999414489636189,60,0.01,2.5e-05,400,0.3,0.13333333333333333,0.13333333333333333,0.13333333333333333,0.3,4.238863578297297e-48,2.090798386929717e-28,4.4348043027631614e-14,5.855103633704977e-05,0.9999414489636187,60,0.01,2.5e-05,400,0.3,0.13333333333333333,0.13333333333333333,0.13333333333333333,0.3,0.85,0.5,40.840704496667314,0.15
11,5.3998560795860425e-48,2.4741311593644625e-28,4.560564067957517e-14,6.189021803579565e-05,0.9999381097819188,60,0.01,2.5e-05,400,0.3,0.13333333333333333,0.13333333333333333,0.13333333333333333,0.3,5.38544165092179e-48,2.4723565895215763e-28,4.748766556866247e-14,6.189021803566613e-05,0.9999381097819172,60,0.01,2.5e-05,400,0.3,0.13333333333333333,0.13333333333333333,0.13333333333333333,0.3,5.380403523770595e-48,2.4716859269960094e-28,4.8118273527679526e-14,6.189021803561024e-05,0.9999381097819166,60,0.01,2.5e-05,400,0.3,0.13333333333333333,0.13333333333333333,0.13333333333333333,0.3,5.377841043667644e-48,2.471335792670773e-28,4.843408980098662e-14,6.189021803557991e-05,0.9999381097819163,60,0.01,2.5e-05,400,0.3,0.13333333333333333,0.13333333333333333,0.13333333333333333,0.3,5.3762897057370746e-48,2.4711209799890135e-28,4.8623730687278576e-14,6.189021803556094e-05,0.9999381097819158,60,0.01,2.5e-05,400,0.3,0.13333333333333333,0.13333333333333333,0.13333333333333333,0.3,5.3731559446171706e-48,2.4706807162933264e-28,4.9003330073827157e-14,6.18902180355213e-05,0.9999381097819156,60,0.01,2.5e-05,400,0.3,0.13333333333333333,0.13333333333333333,0.13333333333333333,0.3,5.369980847543999e-48,2.4702262811712415e-28,4.9383320942983635e-14,6.189021803547939e-05,0.9999381097819154,60,0.01,2.5e-05,400,0.3,0.13333333333333333,0.13333333333333333,0.13333333333333333,0.3,0.85,0.5,40.840704496667314,0.15
12,6.848986539965895e-48,2.9242697628863933e-28,5.03199154691399e-14,6.541171549043124e-05,0.9999345882844592,60,0.01,2.5e-05,400,0.3,0.13333333333333333,0.13333333333333333,0.13333333333333333,0.3,6.8291586898134e-48,2.922010011456648e-28,5.2645796390205517e-14,6.541171549026402e-05,0.9999345882844571,60,0.01,2.5e-05,400,0.3,0.13333333333333333,0.13333333333333333,0.13333333333333333,0.3,6.822226246564017e-48,2.9211545642555957e-28,5.342565532532784e-14,6.541171549019258e-05,0.9999345882844566,60,0.01,2.5e-05,400,0.3,0.13333333333333333,0.13333333333333333,0.13333333333333333,0.3,6.818699910742018e-48,2.92070772599011e-28,5.3816297520065194e-14,6.54117154901539e-05,0.9999345882844561,60,0.01,2.5e-05,400,0.3,0.13333333333333333,0.13333333333333333,0.13333333333333333,0.3,6.816564935545737e-48,2.9204335128455365e-28,5.405089258556925e-14,6.541171549012978e-05,0.9999345882844559,60,0.01,2.5e-05,400,0.3,0.13333333333333333,0.13333333333333333,0.13333333333333333,0.3,6.812251955689888e-48,2.9198713504312762e-28,5.4520522601030004e-14,6.541171549007935e-05,0.9999345882844556,60,0.01,2.5e-05,400,0.3,0.13333333333333333,0.13333333333333333,0.13333333333333333,0.3,6.807881763966269e-48,2.9192908905082422e-28,5.4990693366968964e-14,6.541171549002614e-05,0.9999345882844551,60,0.01,2.5e-05,400,0.3,0.13333333333333333,0.13333333333333333,0.13333333333333333,0.3,0.85,0.5,40.840704496667314,0.15
13,8.693146296465093e-48,3.4571922883027294e-28,5.554525333447554e-14,6.912491977434962e-05,0.9999308750801702,60,0.01,2.5e-05,400,0.3,0.13333333333333333,0.13333333333333333,0.13333333333333333,0.3,8.666046820127102e-48,3.454334653142978e-28,5.837673581747187e-14,6.912491977414076e-05,0.9999308750801674,60,0.01,2.5e-05,400,0.3,0.13333333333333333,0.13333333333333333,0.13333333333333333,0.3,8.656568852295538e-48,3.4532510233199497e-28,5.932699076707521e-14,6.91249197740519e-05,0.9999308750801666,60,0.01,2.5e-05,400,0.3,0.13333333333333333,0.13333333333333333,0.13333333333333333,0.3,8.651747152797518e-48,3.452684692210507e-28,5.980312256750463e-14,6.912491977400384e-05,0.9999308750801661,60,0.01,2.5e-05,400,0.3,0.13333333333333333,0.13333333333333333,0.13333333333333333,0.3,8.648827754274577e-48,3.4523370569421117e-28,6.008909734908459e-14,6.912491977397386e-05,0.9999308750801661,60,0.01,2.5e-05,400,0.3,0.13333333333333333,0.13333333333333333,0.13333333333333333,0.3,8.642929764676295e-48,3.451624169604948e-28,6.066166732303699e-14,6.912491977391126e-05,0.9999308750801653,60,0.01,2.5e-05,400,0.3,0.13333333333333333,0.13333333333333333,0.13333333333333333,0.3,8.636953082346156e-48,3.4508878160640795e-28,6.123500038289472e-14,6.912491977384522e-05,0.9999308750801648,60,0.01,2.5e-05,400,0.3,0.13333333333333333,0.13333333333333333,0.13333333333333333,0.3,0.85,0.5,40.840704496667314,0.15
14,1.1041484864994945e-47,4.08825355233129e-28,6.135301147454995e-14,7.303967134527964e-05,0.9999269603285933,60,0.01,2.5e-05,400,0.3,0.13333333333333333,0.13333333333333333,0.13333333333333333,0.3,1.1004646889710561e-47,4.084661227739856e-28,6.475193876128586e-14,7.303967134503053e-05,0.9999269603285903,60,0.01,2.5e-05,400,0.3,0.13333333333333333,0.13333333333333333,0.13333333333333333,0.3,1.0991758506366675e-47,4.083296606505143e-28,6.58939048178432e-14,7.303967134492392e-05,0.9999269603285891,60,0.01,2.5e-05,400,0.3,0.13333333333333333,0.13333333333333333,0.13333333333333333,0.3,1.0985201093234453e-47,4.082583031009706e-28,6.64662988288658e-14,7.303967134486623e-05,0.9999269603285887,60,0.01,2.5e-05,400,0.3,0.13333333333333333,0.13333333333333333,0.13333333333333333,0.3,1.0981230542891925e-47,4.082144892182334e-28,6.681015162079476e-14,7.30396713448302e-05,0.9999269603285883,60,0.01,2.5e-05,400,0.3,0.13333333333333333,0.13333333333333333,0.13333333333333333,0.3,1.0973208439263075e-47,4.08124614945534e-28,6.749873263633308e-14,7.303967134475495e-05,0.9999269603285877,60,0.01,2.5e-05,400,0.3,0.13333333333333333,0.13333333333333333,0.13333333333333333,0.3,1.0965078660262468e-47,4.080317483250117e-28,6.818839318654328e-14,7.303967134467553e-05,0.9999269603285874,60,0.01,2.5e-05,400,0.3,0.13333333333333333,0.13333333333333333,0.13333333333333333,0.3,0.85,0.5,40.840704496667314,0.15
15,1.4033663935909427e-47,4.835674943366419e-28,6.781304406597163e-14,7.716627552847795e-05,0.9999228337244038,60,0.01,2.5e-05,400,0.3,0.13333333333333333,0.13333333333333333,0.13333333333333333,0.3,1.3983818014378067e-47,4.831182133507299e-28,7.184644434524761e-14,7.716627552819039e-05,0.9999228337244,60,0.01,2.5e-05,400,0.3,0.13333333333333333,0.13333333333333333,0.13333333333333333,0.3,1.3966372430809425e-47,4.829472360338798e-28,7.320318011361957e-14,7.716627552806606e-05,0.9999228337243988,60,0.01,2.5e-05,400,0.3,0.13333333333333333,0.13333333333333333,0.13333333333333333,0.3,1.39574953443149e-47,4.828577797527488e-28,7.388348207070341e-14,7.716627552799857e-05,0.9999228337243983,60,0.01,2.5e-05,400,0.3,0.13333333333333333,0.13333333333333333,0.13333333333333333,0.3,1.395211989979729e-47,4.828028378052965e-28,7.429223528442424e-14,7.716627552795638e-05,0.9999228337243978,60,0.01,2.5e-05,400,0.3,0.13333333333333333,0.13333333333333333,0.13333333333333333,0.3,1.3941258649432713e-47,4.82690103158515e-28,7.511094683520818e-14,7.716627552786813e-05,0.999922833724397,60,0.01,2.5e-05,400,0.3,0.13333333333333333,0.13333333333333333,0.13333333333333333,0.3,1.3930250715582928e-47,4.8257357140767755e-28,7.593114819238954e-14,7.71662755277748e-05,0.9999228337243965,60,0.01,2.5e-05,400,0.3,0.13333333333333333,0.13333333333333333,0.13333333333333333,0.3,0.85,0.5,40.840704496667314,0.15
16,1.784847272185791e-47,5.721082141065713e-28,7.499327058302879e-14,8.151552290417856e-05,0.9999184844770208,60,0.01,2.5e-05,400,0.3,0.13333333333333333,0.13333333333333333,0.13333333333333333,0.3,1.7781292260840572e-47,5.715488222941054e-28,7.973891836822749e-14,8.151552290384985e-05,0.9999184844770163,60,0.01,2.5e-05,400,0.3,0.13333333333333333,0.13333333333333333,0.13333333333333333,0.3,1.7757771197907853e-47,5.713355459005481e-28,8.133704947611424e-14,8.151552290370633e-05,0.9999184844770149,60,0.01,2.5e-05,400,0.3,0.13333333333333333,0.13333333333333333,0.13333333333333333,0.3,1.7745801190151537e-47,5.712238940097894e-28,8.21386825172787e-14,8.15155229036282e-05,0.9999184844770144,60,0.01,2.5e-05,400,0.3,0.13333333333333333,0.13333333333333333,0.13333333333333333,0.3,1.7738552408707746e-47,5.7115530038167695e-28,8.262042263521865e-14,8.151552290357926e-05,0.9999184844770137,60,0.01,2.5e-05,400,0.3,0.13333333333333333,0.13333333333333333,0.13333333333333333,0.3,1.7723905051211758e-47,5.710145109434099e-28,8.358550630381923e-14,8.151552290347686e-05,0.9999184844770127,60,0.01,2.5e-05,400,0.3,0.13333333333333333,0.13333333333333333,0.13333333333333333,0.3,1.770905862183165e-47,5.708689236410547e-28,8.455257478528898e-14,8.151552290336839e-05,0.9999184844770119,60,0.01,2.5e-05,400,0.3,0.13333333333333333,0.13333333333333333,0.13333333333333333,0.3,0.85,0.5,40.840704496667314,0.15
17,2.2714897037977847e-47,6.770144092886132e-28,8.29669802042624e-14,8.609871121717593e-05,0.9999139012886998,60,0.01,2.5e-05,400,0.3,0.13333333333333333,0.13333333333333333,0.13333333333333333,0.3,2.262466432242599e-47,6.763206650699838e-28,8.851552233567788e-14,8.609871121679715e-05,0.9999139012886947,60,0.01,2.5e-05,400,0.3,0.13333333333333333,0.13333333333333333,0.13333333333333333,0.3,2.2593060392304693e-47,6.760556592287402e-28,9.038604853829043e-14,8.609871121663089e-05,0.9999139012886932,60,0.01,2.5e-05,400,0.3,0.13333333333333333,0.13333333333333333,0.13333333333333333,0.3,2.2576974956214383e-47,6.759168442542054e-28,9.132463305806225e-14,8.609871121654025e-05,0.9999139012886923,60,0.01,2.5e-05,400,0.3,0.13333333333333333,0.13333333333333333,0.13333333333333333,0.3,2.2567233341676287e-47,6.758315378415069e-28,9.188876749960317e-14,8.609871121648344e-05,0.9999139012886917,60,0.01,2.5e-05,400,0.3,0.13333333333333333,0.13333333333333333,0.13333333333333333,0.3,2.2547547453055587e-47,6.7565639021617295e-28,9.301911137258614e-14,8.609871121636449e-05,0.9999139012886907,60,0.01,2.5e-05,400,0.3,0.13333333333333333,0.13333333333333333,0.13333333333333333,0.3,2.2527592267746205e-47,6.754752026873119e-28,9.415202429030258e-14,8.609871121623837e-05,0.9999139012886897,60,0.01,2.5e-05,400,0.3,0.13333333333333333,0.13333333333333333,0.13333333333333333,0.3,0.85,0.5,40.840704496667314,0.15
18,2.892634382131361e-47,8.013331712027366e-28,9.182231987581297e-14,9.092766126171191e-05,0.9999090723386467,60,0.01,2.5e-05,400,0.3,0.13333333333333333,0.13333333333333333,0.13333333333333333,0.3,2.880551217065129e-47,8.0047582333065985e-28,9.827506415942398e-14,9.092766126127076e-05,0.9999090723386408,60,0.01,2.5e-05,400,0.3,0.13333333333333333,0.13333333333333333,0.13333333333333333,0.3,2.8763174595400595e-47,8.0014767773435555e-28,1.0045278468571294e-13,9.092766126107695e-05,0.9999090723386388,60,0.01,2.5e-05,400,0.3,0.13333333333333333,0.13333333333333333,0.13333333333333333,0.3,2.874162328213553e-47,7.999756842957547e-28,1.0154588048842388e-13,9.092766126097128e-05,0.9999090723386379,60,0.01,2.5e-05,400,0.3,0.13333333333333333,0.13333333333333333,0.13333333333333333,0.3,2.872857058468273e-47,7.998699567383542e-28,1.022029921648219e-13,9.092766126090507e-05,0.999909072338637,60,0.01,2.5e-05,400,0.3,0.13333333333333333,0.13333333333333333,0.13333333333333333,0.3,2.8702191777687147e-47,7.996528114154576e-28,1.0351986047531184e-13,9.092766126076638e-05,0.9999090723386361,60,0.01,2.5e-05,400,0.3,0.13333333333333333,0.13333333333333333,0.13333333333333333,0.3,2.8675449698076605e-47,7.994280874750707e-28,1.0484000271129439e-13,9.092766126061929e-05,0.9999090723386349,60,0.01,2.5e-05,400,0.3,0.13333333333333333,0.13333333333333333,0.13333333333333333,0.3,0.85,0.5,40.840704496667314,0.15
19,3.6858930803364693e-47,9.486819956351462e-28,1.0166713706188847e-13,9.601474162930797e-05,0.9999039852582692,60,0.01,2.5e-05,400,0.3,0.13333333333333333,0.13333333333333333,0.13333333333333333,0.3,3.669755091505727e-47,9.476257941617657e-28,1.0913215382438865e-13,9.601474162879358e-05,0.9999039852582621,60,0.01,2.5e-05,400,0.3,0.13333333333333333,0.13333333333333333,0.13333333333333333,0.3,3.6640983270143337e-47,9.472207198573266e-28,1.1165447797907185e-13,9.601474162856767e-05,0.9999039852582597,60,0.01,2.5e-05,400,0.3,0.13333333333333333,0.13333333333333333,0.13333333333333333,0.3,3.661218451912202e-47,9.470082724149304e-28,1.129210100516627e-13,9.601474162844453e-05,0.9999039852582587,60,0.01,2.5e-05,400,0.3,0.13333333333333333,0.13333333333333333,0.13333333333333333,0.3,3.659474118361508e-47,9.46877636623363e-28,1.136825194169553e-13,9.601474162836742e-05,0.9999039852582582,60,0.01,2.5e-05,400,0.3,0.13333333333333333,0.13333333333333333,0.13333333333333333,0.3,3.6559486549134247e-47,9.466092457702568e-28,1.1520889154238734e-13,9.601474162820578e-05,0.9999039852582567,60,0.01,2.5e-05,400,0.3,0.13333333333333333,0.13333333333333333,0.13333333333333333,0.3,3.652374306933701e-47,9.46331373185617e-28,1.1673941451031706e-13,9.601474162803442e-05,0.9999039852582554,60,0.01,2.5e-05,400,0.3,0.13333333333333333,0.13333333333333333,0.13333333333333333,0.3,0.85,0.5,40.840704496667314,0.15
20,4.69950108123099e-47,1.1233560203852995e-27,1.1262631862387923e-13,0.00010137289732507405,0.9998986271025622,60,0.01,2.5e-05,400,0.3,0.13333333333333333,0.13333333333333333,0.13333333333333333,0.3,4.677997960819139e-47,1.1220585397444187e-27,1.2121690499776204e-13,0.00010137289732447962,0.9998986271025541,60,0.01,2.5e-05,400,0.3,0.13333333333333333,0.13333333333333333,0.13333333333333333,0.3,4.670457482487793e-47,1.1215598927558e-27,1.2412329232182922e-13,0.00010137289732421822,0.9998986271025514,60,0.01,2.5e-05,400,0.3,0.13333333333333333,0.13333333333333333,0.13333333333333333,0.3,4.666618076246832e-47,1.1212982017129631e-27,1.255832651119283e-13,0.00010137289732407566,0.99989862710255,60,0.01,2.5e-05,400,0.3,0.13333333333333333,0.13333333333333333,0.13333333333333333,0.3,4.664292394780221e-47,1.1211372345108925e-27,1.2646125716893606e-13,0.00010137289732398637,0.9998986271025492,60,0.01,2.5e-05,400,0.3,0.13333333333333333,0.13333333333333333,0.13333333333333333,0.3,4.659591616766134e-47,1.120806415979252e-27,1.2822147858931944e-13,0.0001013728973237993,0.999898627102548,60,0.01,2.5e-05,400,0.3,0.13333333333333333,0.13333333333333333,0.13333333333333333,0.3,4.6548251971876575e-47,1.1204637654597447e-27,1.299869477336114e-13,0.00010137289732360083,0.9998986271025462,60,0.01,2.5e-05,400,0.3,0.13333333333333333,0.13333333333333333,0.13333333333333333,0.3,0.85,0.5,40.840704496667314,0.15
21,5.995343159532358e-47,1.3304553406778644e-27,1.2483521783363799e-13,0.00010701566713637233,0.9998929843327385,60,0.01,2.5e-05,400,0.3,0.13333333333333333,0.13333333333333333,0.13333333333333333,0.3,5.966750923245448e-47,1.328865580660575e-27,1.3467262822124724e-13,0.00010701566713569335,0.9998929843327293,60,0.01,2.5e-05,400,0.3,0.13333333333333333,0.13333333333333333,0.13333333333333333,0.3,5.956720259635114e-47,1.3282532933213701e-27,1.3800535969285254e-13,0.00010701566713539382,0.9998929843327266,60,0.01,2.5e-05,400,0.3,0.13333333333333333,0.13333333333333333,0.13333333333333333,0.3,5.951612195950491e-47,1.32793175157103e-27,1.396802168491084e-13,0.00010701566713523031,0.9998929843327248,60,0.01,2.5e-05,400,0.3,0.13333333333333333,0.13333333333333333,0.13333333333333333,0.3,5.948517815522659e-47,1.3277339055143087e-27,1.406876488200158e-13,0.00010701566713512779,0.999892984332724,60,0.01,2.5e-05,400,0.3,0.13333333333333333,0.13333333333333333,0.13333333333333333,0.3,5.942262818770126e-47,1.3273271527508528e-27,1.4270782831299645e-13,0.00010701566713491295,0.9998929843327222,60,0.01,2.5e-05,400,0.3,0.13333333333333333,0.13333333333333333,0.13333333333333333,0.3,5.935919845582269e-47,1.3269056695815552e-27,1.4473459650561542e-13,0.00010701566713468498,0.9998929843327204,60,0.01,2.5e-05,400,0.3,0.13333333333333333,0.13333333333333333,0.13333333333333333,0.3,0.85,0.5,40.840704496667314,0.15
22,7.652847833950092e-47,1.576036343388099e-27,1.3843562246909265e-13,0.00011295720737625649,0.9998870427924854,60,0.01,2.5e-05,400,0.3,0.13333333333333333,0.13333333333333333,0.13333333333333333,0.3,7.614900252363825e-47,1.5740930676353619e-27,1.4965460684610996e-13,0.00011295720737548635,0.999887042792475,60,0.01,2.5e-05,400,0.3,0.13333333333333333,0.13333333333333333,0.13333333333333333,0.3,7.601581753027657e-47,1.5733429702707521e-27,1.5346052018429219e-13,0.00011295720737514526,0.9998870427924716,60,0.01,2.5e-05,400,0.3,0.13333333333333333,0.13333333333333333,0.13333333333333333,0.3,7.5947983865166225e-47,1.5729487907764868e-27,1.553739903664684e-13,0.00011295720737495884,0.9998870427924699,60,0.01,2.5e-05,400,0.3,0.13333333333333333,0.13333333333333333,0.13333333333333333,0.3,7.590688830624554e-47,1.572706169270176e-27,1.565251920898574e-13,0.00011295720737484193,0.9998870427924686,60,0.01,2.5e-05,400,0.3,0.13333333333333333,0.13333333333333333,0.13333333333333333,0.3,7.582381084651881e-47,1.5722071848508995e-27,1.5883418634990874e-13,0.00011295720737459679,0.9998870427924669,60,0.01,2.5e-05,400,0.3,0.13333333333333333,0.13333333333333333,0.13333333333333333,0.3,7.573955624538239e-47,1.571689900192156e-27,1.6115135658416653e-13,0.0001129572073743365,0.9998870427924647,60,0.01,2.5e-05,400,0.3,0.13333333333333333,0.13333333333333333,0.13333333333333333,0.3,0.85,0.5,40.840704496667314,0.15
23,9.774000586160352e-47,1.8672915937663645e-27,1.53578629056344e-13,0.00011921232001778655,0.9998807876798284,60,0.01,2.5e-05,400,0.3,0.13333333333333333,0.13333333333333333,0.13333333333333333,0.3,9.723721110989406e-47,1.8649213583597194e-27,1.6633213129787268e-13,0.00011921232001691288,0.9998807876798167,60,0.01,2.5e-05,400,0.3,0.13333333333333333,0.13333333333333333,0.13333333333333333,0.3,9.706066538855512e-47,1.8640043707861646e-27,1.7066423541257564e-13,0.00011921232001652485,0.9998807876798126,60,0.01,2.5e-05,400,0.3,0.13333333333333333,0.13333333333333333,0.13333333333333333,0.3,9.697073375979978e-47,1.8635221540489167e-27,1.7284314558631864e-13,0.00011921232001631268,0.9998807876798104,60,0.01,2.5e-05,400,0.3,0.13333333333333333,0.13333333333333333,0.13333333333333333,0.3,9.691624646326327e-47,1.863225242790775e-27,1.7415430888518004e-13,0.00011921232001617964,0.9998807876798096,60,0.01,2.5e-05,400,0.3,0.13333333333333333,0.13333333333333333,0.13333333333333333,0.3,9.680608756290811e-47,1.8626143810016484e-27,1.767847034828716e-13,0.00011921232001590048,0.999880787679807,60,0.01,2.5e-05,400,0.3,0.13333333333333333,0.13333333333333333,0.13333333333333333,0.3,9.669435595812113e-47,1.861980827433405e-27,1.7942511158907137e-13,0.00011921232001560398,0.9998807876798047,60,0.01,2.5e-05,400,0.3,0.13333333333333333,0.13333333333333333,0.13333333333333333,0.3,0.85,0.5,40.840704496667314,0.15
24,1.2489798549654441e-46,2.2127634957306108e-27,1.7043299145499196e-13,0.0001257964742116022,0.999874203525618,60,0.01,2.5e-05,400,0.3,0.13333333333333333,0.13333333333333333,0.13333333333333333,0.3,1.242328070813038e-46,2.209878312477532e-27,1.8489338367982216e-13,0.0001257964742106067,0.9998742035256043,60,0.01,2.5e-05,400,0.3,0.13333333333333333,0.13333333333333333,0.13333333333333333,0.3,1.2399913565358779e-46,2.208759481143632e-27,1.898114698896014e-13,0.00012579647421016458,0.9998742035256,60,0.01,2.5e-05,400,0.3,0.13333333333333333,0.13333333333333333,0.13333333333333333,0.3,1.2388008600923356e-46,2.2081706993988945e-27,1.9228608243718696e-13,0.00012579647420992286,0.9998742035255981,60,0.01,2.5e-05,400,0.3,0.13333333333333333,0.13333333333333333,0.13333333333333333,0.3,1.2380795116459331e-46,2.20780804591531e-27,1.9377547307436122e-13,0.00012579647420977115,0.9998742035255964,60,0.01,2.5e-05,400,0.3,0.13333333333333333,0.13333333333333333,0.13333333333333333,0.3,1.2366210112663758e-46,2.2070616471453342e-27,1.967640275076665e-13,0.00012579647420945297,0.9998742035255938,60,0.01,2.5e-05,400,0.3,0.13333333333333333,0.13333333333333333,0.13333333333333333,0.3,1.235141526710908e-46,2.2062871602021728e-27,1.9976471438994298e-13,0.00012579647420911502,0.9998742035255911,60,0.01,2.5e-05,400,0.3,0.13333333333333333,0.13333333333333333,0.13333333333333333,0.3,0.85,0.5,40.840704496667314,0.15
25,1.5968564074694279e-46,2.6225982174375752e-27,1.891933238048948e-13,0.00013272583184522575,0.9998672741679654,60,0.01,2.5e-05,400,0.3,0.13333333333333333,0.13333333333333333,0.13333333333333333,0.3,1.588068466875192e-46,2.6190927868295853e-27,2.0555073014194185e-13,0.0001327258318440877,0.9998672741679505,60,0.01,2.5e-05,400,0.3,0.13333333333333333,0.13333333333333333,0.13333333333333333,0.3,1.5849798686092886e-46,2.617730139010013e-27,2.1112097780932614e-13,0.00013272583184358294,0.9998672741679452,60,0.01,2.5e-05,400,0.3,0.13333333333333333,0.13333333333333333,0.13333333333333333,0.3,1.583406055594169e-46,2.6170125215691846e-27,2.1392482849783863e-13,0.00013272583184330706,0.9998672741679426,60,0.01,2.5e-05,400,0.3,0.13333333333333333,0.13333333333333333,0.13333333333333333,0.3,1.5824523697194356e-46,2.6165703530788846e-27,2.1561270021791773e-13,0.00013272583184313402,0.9998672741679412,60,0.01,2.5e-05,400,0.3,0.13333333333333333,0.13333333333333333,0.13333333333333333,0.3,1.5805239346146923e-46,2.615659949568295e-27,2.1900020115512975e-13,0.00013272583184277103,0.9998672741679381,60,0.01,2.5e-05,400,0.3,0.13333333333333333,0.13333333333333333,0.13333333333333333,0.3,1.5785675339311955e-46,2.614714833572532e-27,2.2240229928756728e-13,0.00013272583184238562,0.9998672741679351,60,0.01,2.5e-05,400,0.3,0.13333333333333333,0.13333333333333333,0.13333333333333333,0.3,0.85,0.5,40.840704496667314,0.15
26,2.042665587028803e-46,3.1088475498493453e-27,2.1008348884119657e-13,0.0001400172796925479,0.999859982720097,60,0.01,2.5e-05,400,0.3,0.13333333333333333,0.13333333333333333,0.13333333333333333,0.3,2.031070058846859e-46,3.1045959875278764e-27,2.2854392153850717e-13,0.0001400172796912477,0.9998599827200801,60,0.01,2.5e-05,400,0.3,0.13333333333333333,0.13333333333333333,0.13333333333333333,0.3,2.0269927120533018e-46,3.10293916881318e-27,2.3483835312419074e-13,0.00014001727969067197,0.9998599827200744,60,0.01,2.5e-05,400,0.3,0.13333333333333333,0.13333333333333333,0.13333333333333333,0.3,2.0249147356718155e-46,3.1020659701062578e-27,2.380079912871057e-13,0.00014001727969035728,0.9998599827200715,60,0.01,2.5e-05,400,0.3,0.13333333333333333,0.13333333333333333,0.13333333333333333,0.3,2.023655436016771e-46,3.1015277381462697e-27,2.3991643408021135e-13,0.00014001727969016004,0.9998599827200699,60,0.01,2.5e-05,400,0.3,0.13333333333333333,0.13333333333333333,0.13333333333333333,0.3,2.0211087926302372e-46,3.1004191068356835e-27,2.4374740174019374e-13,0.00014001727968974623,0.9998599827200664,60,0.01,2.5e-05,400,0.3,0.13333333333333333,0.13333333333333333,0.13333333333333333,0.3,2.018524919020056e-46,3.0992676392788632e-27,2.475958554956495e-13,0.000140017279689307,0.9998599827200629,60,0.01,2.5e-05,400,0.3,0.13333333333333333,0.13333333333333333,0.13333333333333333,0.3,0.85,0.5,40.840704496667314,0.15
27,2.6142271611758585e-46,3.685827566087418e-27,2.3335395156212334e-13,0.00014768845865852453,0.9998523115411083,60,0.01,2.5e-05,400,0.3,0.13333333333333333,0.13333333333333333,0.13333333333333333,0.3,2.5989446523561566e-46,3.680679534056657e-27,2.541406465765452e-13,0.00014768845865704454,0.9998523115410889,60,0.01,2.5e-05,400,0.3,0.13333333333333333,0.13333333333333333,0.13333333333333333,0.3,2.5935681399734587e-46,3.6786681894445855e-27,2.612374342399715e-13,0.00014768845865638963,0.9998523115410826,60,0.01,2.5e-05,400,0.3,0.13333333333333333,0.13333333333333333,0.13333333333333333,0.3,2.5908275951043906e-46,3.6776073180277896e-27,2.648125548762151e-13,0.00014768845865603187,0.9998523115410795,60,0.01,2.5e-05,400,0.3,0.13333333333333333,0.13333333333333333,0.13333333333333333,0.3,2.5891666215690274e-46,3.676953156196146e-27,2.6696556828136744e-13,0.00014768845865580744,0.9998523115410772,60,0.01,2.5e-05,400,0.3,0.13333333333333333,0.13333333333333333,0.13333333333333333,0.3,2.5858073718367338e-46,3.6756051900290134e-27,2.7128839059838747e-13,0.00014768845865533703,0.9998523115410735,60,0.01,2.5e-05,400,0.3,0.13333333333333333,0.13333333333333333,0.13333333333333333,0.3,2.5823986051899647e-46,3.67420443404789e-27,2.7563207490650703e-13,0.0001476884586548378,0.9998523115410699,60,0.01,2.5e-05,400,0.3,0.13333333333333333,0.13333333333333333,0.13333333333333333,0.3,0.85,0.5,40.840704496667314,0.15
28,3.3473237587907625e-46,4.370544664751344e-27,2.5927784493033054e-13,0.00015575778797539562,0.9998442422117652,60,0.01,2.5e-05,400,0.3,0.13333333333333333,0.13333333333333333,0.13333333333333333,0.3,3.327203201801729e-46,4.364320803986847e-27,2.826362483514227e-13,0.0001557577879737171,0.9998442422117435,60,0.01,2.5e-05,400,0.3,0.13333333333333333,0.13333333333333333,0.13333333333333333,0.3,3.320120954815813e-46,4.3618826559196144e-27,2.906211927958282e-13,0.0001557577879729746,0.9998442422117363,60,0.01,2.5e-05,400,0.3,0.13333333333333333,0.13333333333333333,0.13333333333333333,0.3,3.316510326796912e-46,4.3605956388386425e-27,2.94645346567698e-13,0.00015575778797256902,0.9998442422117328,60,0.01,2.5e-05,400,0.3,0.13333333333333333,0.13333333333333333,0.13333333333333333,0.3,3.314321824835267e-46,4.359801717559242e-27,2.9706925575610834e-13,0.0001557577879723146,0.9998442422117305,60,0.01,2.5e-05,400,0.3,0.13333333333333333,0.13333333333333333,0.13333333333333333,0.3,3.3098952457675326e-46,4.3581650814101266e-27,3.0193699785861095e-13,0.00015575778797178138,0.9998442422117262,60,0.01,2.5e-05,400,0.3,0.13333333333333333,0.13333333333333333,0.13333333333333333,0.3,3.3054028648623425e-46,4.35646347034824e-27,3.068294974264412e-13,0.00015575778797121542,0.9998442422117219,60,0.01,2.5e-05,400,0.3,0.13333333333333333,0.13333333333333333,0.13333333333333333,0.3,0.85,0.5,40.840704496667314,0.15
29,4.287994433598175e-46,5.1832019560750806e-27,2.8815112999200055e-13,0.00016424449672292025,0.9998357555029891,60,0.01,2.5e-05,400,0.3,0.13333333333333333,0.13333333333333333,0.13333333333333333,0.3,4.2615300246939725e-46,5.175688499802015e-27,3.14355200874298e-13,0.00016424449672101932,0.9998357555029647,60,0.01,2.5e-05,400,0.3,0.13333333333333333,0.13333333333333333,0.13333333333333333,0.3,4.2522098369979854e-46,5.1727370681411064e-27,3.2332384558741687e-13,0.000164244496720179,0.9998357555029568,60,0.01,2.5e-05,400,0.3,0.13333333333333333,0.13333333333333333,0.13333333333333333,0.3,4.247457427090723e-46,5.1711778203854695e-27,3.278454803293678e-13,0.00016424449671971998,0.9998357555029525,60,0.01,2.5e-05,400,0.3,0.13333333333333333,0.13333333333333333,0.13333333333333333,0.3,4.2445765974417545e-46,5.1702155796542815e-27,3.305695558619168e-13,0.00016424449671943224,0.9998357555029501,60,0.01,2.5e-05,400,0.3,0.13333333333333333,0.13333333333333333,0.13333333333333333,0.3,4.2387491043128404e-46,5.168231110819138e-27,3.3604118773643777e-13,0.0001642444967188289,0.9998357555029451,60,0.01,2.5e-05,400,0.3,0.13333333333333333,0.13333333333333333,0.13333333333333333,0.3,4.2328342367286545e-46,5.166166762170816e-27,3.4154200802289723e-13,0.00016424449671818868,0.9998357555029405,60,0.01,2.5e-05,400,0.3,0.13333333333333333,0.13333333333333333,0.13333333333333333,0.3,0.85,0.5,40.840704496667314,0.15
30,5.495492254124297e-46,6.14780101183708e-27,3.202984101786536e-13,0.00017316865695949849,0.99982683134272,60,0.01,2.5e-05,400,0.3,0.13333333333333333,0.13333333333333333,0.13333333333333333,0.3,5.460715210395507e-46,6.138743439214499e-27,3.4965573704348204e-13,0.00017316865695734372,0.999826831342693,60,0.01,2.5e-05,400,0.3,0.13333333333333333,0.13333333333333333,0.13333333333333333,0.3,5.4484607849113366e-46,6.135175338570893e-27,3.597151336617633e-13,0.00017316865695639257,0.9998268313426836,60,0.01,2.5e-05,400,0.3,0.13333333333333333,0.13333333333333333,0.13333333333333333,0.3,5.442211045287877e-46,6.1332887019954264e-27,3.6478850019941237e-13,0.00017316865695587335,0.999826831342679,60,0.01,2.5e-05,400,0.3,0.13333333333333333,0.13333333333333333,0.13333333333333333,0.3,5.438422205690935e-46,6.13212393966873e-27,3.678455082178901e-13,0.0001731686569555479,0.9998268313426765,60,0.01,2.5e-05,400,0.3,0.13333333333333333,0.13333333333333333,0.13333333333333333,0.3,5.430757163710503e-46,6.129720745645087e-27,3.7398701813860554e-13,0.0001731686569548656,0.999826831342671,60,0.01,2.5e-05,400,0.3,0.13333333333333333,0.13333333333333333,0.13333333333333333,0.3,5.422976184156427e-46,6.127219453922865e-27,3.801627137745167e-13,0.0001731686569541418,0.9998268313426655,60,0.01,2.5e-05,400,0.3,0.13333333333333333,0.13333333333333333,0.13333333333333333,0.3,0.85,0.5,40.840704496667314,0.15
31,7.046098615089476e-46,7.292856568484441e-27,3.560832461016394e-13,0.0001825512093835588,0.9998174487902604,60,0.01,2.5e-05,400,0.3,0.13333333333333333,0.13333333333333333,0.13333333333333333,0.3,7.0004361747499715e-46,7.28195213638288e-27,3.8893664776536016e-13,0.00018255120938111193,0.9998174487902298,60,0.01,2.5e-05,400,0.3,0.13333333333333333,0.13333333333333333,0.13333333333333333,0.3,6.984336992496909e-46,7.277643875206383e-27,4.0020622179794357e-13,0.00018255120938003478,0.9998174487902197,60,0.01,2.5e-05,400,0.3,0.13333333333333333,0.13333333333333333,0.13333333333333333,0.3,6.97612488281174e-46,7.275363885103633e-27,4.058918522259525e-13,0.00018255120937944698,0.9998174487902146,60,0.01,2.5e-05,400,0.3,0.13333333333333333,0.13333333333333333,0.13333333333333333,0.3,6.97114589820839e-46,7.273955674354467e-27,4.0931835454805416e-13,0.00018255120937907875,0.9998174487902117,60,0.01,2.5e-05,400,0.3,0.13333333333333333,0.13333333333333333,0.13333333333333333,0.3,6.9610720716550266e-46,7.271048872278315e-27,4.1620337836066854e-13,0.00018255120937830696,0.9998174487902056,60,0.01,2.5e-05,400,0.3,0.13333333333333333,0.13333333333333333,0.13333333333333333,0.3,6.950844505854124e-46,7.268021721328255e-27,4.231282206687839e-13,0.00018255120937748853,0.9998174487901995,60,0.01,2.5e-05,400,0.3,0.13333333333333333,0.13333333333333333,0.13333333333333333,0.3,0.85,0.5,40.840704496667314,0.15
32,9.038043865865019e-46,8.65224593649661e-27,3.959161974250758e-13,0.00019241399808316384,0.9998075860015209,60,0.01,2.5e-05,400,0.3,0.13333333333333333,0.13333333333333333,0.13333333333333333,0.3,8.978135690095251e-46,8.639134900552626e-27,4.3264399572025314e-13,0.00019241399808038353,0.999807586001487,60,0.01,2.5e-05,400,0.3,0.13333333333333333,0.13333333333333333,0.13333333333333333,0.3,8.957001680333936e-46,8.633939093059877e-27,4.4525578724153545e-13,0.00019241399807916302,0.9998075860014758,60,0.01,2.5e-05,400,0.3,0.13333333333333333,0.13333333333333333,0.13333333333333333,0.3,8.946219240435258e-46,8.631186923065408e-27,4.516206441357127e-13,0.00019241399807849754,0.9998075860014699,60,0.01,2.5e-05,400,0.3,0.13333333333333333,0.13333333333333333,0.13333333333333333,0.3,8.939681224245595e-46,8.629486327865136e-27,4.554570991202197e-13,0.0001924139980780808,0.9998075860014666,60,0.01,2.5e-05,400,0.3,0.13333333333333333,0.13333333333333333,0.13333333333333333,0.3,8.926451636587559e-46,8.625974359829535e-27,4.631671480925579e-13,0.0001924139980772078,0.9998075860014598,60,0.01,2.5e-05,400,0.3,0.13333333333333333,0.13333333333333333,0.13333333333333333,0.3,8.913018302293778e-46,8.622314884173873e-27,4.709233875333515e-13,0.0001924139980762824,0.9998075860014527,60,0.01,2.5e-05,400,0.3,0.13333333333333333,0.13333333333333333,0.13333333333333333,0.3,0.85,0.5,40.840704496667314,0.15
33,1.159785631363885e-45,1.0266218411243887e-26,4.402584273632875e-13,0.0002027798101475938,0.9997972201894121,60,0.01,2.5e-05,400,0.3,0.13333333333333333,0.13333333333333333,0.13333333333333333,0.3,1.1519315511465451e-45,1.0250473717774296e-26,4.812759646490435e-13,0.00020277981014443693,0.9997972201893741,60,0.01,2.5e-05,400,0.3,0.13333333333333333,0.13333333333333333,0.13333333333333333,0.3,1.1491591945543024e-45,1.0244214604561675e-26,4.95375079351297e-13,0.00020277981014305504,0.9997972201893616,60,0.01,2.5e-05,400,0.3,0.13333333333333333,0.13333333333333333,0.13333333333333333,0.3,1.147744473701078e-45,1.0240896131953904e-26,5.024927908725963e-13,0.00020277981014230217,0.999797220189355,60,0.01,2.5e-05,400,0.3,0.13333333333333333,0.13333333333333333,0.13333333333333333,0.3,1.1468865596465739e-45,1.0238844683942683e-26,5.067836957491968e-13,0.0002027798101418308,0.9997972201893511,60,0.01,2.5e-05,400,0.3,0.13333333333333333,0.13333333333333333,0.13333333333333333,0.3,1.1451503905744697e-45,1.0234606130715894e-26,5.154084436407522e-13,0.00020277981014084386,0.9997972201893436,60,0.01,2.5e-05,400,0.3,0.13333333333333333,0.13333333333333333,0.13333333333333333,0.3,1.1433872339919817e-45,1.0230186942835356e-26,5.240866017762977e-13,0.00020277981013979815,0.9997972201893359,60,0.01,2.5e-05,400,0.3,0.13333333333333333,0.13333333333333333,0.13333333333333333,0.3,0.85,0.5,40.840704496667314,0.15
34,1.4888554859537462e-45,1.2182594069368112e-26,4.89621249385771e-13,0.00021367240601192694,0.9997863275934988,60,0.01,2.5e-05,400,0.3,0.13333333333333333,0.13333333333333333,0.13333333333333333,0.3,1.4785657055548004e-45,1.2163709266985769e-26,5.353858802272752e-13,0.0002136724060083485,0.9997863275934565,60,0.01,2.5e-05,400,0.3,0.13333333333333333,0.13333333333333333,0.13333333333333333,0.3,1.474931371918906e-45,1.2156177422864726e-26,5.51131977425502e-13,0.00021367240600678604,0.9997863275934423,60,0.01,2.5e-05,400,0.3,0.13333333333333333,0.13333333333333333,0.13333333333333333,0.3,1.473076408588562e-45,1.2152180346470417e-26,5.590835451033719e-13,0.00021367240600593545,0.9997863275934352,60,0.01,2.5e-05,400,0.3,0.13333333333333333,0.13333333333333333,0.13333333333333333,0.3,1.471951405699892e-45,1.2149708240287875e-26,5.638778505159835e-13,0.000213672406005403,0.999786327593431,60,0.01,2.5e-05,400,0.3,0.13333333333333333,0.13333333333333333,0.13333333333333333,0.3,1.469674468276196e-45,1.2144598042504807e-26,5.735159427455158e-13,0.00021367240600428858,0.9997863275934225,60,0.01,2.5e-05,400,0.3,0.13333333333333333,0.13333333333333333,0.13333333333333333,0.3,1.4673618018464146e-45,1.2139266828384428e-26,5.832155963529322e-13,0.0002136724060031084,0.9997863275934138,60,0.01,2.5e-05,400,0.3,0.13333333333333333,0.13333333333333333,0.13333333333333333,0.3,0.85,0.5,40.840704496667314,0.15
35,1.9120222745576116e-45,1.4458187917371215e-26,5.445673894715902e-13,0.00022511655266711618,0.9997748834467884,60,0.01,2.5e-05,400,0.3,0.13333333333333333,0.13333333333333333,0.13333333333333333,0.3,1.8985501677790307e-45,1.4435562998304746e-26,5.955854978094148e-13,0.00022511655266306525,0.9997748834467413,60,0.01,2.5e-05,400,0.3,0.13333333333333333,0.13333333333333333,0.13333333333333333,0.3,1.8937888599850164e-45,1.4426509085153972e-26,6.131553321398452e-13,0.00022511655266130087,0.9997748834467257,60,0.01,2.5e-05,400,0.3,0.13333333333333333,0.13333333333333333,0.13333333333333333,0.3,1.8913581784860653e-45,1.442169951624093e-26,6.220303655895497e-13,0.000225116552660341,0.9997748834467178,60,0.01,2.5e-05,400,0.3,0.13333333333333333,0.13333333333333333,0.13333333333333333,0.3,1.889883854717174e-45,1.4418723472824412e-26,6.27382207263552e-13,0.00022511655265974032,0.9997748834467128,60,0.01,2.5e-05,400,0.3,0.13333333333333333,0.13333333333333333,0.13333333333333333,0.3,1.8868995656954263e-45,1.441256845254971e-26,6.381427018194478e-13,0.00022511655265848354,0.9997748834467034,60,0.01,2.5e-05,400,0.3,0.13333333333333333,0.13333333333333333,0.13333333333333333,0.3,1.88386799621798e-45,1.4406143220242032e-26,6.489738922327364e-13,0.00022511655265715312,0.999774883446694,60,0.01,2.5e-05,400,0.3,0.13333333333333333,0.13333333333333333,0.13333333333333333,0.3,0.85,0.5,40.840704496667314,0.15
36,2.456365694603211e-45,1.7160501999220092e-26,6.05712757467834e-13,0.00023713806389463963,0.9997628619354993,60,0.01,2.5e-05,400,0.3,0.13333333333333333,0.13333333333333333,0.13333333333333333,0.3,2.438737869104358e-45,1.7133426836123725e-26,6.625507937430219e-13,0.00023713806389005554,0.9997628619354472,60,0.01,2.5e-05,400,0.3,0.13333333333333333,0.13333333333333333,0.13333333333333333,0.3,2.4325038402234157e-45,1.7122554234417225e-26,6.821410674871243e-13,0.00023713806388806426,0.9997628619354297,60,0.01,2.5e-05,400,0.3,0.13333333333333333,0.13333333333333333,0.13333333333333333,0.3,2.4293206374156505e-45,1.7116772667130215e-26,6.92039251957016e-13,0.00023713806388698174,0.9997628619354206,60,0.01,2.5e-05,400,0.3,0.13333333333333333,0.13333333333333333,0.13333333333333333,0.3,2.4273896614505762e-45,1.711319340563125e-26,6.980088325419327e-13,0.00023713806388630458,0.9997628619354153,60,0.01,2.5e-05,400,0.3,0.13333333333333333,0.13333333333333333,0.13333333333333333,0.3,2.4234805613262076e-45,1.7105786962216486e-26,7.100129599314352e-13,0.00023713806388488834,0.9997628619354049,60,0.01,2.5e-05,400,0.3,0.13333333333333333,0.13333333333333333,0.13333333333333333,0.3,2.419508920907762e-45,1.7098050407518834e-26,7.220979457976217e-13,0.00023713806388338994,0.9997628619353944,60,0.01,2.5e-05,400,0.3,0.13333333333333333,0.13333333333333333,0.13333333333333333,0.3,0.85,0.5,40.840704496667314,0.15
37,3.156798926391096e-45,2.0369735009216506e-26,6.737432235974517e-13,0.0002497638357828748,0.9997502361635436,60,0.01,2.5e-05,400,0.3,0.13333333333333333,0.13333333333333333,0.13333333333333333,0.3,3.1337468921663056e-45,2.0337370004177168e-26,7.370304074184654e-13,0.0002497638357776849,0.9997502361634855,60,0.01,2.5e-05,400,0.3,0.13333333333333333,0.13333333333333333,0.13333333333333333,0.3,3.125589223258543e-45,2.032432612922819e-26,7.588605519509224e-13,0.00024976383577543764,0.9997502361634658,60,0.01,2.5e-05,400,0.3,0.13333333333333333,0.13333333333333333,0.13333333333333333,0.3,3.1214228539770285e-45,2.0317382681208454e-26,7.698929752560959e-13,0.0002497638357742172,0.9997502361634562,60,0.01,2.5e-05,400,0.3,0.13333333333333333,0.13333333333333333,0.13333333333333333,0.3,3.118895190031991e-45,2.0313081929955075e-26,7.765473616652015e-13,0.000249763835773454,0.9997502361634503,60,0.01,2.5e-05,400,0.3,0.13333333333333333,0.13333333333333333,0.13333333333333333,0.3,3.113777516805154e-45,2.0304177762153338e-26,7.899301404332749e-13,0.0002497638357718585,0.9997502361634385,60,0.01,2.5e-05,400,0.3,0.13333333333333333,0.13333333333333333,0.13333333333333333,0.3,3.1085771505389e-45,2.0294870591521943e-26,8.034050422212897e-13,0.00024976383577017124,0.9997502361634268,60,0.01,2.5e-05,400,0.3,0.13333333333333333,0.13333333333333333,0.13333333333333333,0.3,0.85,0.5,40.840704496667314,0.15
38,4.058343755150722e-45,2.418116889226045e-26,7.494184242915446e-13,0.0002630218805383691,0.9997369781187122,60,0.01,2.5e-05,400,0.3,0.13333333333333333,0.13333333333333333,0.13333333333333333,0.3,4.0282151521716095e-45,2.4142522397037885e-26,8.198572575980268e-13,0.00026302188053249127,0.9997369781186475,60,0.01,2.5e-05,400,0.3,0.13333333333333333,0.13333333333333333,0.13333333333333333,0.3,4.0175459941195484e-45,2.4126888472984642e-26,8.441706742698875e-13,0.00026302188052995483,0.9997369781186258,60,0.01,2.5e-05,400,0.3,0.13333333333333333,0.13333333333333333,0.13333333333333333,0.3,4.0120956922765395e-45,2.4118557267722525e-26,8.564607386483319e-13,0.00026302188052857855,0.9997369781186151,60,0.01,2.5e-05,400,0.3,0.13333333333333333,0.13333333333333333,0.13333333333333333,0.3,4.008788705694964e-45,2.4113394232374726e-26,8.638744566061461e-13,0.00026302188052771834,0.9997369781186084,60,0.01,2.5e-05,400,0.3,0.13333333333333333,0.13333333333333333,0.13333333333333333,0.3,4.002092321719479e-45,2.410269891225755e-26,8.787859320176388e-13,0.0002630218805259208,0.9997369781185954,60,0.01,2.5e-05,400,0.3,0.13333333333333333,0.13333333333333333,0.13333333333333333,0.3,3.995286637671902e-45,2.409151193418728e-26,8.93802017920924e-13,0.0002630218805240211,0.9997369781185822,60,0.01,2.5e-05,400,0.3,0.13333333333333333,0.13333333333333333,0.13333333333333333,0.3,0.85,0.5,40.840704496667314,0.15
39,5.219068580289626e-45,2.870800408600762e-26,8.335901773230067e-13,0.00027694137087718216,0.9997230586282893,60,0.01,2.5e-05,400,0.3,0.13333333333333333,0.13333333333333333,0.13333333333333333,0.3,5.179711892767239e-45,2.8661906084473634e-26,9.11956929586207e-13,0.0002769413708705261,0.9997230586282176,60,0.01,2.5e-05,400,0.3,0.13333333333333333,0.13333333333333333,0.13333333333333333,0.3,5.165765182647264e-45,2.864318510918995e-26,9.390238970466514e-13,0.0002769413708676636,0.9997230586281937,60,0.01,2.5e-05,400,0.3,0.13333333333333333,0.13333333333333333,0.13333333333333333,0.3,5.1586388927834325e-45,2.8633197648513527e-26,9.527083141502792e-13,0.00027694137086611186,0.9997230586281813,60,0.01,2.5e-05,400,0.3,0.13333333333333333,0.13333333333333333,0.13333333333333333,0.3,5.1543144816006165e-45,2.8627004840637987e-26,9.60963880498361e-13,0.00027694137086514236,0.9997230586281738,60,0.01,2.5e-05,400,0.3,0.13333333333333333,0.13333333333333333,0.13333333333333333,0.3,5.1455567622015456e-45,2.861416903269109e-26,9.775701743511967e-13,0.00027694137086311767,0.9997230586281592,60,0.01,2.5e-05,400,0.3,0.13333333333333333,0.13333333333333333,0.13333333333333333,0.3,5.1366546236723756e-45,2.860073379351939e-26,9.942949395973062e-13,0.0002769413708609792,0.9997230586281447,60,0.01,2.5e-05,400,0.3,0.13333333333333333,0.13333333333333333,0.13333333333333333,0.3,0.85,0.5,40.840704496667314,0.15
40,6.713882756154276e-45,3.4084726742045133e-26,9.272070829620257e-13,0.00029155268456806867,0.9997084473145046,60,0.01,2.5e-05,400,0.3,0.13333333333333333,0.13333333333333333,0.13333333333333333,0.3,6.662497650367934e-45,3.4029798215362613e-26,1.0143615664058958e-12,0.00029155268456053623,0.9997084473144248,60,0.01,2.5e-05,400,0.3,0.13333333333333333,0.13333333333333333,0.13333333333333333,0.3,6.644275463908608e-45,3.400740080481054e-26,1.044478694271463e-12,0.0002915526845573076,0.9997084473143978,60,0.01,2.5e-05,400,0.3,0.13333333333333333,0.13333333333333333,0.13333333333333333,0.3,6.63496232387473e-45,3.3995438153563205e-26,1.0597082004431052e-12,0.00029155268455555904,0.9997084473143847,60,0.01,2.5e-05,400,0.3,0.13333333333333333,0.13333333333333333,0.13333333333333333,0.3,6.62931018802086e-45,3.398801646575219e-26,1.06889672590076e-12,0.00029155268455446714,0.9997084473143762,60,0.01,2.5e-05,400,0.3,0.13333333333333333,0.13333333333333333,0.13333333333333333,0.3,6.617862066715304e-45,3.397262454741059e-26,1.087381336311874e-12,0.0002915526845521876,0.99970844731436,60,0.01,2.5e-05,400,0.3,0.13333333333333333,0.13333333333333333,0.13333333333333333,0.3,6.606223183835367e-45,3.395650224648803e-26,1.1059998091503016e-12,0.00029155268454978165,0.9997084473143439,60,0.01,2.5e-05,400,0.3,0.13333333333333333,0.13333333333333333,0.13333333333333333,0.3,0.85,0.5,40.840704496667314,0.15
41,8.639437037954393e-45,4.0471106017431454e-26,1.0313180386092871e-12,0.00030688743894274846,0.9996931125600261,60,0.01,2.5e-05,400,0.3,0.13333333333333333,0.13333333333333333,0.13333333333333333,0.3,8.572380147659136e-45,4.040572336245232e-26,1.1282103313842132e-12,0.00030688743893423167,0.9996931125599374,60,0.01,2.5e-05,400,0.3,0.13333333333333333,0.13333333333333333,0.13333333333333333,0.3,8.54858300989346e-45,4.0378951120590225e-26,1.1617077976677112e-12,0.00030688743893059276,0.9996931125599076,60,0.01,2.5e-05,400,0.3,0.13333333333333333,0.13333333333333333,0.13333333333333333,0.3,8.536417592998645e-45,4.0364634699408436e-26,1.1786496555406563e-12,0.0003068874389286238,0.9996931125598929,60,0.01,2.5e-05,400,0.3,0.13333333333333333,0.13333333333333333,0.13333333333333333,0.3,8.529033489390442e-45,4.035574759578674e-26,1.188871946495029e-12,0.00030688743892739475,0.9996931125598836,60,0.01,2.5e-05,400,0.3,0.13333333333333333,0.13333333333333333,0.13333333333333333,0.3,8.51407531873518e-45,4.0337305397484877e-26,1.2094377100295127e-12,0.0003068874389248302,0.9996931125598656,60,0.01,2.5e-05,400,0.3,0.13333333333333333,0.13333333333333333,0.13333333333333333,0.3,8.498865248764119e-45,4.031797377359957e-26,1.230154359531185e-12,0.0003068874389221249,0.9996931125598477,60,0.01,2.5e-05,400,0.3,0.13333333333333333,0.13333333333333333,0.13333333333333333,0.3,0.85,0.5,40.840704496667314,0.15
42,1.1120453468959711e-44,4.805694068250797e-26,1.147081355336505e-12,0.000322978533750671,0.9996770214651018,60,0.01,2.5e-05,400,0.3,0.13333333333333333,0.13333333333333333,0.13333333333333333,0.3,1.1032986459511497e-44,4.797919459866942e-26,1.2547685748024475e-12,0.0003229785337410475,0.9996770214650036,60,0.01,2.5e-05,400,0.3,0.13333333333333333,0.13333333333333333,0.13333333333333333,0.3,1.1001922848063335e-44,4.794722064608413e-26,1.2920122558740833e-12,0.00032297853373694865,0.9996770214649706,60,0.01,2.5e-05,400,0.3,0.13333333333333333,0.13333333333333333,0.13333333333333333,0.3,1.0986038712588601e-44,4.7930101416265535e-26,1.3108506198884396e-12,0.0003229785337347329,0.999677021464954,60,0.01,2.5e-05,400,0.3,0.13333333333333333,0.13333333333333333,0.13333333333333333,0.3,1.0976396202821678e-44,4.79194680983003e-26,1.3222182102797561e-12,0.0003229785337333504,0.999677021464944,60,0.01,2.5e-05,400,0.3,0.13333333333333333,0.13333333333333333,0.13333333333333333,0.3,1.0956860395031692e-44,4.789738845920313e-26,1.3450898303889975e-12,0.00032297853373046713,0.9996770214649243,60,0.01,2.5e-05,400,0.3,0.13333333333333333,0.13333333333333333,0.13333333333333333,0.3,1.0936992050197641e-44,4.787422631274358e-26,1.3681311196266822e-12,0.00032297853372742713,0.999677021464904,60,0.01,2.5e-05,400,0.3,0.13333333333333333,0.13333333333333333,0.13333333333333333,0.3,0.85,0.5,40.840704496667314,0.15
43,1.4317902331634866e-44,5.706769412410384e-26,1.2757767139254258e-12,0.0003398601994622501,0.9996601397992623,60,0.01,2.5e-05,400,0.3,0.13333333333333333,0.13333333333333333,0.13333333333333333,0.3,1.4203865209779578e-44,5.697534273856458e-26,1.3954329336933727e-12,0.00033986019945137863,0.9996601397991535,60,0.01,2.5e-05,400,0.3,0.13333333333333333,0.13333333333333333,0.13333333333333333,0.3,1.416333407890795e-44,5.693718913502786e-26,1.4368295768600927e-12,0.0003398601994467633,0.9996601397991164,60,0.01,2.5e-05,400,0.3,0.13333333333333333,0.13333333333333333,0.13333333333333333,0.3,1.414260344791892e-44,5.691673500726392e-26,1.4577704691242156e-12,0.00033986019944427077,0.9996601397990981,60,0.01,2.5e-05,400,0.3,0.13333333333333333,0.13333333333333333,0.13333333333333333,0.3,1.41300172033655e-44,5.69040224423942e-26,1.4704075732744746e-12,0.00033986019944271635,0.9996601397990871,60,0.01,2.5e-05,400,0.3,0.13333333333333333,0.13333333333333333,0.13333333333333333,0.3,1.410451371552949e-44,5.687760833070288e-26,1.495834596246473e-12,0.00033986019943947567,0.9996601397990647,60,0.01,2.5e-05,400,0.3,0.13333333333333333,0.13333333333333333,0.13333333333333333,0.3,1.4078571357394074e-44,5.684987739536548e-26,1.5214518742532508e-12,0.00033986019943606124,0.9996601397990424,60,0.01,2.5e-05,400,0.3,0.13333333333333333,0.13333333333333333,0.13333333333333333,0.3,0.85,0.5,40.840704496667314,0.15
44,1.8439565168410366e-44,6.777117850230519e-26,1.418820787806563e-12,0.0003575680350565942,0.9996424319635245,60,0.01,2.5e-05,400,0.3,0.13333333333333333,0.13333333333333333,0.13333333333333333,0.3,1.8290952821139873e-44,6.766159558699074e-26,1.5517536401309618e-12,0.00035756803504431294,0.9996424319634037,60,0.01,2.5e-05,400,0.3,0.13333333333333333,0.13333333333333333,0.13333333333333333,0.3,1.8238091158302797e-44,6.761610777916823e-26,1.5977562982762337e-12,0.00035756803503911706,0.9996424319633629,60,0.01,2.5e-05,400,0.3,0.13333333333333333,0.13333333333333333,0.13333333333333333,0.3,1.821104661589542e-44,6.759168928290204e-26,1.6210278418161325e-12,0.0003575680350363136,0.9996424319633425,60,0.01,2.5e-05,400,0.3,0.13333333333333333,0.13333333333333333,0.13333333333333333,0.3,1.819462477383995e-44,6.757650310877522e-26,1.635071754029209e-12,0.00035756803503456607,0.9996424319633302,60,0.01,2.5e-05,400,0.3,0.13333333333333333,0.13333333333333333,0.13333333333333333,0.3,1.8161344339868772e-44,6.754492831123844e-26,1.6633312294381098e-12,0.000357568035030925,0.9996424319633055,60,0.01,2.5e-05,400,0.3,0.13333333333333333,0.13333333333333333,0.13333333333333333,0.3,1.8127484849553514e-44,6.751175245183068e-26,1.6918035930893123e-12,0.0003575680350270908,0.999642431963281,60,0.01,2.5e-05,400,0.3,0.13333333333333333,0.13333333333333333,0.13333333333333333,0.3,0.85,0.5,40.840704496667314,0.15
45,2.3753681399472367e-44,8.048548052014301e-26,1.5777935781438957e-12,0.00037613905188076856,0.9996238609465412,60,0.01,2.5e-05,400,0.3,0.13333333333333333,0.13333333333333333,0.13333333333333333,0.3,2.3560094906422553e-44,8.035560202499376e-26,1.7254499812729287e-12,0.00037613905186689657,0.9996238609464076,60,0.01,2.5e-05,400,0.3,0.13333333333333333,0.13333333333333333,0.13333333333333333,0.3,2.349117998289633e-44,8.030142140867978e-26,1.776560100717829e-12,0.00037613905186104774,0.9996238609463624,60,0.01,2.5e-05,400,0.3,0.13333333333333333,0.13333333333333333,0.13333333333333333,0.3,2.345591286028773e-44,8.02722961726009e-26,1.8024161948153393e-12,0.00037613905185789493,0.9996238609463394,60,0.01,2.5e-05,400,0.3,0.13333333333333333,0.13333333333333333,0.13333333333333333,0.3,2.3434495185152225e-44,8.025417080945186e-26,1.8180198879022964e-12,0.0003761390518559308,0.999623860946326,60,0.01,2.5e-05,400,0.3,0.13333333333333333,0.13333333333333333,0.13333333333333333,0.3,2.339108369069552e-44,8.02164588607801e-26,1.8494190870866253e-12,0.0003761390518518403,0.9996238609462983,60,0.01,2.5e-05,400,0.3,0.13333333333333333,0.13333333333333333,0.13333333333333333,0.3,2.334690836297915e-44,8.017680127614715e-26,1.881056046737301e-12,0.0003761390518475357,0.9996238609462711,60,0.01,2.5e-05,400,0.3,0.13333333333333333,0.13333333333333333,0.13333333333333333,0.3,0.85,0.5,40.840704496667314,0.15
46,3.060658005858676e-44,9.558835369266664e-26,1.7544465999705682e-12,0.0003956117284410485,0.9996043882698046,60,0.01,2.5e-05,400,0.3,0.13333333333333333,0.13333333333333333,0.13333333333333333,0.3,3.035451601503074e-44,9.543462950443765e-26,1.918430733186809e-12,0.0003956117284253851,0.9996043882696561,60,0.01,2.5e-05,400,0.3,0.13333333333333333,0.13333333333333333,0.13333333333333333,0.3,3.026470895526258e-44,9.537016684374711e-26,1.9752035834227556e-12,0.00039561172841880333,0.9996043882696062,60,0.01,2.5e-05,400,0.3,0.13333333333333333,0.13333333333333333,0.13333333333333333,0.3,3.021873751232978e-44,9.533546435463982e-26,2.0039252019439338e-12,0.0003956117284152588,0.9996043882695806,60,0.01,2.5e-05,400,0.3,0.13333333333333333,0.13333333333333333,0.13333333333333333,0.3,3.0190815159667864e-44,9.531385323862905e-26,2.021257925605749e-12,0.0003956117284130516,0.9996043882695657,60,0.01,2.5e-05,400,0.3,0.13333333333333333,0.13333333333333333,0.13333333333333333,0.3,3.0134210608381805e-44,9.526885649263035e-26,2.056137070260703e-12,0.0003956117284084575,0.9996043882695352,60,0.01,2.5e-05,400,0.3,0.13333333333333333,0.13333333333333333,0.13333333333333333,0.3,3.007659872330989e-44,9.522149693152876e-26,2.0912813146535335e-12,0.00039561172840362597,0.999604388269505,60,0.01,2.5e-05,400,0.3,0.13333333333333333,0.13333333333333333,0.13333333333333333,0.3,0.85,0.5,40.840704496667314,0.15
47,3.9445460043962915e-44,1.135283419590964e-25,1.950716378177822e-12,0.0004160260566984046,0.999583973941351,60,0.01,2.5e-05,400,0.3,0.13333333333333333,0.13333333333333333,0.13333333333333333,0.3,3.911739043266461e-44,1.1334670177467212e-25,2.1328119778548596e-12,0.00041602605668072815,0.9995839739411864,60,0.01,2.5e-05,400,0.3,0.13333333333333333,0.13333333333333333,0.13333333333333333,0.3,3.900040380971039e-44,1.1327011560854418e-25,2.195862078740075e-12,0.0004160260566733244,0.9995839739411306,60,0.01,2.5e-05,400,0.3,0.13333333333333333,0.13333333333333333,0.13333333333333333,0.3,3.8940502294161497e-44,1.1322882457160423e-25,2.2277600237113736e-12,0.0004160260566693413,0.9995839739411028,60,0.01,2.5e-05,400,0.3,0.13333333333333333,0.13333333333333333,0.13333333333333333,0.3,3.890411374047451e-44,1.132030919907626e-25,2.2470095141047306e-12,0.0004160260566668621,0.9995839739410861,60,0.01,2.5e-05,400,0.3,0.13333333333333333,0.13333333333333333,0.13333333333333333,0.3,3.883033474473537e-44,1.131494740033751e-25,2.285744776100819e-12,0.00041602605666170436,0.9995839739410524,60,0.01,2.5e-05,400,0.3,0.13333333333333333,0.13333333333333333,0.13333333333333333,0.3,3.8755227594090544e-44,1.1309298945292777e-25,2.3247752847388633e-12,0.0004160260566562835,0.9995839739410187,60,0.01,2.5e-05,400,0.3,0.13333333333333333,0.13333333333333333,0.13333333333333333,0.3,0.85,0.5,40.840704496667314,0.15
48,5.084782276618765e-44,1.3483798202745705e-25,2.1687790859135264e-12,0.00043742358373381247,0.9995625764140976,60,0.01,2.5e-05,400,0.3,0.13333333333333333,0.13333333333333333,0.13333333333333333,0.3,5.042100412379054e-44,1.3462381208004772e-25,2.370937164708841e-12,0.00043742358371387556,0.9995625764139152,60,0.01,2.5e-05,400,0.3,0.13333333333333333,0.13333333333333333,0.13333333333333333,0.3,5.026867122996293e-44,1.3453299276429874e-25,2.440945142625978e-12,0.0004374235837055515,0.9995625764138536,60,0.01,2.5e-05,400,0.3,0.13333333333333333,0.13333333333333333,0.13333333333333333,0.3,5.019064828223349e-44,1.344839517994119e-25,2.476363217720035e-12,0.0004374235837010775,0.9995625764138225,60,0.01,2.5e-05,400,0.3,0.13333333333333333,0.13333333333333333,0.13333333333333333,0.3,5.014324438819862e-44,1.3445336691594543e-25,2.4977367859333106e-12,0.0004374235836982941,0.9995625764138041,60,0.01,2.5e-05,400,0.3,0.13333333333333333,0.13333333333333333,0.13333333333333333,0.3,5.004711586601925e-44,1.34389589650849e-25,2.540745110860116e-12,0.0004374235836925063,0.999562576413767,60,0.01,2.5e-05,400,0.3,0.13333333333333333,0.13333333333333333,0.13333333333333333,0.3,4.994923658059574e-44,1.343223404971778e-25,2.5840813557873308e-12,0.00043742358368642676,0.9995625764137296,60,0.01,2.5e-05,400,0.3,0.13333333333333333,0.13333333333333333,0.13333333333333333,0.3,0.85,0.5,40.840704496667314,0.15
49,6.555950212747076e-44,1.601496031470673e-25,2.4109922969383014e-12,0.00045984746538014457,0.9995401525322091,60,0.01,2.5e-05,400,0.3,0.13333333333333333,0.13333333333333333,0.13333333333333333,0.3,6.500443496902817e-44,1.5989767016984812e-25,2.6353997789511103e-12,0.000459847465357668,0.9995401525320072,60,0.01,2.5e-05,400,0.3,0.13333333333333333,0.13333333333333333,0.13333333333333333,0.3,6.480615187887127e-44,1.59790208453161e-25,2.7131200052880704e-12,0.00045984746534831304,0.999540152531939,60,0.01,2.5e-05,400,0.3,0.13333333333333333,0.13333333333333333,0.13333333333333333,0.3,6.470456337330441e-44,1.5973208973181386e-25,2.7524394577350802e-12,0.00045984746534328945,0.9995401525319045,60,0.01,2.5e-05,400,0.3,0.13333333333333333,0.13333333333333333,0.13333333333333333,0.3,6.464283248602484e-44,1.5969581662286488e-25,2.7761670808608963e-12,0.00045984746534016564,0.9995401525318839,60,0.01,2.5e-05,400,0.3,0.13333333333333333,0.13333333333333333,0.13333333333333333,0.3,6.451763004268644e-44,1.5962012033594108e-25,2.8239104636452793e-12,0.0004598474653336733,0.9995401525318427,60,0.01,2.5e-05,400,0.3,0.13333333333333333,0.13333333333333333,0.13333333333333333,0.3,6.439012025796654e-44,1.595402301633866e-25,2.8720166599158944e-12,0.00045984746532685825,0.9995401525318013,60,0.01,2.5e-05,400,0.3,0.13333333333333333,0.13333333333333333,0.13333333333333333,0.3,0.85,0.5,40.840704496667314,0.15
50,8.454380247485538e-44,1.902145849865594e-25,2.679946784496047e-12,0.00048334251901532626,0.9995166574783048,60,0.01,2.5e-05,400,0.3,0.13333333333333333,0.13333333333333333,0.13333333333333333,0.3,8.382223906295671e-44,1.8991866292896961e-25,2.929069672470763e-12,0.00048334251898999307,0.9995166574780809,60,0.01,2.5e-05,400,0.3,0.13333333333333333,0.13333333333333333,0.13333333333333333,0.3,8.356424218743753e-44,1.8979171226219415e-25,3.0153393852339282e-12,0.00048334251897948265,0.9995166574780052,60,0.01,2.5e-05,400,0.3,0.13333333333333333,0.13333333333333333,0.13333333333333333,0.3,8.343201924501321e-44,1.8972295104851563e-25,3.058982947454088e-12,0.0004833425189738441,0.9995166574779674,60,0.01,2.5e-05,400,0.3,0.13333333333333333,0.13333333333333333,0.13333333333333333,0.3,8.335166058523725e-44,1.8968000603780083e-25,3.085319385821418e-12,0.0004833425189703392,0.9995166574779443,60,0.01,2.5e-05,400,0.3,0.13333333333333333,0.13333333333333333,0.13333333333333333,0.3,8.318864963490205e-44,1.895903232826139e-25,3.138309597922188e-12,0.0004833425189630589,0.9995166574778985,60,0.01,2.5e-05,400,0.3,0.13333333333333333,0.13333333333333333,0.13333333333333333,0.3,8.302259847170882e-44,1.8949559233835265e-25,3.1917009946919626e-12,0.00048334251895542144,0.9995166574778529,60,0.01,2.5e-05,400,0.3,0.13333333333333333,0.13333333333333333,0.13333333333333333,0.3,0.85,0.5,40.840704496667314,0.15
51,1.0904498659880088e-43,2.2592757968616907e-25,2.978675377487765e-12,0.0005079552658140704,0.9994920447312073,60,0.01,2.5e-05,400,0.3,0.13333333333333333,0.13333333333333333,0.13333333333333333,0.3,1.0810735571592293e-43,2.255791172516408e-25,3.255125120611422e-12,0.0005079552657855243,0.9994920447309593,60,0.01,2.5e-05,400,0.3,0.13333333333333333,0.13333333333333333,0.13333333333333333,0.3,1.0777178669880806e-43,2.2542889125034864e-25,3.350872658833701e-12,0.0005079552657737181,0.9994920447308754,60,0.01,2.5e-05,400,0.3,0.13333333333333333,0.13333333333333333,0.13333333333333333,0.3,1.0759975399113117e-43,2.2534742470911606e-25,3.3993089420633133e-12,0.0005079552657673907,0.9994920447308334,60,0.01,2.5e-05,400,0.3,0.13333333333333333,0.13333333333333333,0.13333333333333333,0.3,1.0749518414112625e-43,2.252965166312422e-25,3.428536748785275e-12,0.0005079552657634593,0.9994920447308079,60,0.01,2.5e-05,400,0.3,0.13333333333333333,0.13333333333333333,0.13333333333333333,0.3,1.0728302282695357e-43,2.2519014628509324e-25,3.4873423823729117e-12,0.0005079552657552975,0.9994920447307576,60,0.01,2.5e-05,400,0.3,0.13333333333333333,0.13333333333333333,0.13333333333333333,0.3,1.0706685648631128e-43,2.250777172818865e-25,3.5465886680730326e-12,0.0005079552657467404,0.9994920447307067,60,0.01,2.5e-05,400,0.3,0.13333333333333333,0.13333333333333333,0.13333333333333333,0.3,0.85,0.5,40.840704496667314,0.15
52,1.4067030733508675e-43,2.6835817139607016e-25,3.310299197148346e-12,0.0005337339858181953,0.9994662660108713,60,0.01,2.5e-05,400,0.3,0.13333333333333333,0.13333333333333333,0.13333333333333333,0.3,1.3945238681995986e-43,2.679425793342084e-25,3.617086889978986e-12,0.0005337339857860382,0.999466266010597,60,0.01,2.5e-05,400,0.3,0.13333333333333333,0.13333333333333333,0.13333333333333333,0.3,1.3901608263236025e-43,2.677629078871541e-25,3.723340452647331e-12,0.0005337339857727798,0.9994662660105037,60,0.01,2.5e-05,400,0.3,0.13333333333333333,0.13333333333333333,0.13333333333333333,0.3,1.3879233484777042e-43,2.6766541424716e-25,3.777088735620803e-12,0.0005337339857656808,0.9994662660104572,60,0.01,2.5e-05,400,0.3,0.13333333333333333,0.13333333333333333,0.13333333333333333,0.3,1.3865630772632748e-43,2.676044755117077e-25,3.809520832216479e-12,0.0005337339857612724,0.9994662660104292,60,0.01,2.5e-05,400,0.3,0.13333333333333333,0.13333333333333333,0.13333333333333333,0.3,1.3838027366045343e-43,2.674771169832333e-25,3.874770234411179e-12,0.000533733985752124,0.9994662660103729,60,0.01,2.5e-05,400,0.3,0.13333333333333333,0.13333333333333333,0.13333333333333333,0.3,1.3809896465779307e-43,2.6734247220491893e-25,3.940503698271629e-12,0.0005337339857425391,0.9994662660103169,60,0.01,2.5e-05,400,0.3,0.13333333333333333,0.13333333333333333,0.13333333333333333,0.3,0.85,0.5,40.840704496667314,0.15
53,1.8149599768867714e-43,3.1879321593603725e-25,3.678401583176135e-12,0.0005607287811511317,0.9994392712151705,60,0.01,2.5e-05,400,0.3,0.13333333333333333,0.13333333333333333,0.13333333333333333,0.3,1.799146167900453e-43,3.1828138140010045e-25,4.018854153930105e-12,0.0005607287811149207,0.9994392712148666,60,0.01,2.5e-05,400,0.3,0.13333333333333333,0.13333333333333333,0.13333333333333333,0.3,1.793475448585802e-43,3.1806031235946274e-25,4.136752413126195e-12,0.0005607287811000364,0.9994392712147634,60,0.01,2.5e-05,400,0.3,0.13333333333333333,0.13333333333333333,0.13333333333333333,0.3,1.790566398616078e-43,3.1794039943492263e-25,4.1963872542446435e-12,0.000560728781092074,0.9994392712147117,60,0.01,2.5e-05,400,0.3,0.13333333333333333,0.13333333333333333,0.13333333333333333,0.3,1.7887975486424152e-43,3.1786546252507194e-25,4.2323698757282275e-12,0.000560728781087132,0.9994392712146805,60,0.01,2.5e-05,400,0.3,0.13333333333333333,0.13333333333333333,0.13333333333333333,0.3,1.7852074405787657e-43,3.17708885231313e-25,4.304758936611853e-12,0.0005607287810768808,0.9994392712146183,60,0.01,2.5e-05,400,0.3,0.13333333333333333,0.13333333333333333,0.13333333333333333,0.3,1.7815478716018968e-43,3.1754340307077447e-25,4.377678693107551e-12,0.0005607287810661473,0.9994392712145562,60,0.01,2.5e-05,400,0.3,0.13333333333333333,0.13333333333333333,0.13333333333333333,0.3,0.85,0.5,40.840704496667314,0.15
54,2.3420420569250583e-43,3.787918910560364e-25,4.086961847284831e-12,0.0005889916229968985,0.999411008372916,60,0.01,2.5e-05,400,0.3,0.13333333333333333,0.13333333333333333,0.13333333333333333,0.3,2.321516967730304e-43,3.781242710991479e-25,4.464744458988159e-12,0.0005889916229561406,0.999411008372579,60,0.01,2.5e-05,400,0.3,0.13333333333333333,0.13333333333333333,0.13333333333333333,0.3,2.314149318007488e-43,3.7783749105682816e-25,4.595546393676621e-12,0.0005889916229394372,0.9994110083724647,60,0.01,2.5e-05,400,0.3,0.13333333333333333,0.13333333333333333,0.13333333333333333,0.3,2.3103684699673077e-43,3.776821475998599e-25,4.661703489161868e-12,0.0005889916229305099,0.9994110083724078,60,0.01,2.5e-05,400,0.3,0.13333333333333333,0.13333333333333333,0.13333333333333333,0.3,2.3080691263058654e-43,3.7758513043931016e-25,4.701619816156561e-12,0.0005889916229249711,0.9994110083723732,60,0.01,2.5e-05,400,0.3,0.13333333333333333,0.13333333333333333,0.13333333333333333,0.3,2.3034014398053876e-43,3.7738254779092015e-25,4.781918102641542e-12,0.0005889916229134886,0.9994110083723046,60,0.01,2.5e-05,400,0.3,0.13333333333333333,0.13333333333333333,0.13333333333333333,0.3,2.2986423049977044e-43,3.7716860794893213e-25,4.862797593655495e-12,0.0005889916229014726,0.9994110083722356,60,0.01,2.5e-05,400,0.3,0.13333333333333333,0.13333333333333333,0.13333333333333333,0.3,0.85,0.5,40.840704496667314,0.15
55,3.022599056276106e-43,4.502480079384409e-25,4.540350146765193e-12,0.0006185764020239299,0.999381423593436,60,0.01,2.5e-05,400,0.3,0.13333333333333333,0.13333333333333333,0.13333333333333333,0.3,2.9959694437874904e-43,4.493118979359253e-25,4.9595310122845915e-12,0.0006185764019780739,0.9993814235930625,60,0.01,2.5e-05,400,0.3,0.13333333333333333,0.13333333333333333,0.13333333333333333,0.3,2.9864005366625604e-43,4.489128482454891e-25,5.104632021946581e-12,0.000618576401959336,0.9993814235929361,60,0.01,2.5e-05,400,0.3,0.13333333333333333,0.13333333333333333,0.13333333333333333,0.3,2.98148836591861e-43,4.486970215311543e-25,5.178015142682164e-12,0.00061857640194933,0.9993814235928727,60,0.01,2.5e-05,400,0.3,0.13333333333333333,0.13333333333333333,0.13333333333333333,0.3,2.9785004746082602e-43,4.485623138550998e-25,5.222289100938754e-12,0.000618576401943125,0.9993814235928347,60,0.01,2.5e-05,400,0.3,0.13333333333333333,0.13333333333333333,0.13333333333333333,0.3,2.9724338680848104e-43,4.482811840471656e-25,5.3113480195934304e-12,0.0006185764019302669,0.9993814235927584,60,0.01,2.5e-05,400,0.3,0.13333333333333333,0.13333333333333333,0.13333333333333333,0.3,2.966246890216943e-43,4.479844555773077e-25,5.40104279969386e-12,0.0006185764019168202,0.9993814235926823,60,0.01,2.5e-05,400,0.3,0.13333333333333333,0.13333333333333333,0.13333333333333333,0.3,0.85,0.5,40.840704496667314,0.15
56,3.901394521732195e-43,5.354325566606062e-25,5.043399670234144e-12,0.0006495389930585375,0.9993504610018981,60,0.01,2.5e-05,400,0.3,0.13333333333333333,0.13333333333333333,0.13333333333333333,0.3,3.8668582230254884e-43,5.340458528650428e-25,5.508495206589593e-12,0.000649538993006965,0.9993504610014847,60,0.01,2.5e-05,400,0.3,0.13333333333333333,0.13333333333333333,0.13333333333333333,0.3,3.854434879686129e-43,5.334572873049166e-25,5.669439455193117e-12,0.0006495389929859516,0.9993504610013447,60,0.01,2.5e-05,400,0.3,0.13333333333333333,0.13333333333333333,0.13333333333333333,0.3,3.8480551218476135e-43,5.331390058271661e-25,5.750827541857403e-12,0.0006495389929747404,0.9993504610012742,60,0.01,2.5e-05,400,0.3,0.13333333333333333,0.13333333333333333,0.13333333333333333,0.3,3.844173849787251e-43,5.329403206698333e-25,5.7999284005696126e-12,0.000649538992967791,0.9993504610012319,60,0.01,2.5e-05,400,0.3,0.13333333333333333,0.13333333333333333,0.13333333333333333,0.3,3.836291778275952e-43,5.325255277547177e-25,5.89869043280594e-12,0.0006495389929533975,0.9993504610011478,60,0.01,2.5e-05,400,0.3,0.13333333333333333,0.13333333333333333,0.13333333333333333,0.3,3.8282512966720825e-43,5.320874216864925e-25,5.998147217682536e-12,0.000649538992938354,0.9993504610010634,60,0.01,2.5e-05,400,0.3,0.13333333333333333,0.13333333333333333,0.13333333333333333,0.3,0.85,0.5,40.840704496667314,0.15
57,5.03625824699475e-43,6.369439465871298e-25,5.601461919089928e-12,0.0006819373083001904,0.9993180626860986,60,0.01,2.5e-05,400,0.3,0.13333333333333333,0.13333333333333333,0.13333333333333333,0.3,4.991485108029438e-43,6.34890648913617e-25,6.117480572035606e-12,0.0006819373082422063,0.9993180626856405,60,0.01,2.5e-05,400,0.3,0.13333333333333333,0.13333333333333333,0.13333333333333333,0.3,4.975361679783769e-43,6.340151910465987e-25,6.295973362407072e-12,0.0006819373082186475,0.9993180626854855,60,0.01,2.5e-05,400,0.3,0.13333333333333333,0.13333333333333333,0.13333333333333333,0.3,4.9670787971135e-43,6.33540500967412e-25,6.386229088677868e-12,0.0006819373082060896,0.9993180626854078,60,0.01,2.5e-05,400,0.3,0.13333333333333333,0.13333333333333333,0.13333333333333333,0.3,4.962038781675249e-43,6.332437123027057e-25,6.440676566080852e-12,0.0006819373081983092,0.9993180626853613,60,0.01,2.5e-05,400,0.3,0.13333333333333333,0.13333333333333333,0.13333333333333333,0.3,4.951801480845491e-43,6.326229347423918e-25,6.550184890928024e-12,0.0006819373081822011,0.9993180626852675,60,0.01,2.5e-05,400,0.3,0.13333333333333333,0.13333333333333333,0.13333333333333333,0.3,4.941355752688858e-43,6.319655229708836e-25,6.660451504963597e-12,0.0006819373081653762,0.9993180626851745,60,0.01,2.5e-05,400,0.3,0.13333333333333333,0.13333333333333333,0.13333333333333333,0.3,0.85,0.5,40.840704496667314,0.15
58,6.501899958305012e-43,7.574192202658111e-25,6.220455624866532e-12,0.000715831346038409,0.9992841686477408,60,0.01,2.5e-05,400,0.3,0.13333333333333333,0.13333333333333333,0.13333333333333333,0.3,6.443878385315204e-43,7.54644093440591e-25,6.792928651732893e-12,0.0007158313459732357,0.9992841686472337,60,0.01,2.5e-05,400,0.3,0.13333333333333333,0.13333333333333333,0.13333333333333333,0.3,6.422960451955808e-43,7.53437128218697e-25,6.9908746801122395e-12,0.0007158313459468308,0.9992841686470623,60,0.01,2.5e-05,400,0.3,0.13333333333333333,0.13333333333333333,0.13333333333333333,0.3,6.412210532033712e-43,7.5277807508338e-25,7.090952887103305e-12,0.000715831345932768,0.9992841686469763,60,0.01,2.5e-05,400,0.3,0.13333333333333333,0.13333333333333333,0.13333333333333333,0.3,6.405668118232751e-43,7.523645024593064e-25,7.151322039997127e-12,0.0007158313459240587,0.9992841686469245,60,0.01,2.5e-05,400,0.3,0.13333333333333333,0.13333333333333333,0.13333333333333333,0.3,6.39237640279427e-43,7.514959043667528e-25,7.272731198254558e-12,0.0007158313459060371,0.9992841686468213,60,0.01,2.5e-05,400,0.3,0.13333333333333333,0.13333333333333333,0.13333333333333333,0.3,6.378810505899712e-43,7.505711162489703e-25,7.39496706262805e-12,0.0007158313458872239,0.9992841686467177,60,0.01,2.5e-05,400,0.3,0.13333333333333333,0.13333333333333333,0.13333333333333333,0.3,0.85,0.5,40.840704496667314,0.15
59,8.394835320915521e-43,8.987720393157765e-25,6.906929159937862e-12,0.0007512832584830938,0.9992487167346099,60,0.01,2.5e-05,400,0.3,0.13333333333333333,0.13333333333333333,0.13333333333333333,0.3,8.319674619690752e-43,8.95939132099397e-25,7.542007401673261e-12,0.0007512832584098642,0.9992487167340481,60,0.01,2.5e-05,400,0.3,0.13333333333333333,0.13333333333333333,0.13333333333333333,0.3,8.292546345981597e-43,8.946284446261677e-25,7.761486902875966e-12,0.0007512832583802771,0.9992487167338582,60,0.01,2.5e-05,400,0.3,0.13333333333333333,0.13333333333333333,0.13333333333333333,0.3,8.278599533321904e-43,8.938997458610678e-25,7.872443989158772e-12,0.0007512832583645333,0.9992487167337631,60,0.01,2.5e-05,400,0.3,0.13333333333333333,0.13333333333333333,0.13333333333333333,0.3,8.270109836656939e-43,8.934384322363995e-25,7.939371014799653e-12,0.0007512832583547869,0.999248716733706,60,0.01,2.5e-05,400,0.3,0.13333333333333333,0.13333333333333333,0.13333333333333333,0.3,8.252858339485535e-43,8.924604859094667e-25,8.073958160943905e-12,0.0007512832583346291,0.9992487167335914,60,0.01,2.5e-05,400,0.3,0.13333333333333333,0.13333333333333333,0.13333333333333333,0.3,8.235246236734922e-43,8.914071762590484e-25,8.209445584390901e-12,0.0007512832583135982,0.9992487167334767,60,0.01,2.5e-05,400,0.3,0.13333333333333333,0.13333333333333333,0.13333333333333333,0.3,0.85,0.5,40.840704496667314,0.15
