,Post-Barrier-Probabilities,Pre-Barrier-Probabilities,Intra-Barrier-Probabilities,Total-Probability,Time,spatialStep,temporalStep,courantNumber,pointCount,barrierStart,barrierWidth,potentialHeight,packetStartX,packetStartY,packetStandardDeviation,packetWaveNumber,backend
0,9.269752179005849e-10,0.9999664792805625,3.351979246239192e-05,1.0,0.0,0.01,2.5e-05,1.0,100,0.5,0.1,0,0.8,0.5,0.05,47.12388980384689,numpy
1,1.0835146863995356e-09,0.9999628101501474,3.7188766337887784e-05,1.0,2.5e-05,0.01,2.5e-05,1.0,100,0.5,0.1,0,0.8,0.5,0.05,47.12388980384689,numpy
2,1.2708707517129492e-09,0.9999586963616589,4.130236747045261e-05,1.0,5e-05,0.01,2.5e-05,1.0,100,0.5,0.1,0,0.8,0.5,0.05,47.12388980384689,numpy
3,1.4956373274875966e-09,0.9999540818436623,4.5916660700691564e-05,1.0000000000000002,7.500000000000001e-05,0.01,2.5e-05,1.0,100,0.5,0.1,0,0.8,0.5,0.05,47.12388980384689,numpy
4,1.7658464340085554e-09,0.9999489047961295,5.1093438023705726e-05,0.9999999999999997,0.0001,0.01,2.5e-05,1.0,100,0.5,0.1,0,0.8,0.5,0.05,47.12388980384689,numpy
5,2.0913251691568435e-09,0.9999430960503726,5.6901858302370816e-05,1.0,0.000125,0.01,2.5e-05,1.0,100,0.5,0.1,0,0.8,0.5,0.05,47.12388980384689,numpy
6,2.4841027043828427e-09,0.9999365782630816,6.341925281570295e-05,1.0,0.00015000000000000001,0.01,2.5e-05,1.0,100,0.5,0.1,0,0.8,0.5,0.05,47.12388980384689,numpy
7,2.9589089891427575e-09,0.9999292650318559,7.073200923506214e-05,0.9999999999999999,0.000175,0.01,2.5e-05,1.0,100,0.5,0.1,0,0.8,0.5,0.05,47.12388980384689,numpy
8,3.5337850151653847e-09,0.9999210599321993,7.893653401593403e-05,1.0000000000000002,0.0002,0.01,2.5e-05,1.0,100,0.5,0.1,0,0.8,0.5,0.05,47.12388980384689,numpy
9,4.23082831922776e-09,0.9999118554805233,8.814028864837337e-05,1.0,0.00022500000000000002,0.01,2.5e-05,1.0,100,0.5,0.1,0,0.8,0.5,0.05,47.12388980384689,numpy
10,5.077102617516426e-09,0.9999015320169541,9.84629059427535e-05,0.9999999999999994,0.00025,0.01,2.5e-05,1.0,100,0.5,0.1,0,0.8,0.5,0.05,47.12388980384689,numpy
11,6.105746681681846e-09,0.9998899564942627,0.00011003739999050046,0.9999999999999999,0.000275,0.01,2.5e-05,1.0,100,0.5,0.1,0,0.8,0.5,0.05,47.12388980384689,numpy
12,7.357324052217002e-09,0.9998769811700898,0.00012301147258626295,1.0000000000000002,0.00030000000000000003,0.01,2.5e-05,1.0,100,0.5,0.1,0,0.8,0.5,0.05,47.12388980384689,numpy
13,8.881462875499447e-09,0.9998624422058245,0.00013754891271288507,1.0000000000000002,0.00032500000000000004,0.01,2.5e-05,1.0,100,0.5,0.1,0,0.8,0.5,0.05,47.12388980384689,numpy
14,1.073884492491248e-08,0.9998461581680027,0.0001538310931526578,1.0000000000000002,0.00035,0.01,2.5e-05,1.0,100,0.5,0.1,0,0.8,0.5,0.05,47.12388980384689,numpy
15,1.3003614256683995e-08,0.9998279284245258,0.00017205857185993438,1.0,0.000375,0.01,2.5e-05,1.0,100,0.5,0.1,0,0.8,0.5,0.05,47.12388980384689,numpy
16,1.5766288582038398e-08,0.9998075314347725,0.00019245279893888417,1.0,0.0004,0.01,2.5e-05,1.0,100,0.5,0.1,0,0.8,0.5,0.05,47.12388980384689,numpy
17,1.9137270957524393e-08,0.9997847229386567,0.00021525792407207998,0.9999999999999998,0.00042500000000000003,0.01,2.5e-05,1.0,100,0.5,0.1,0,0.8,0.5,0.05,47.12388980384689,numpy
18,2.3251076653444826e-08,0.9997592340480271,0.00024074270089593838,0.9999999999999998,0.00045000000000000004,0.01,2.5e-05,1.0,100,0.5,0.1,0,0.8,0.5,0.05,47.12388980384689,numpy
19,2.8271410356906342e-08,0.9997307692389132,0.00026920248967652135,1.0000000000000002,0.000475,0.01,2.5e-05,1.0,100,0.5,0.1,0,0.8,0.5,0.05,47.12388980384689,numpy
20,3.439725189196377e-08,0.9996990042436088,0.0003009613591394273,1.0000000000000002,0.0005,0.01,2.5e-05,1.0,100,0.5,0.1,0,0.8,0.5,0.05,47.12388980384689,numpy
21,4.187013431714213e-08,0.9996635838480747,0.00033637428179100146,1.0,0.0005250000000000001,0.01,2.5e-05,1.0,100,0.5,0.1,0,0.8,0.5,0.05,47.12388980384689,numpy
22,5.098282758964531e-08,0.9996241196033094,0.00037582941386288114,0.9999999999999999,0.00055,0.01,2.5e-05,1.0,100,0.5,0.1,0,0.8,0.5,0.05,47.12388980384689,numpy
23,6.208967509506029e-08,0.9995801874553021,0.00041975045502274326,0.9999999999999999,0.000575,0.01,2.5e-05,1.0,100,0.5,0.1,0,0.8,0.5,0.05,47.12388980384689,numpy
24,7.561886893252913e-08,0.9995313252963748,0.000468599084756416,1.0000000000000002,0.0006000000000000001,0.01,2.5e-05,1.0,100,0.5,0.1,0,0.8,0.5,0.05,47.12388980384689,numpy
25,9.208699199168369e-08,0.9994770304482243,0.0005228774647837389,1.0,0.000625,0.01,2.5e-05,1.0,100,0.5,0.1,0,0.8,0.5,0.05,47.12388980384689,numpy
26,1.1211620127947181e-07,0.9994167570953255,0.0005831307884732815,1.0,0.0006500000000000001,0.01,2.5e-05,1.0,100,0.5,0.1,0,0.8,0.5,0.05,47.12388980384689,numpy
27,1.36454479785505e-07,0.9993499136857646,0.0006499498597553748,0.9999999999999998,0.000675,0.01,2.5e-05,1.0,100,0.5,0.1,0,0.8,0.5,0.05,47.12388980384689,numpy
28,1.6599944403484405e-07,0.9992758603099433,0.0007239736906127802,1.0000000000000002,0.0007,0.01,2.5e-05,1.0,100,0.5,0.1,0,0.8,0.5,0.05,47.12388980384689,numpy
29,2.0182625944460988e-07,0.999193906069555,0.0008058921041852427,0.9999999999999998,0.0007250000000000001,0.01,2.5e-05,1.0,100,0.5,0.1,0,0.8,0.5,0.05,47.12388980384689,numpy
30,2.452202847604705e-07,0.9991033064591588,0.0008964483205566508,1.0000000000000002,0.00075,0.01,2.5e-05,1.0,100,0.5,0.1,0,0.8,0.5,0.05,47.12388980384689,numpy
31,2.977151428609233e-07,0.9990032607855499,0.0009964414993074923,1.0000000000000002,0.0007750000000000001,0.01,2.5e-05,1.0,100,0.5,0.1,0,0.8,0.5,0.05,47.12388980384689,numpy
32,3.611370004571782e-07,0.9988929096425719,0.0011067292204276738,1.0,0.0008,0.01,2.5e-05,1.0,100,0.5,0.1,0,0.8,0.5,0.05,47.12388980384689,numpy
33,4.376559310161465e-07,0.998771332456478,0.0012282298875911097,1.0,0.000825,0.01,2.5e-05,1.0,100,0.5,0.1,0,0.8,0.5,0.05,47.12388980384689,numpy
34,5.298453291971573e-07,0.9986375451286954,0.0013619250259750632,0.9999999999999997,0.0008500000000000001,0.01,2.5e-05,1.0,100,0.5,0.1,0,0.8,0.5,0.05,47.12388980384689,numpy
35,6.407504426367176e-07,0.9984904978142313,0.0015088614353265402,1.0000000000000004,0.000875,0.01,2.5e-05,1.0,100,0.5,0.1,0,0.8,0.5,0.05,47.12388980384689,numpy
36,7.73967194129226e-07,0.9983290728683967,0.001670153164409108,0.9999999999999999,0.0009000000000000001,0.01,2.5e-05,1.0,100,0.5,0.1,0,0.8,0.5,0.05,47.12388980384689,numpy
37,9.337325842664038e-07,0.9981520829814744,0.0018469832859412615,0.9999999999999999,0.000925,0.01,2.5e-05,1.0,100,0.5,0.1,0,0.8,0.5,0.05,47.12388980384689,numpy
38,1.1250280821423513e-06,0.9979582695230268,0.002040605448891229,1.0000000000000002,0.00095,0.01,2.5e-05,1.0,100,0.5,0.1,0,0.8,0.5,0.05,47.12388980384689,numpy
39,1.3536975248778895e-06,0.9977463011324401,0.0022523451700350314,1.0,0.0009750000000000001,0.01,2.5e-05,1.0,100,0.5,0.1,0,0.8,0.5,0.05,47.12388980384689,numpy
40,1.626581164504703e-06,0.9975147725934096,0.002483600825425916,1.0,0.001,0.01,2.5e-05,1.0,100,0.5,0.1,0,0.8,0.5,0.05,47.12388980384689,numpy
41,1.95166763047384e-06,0.9972622040124053,0.0027358443199641228,0.9999999999999999,0.001025,0.01,2.5e-05,1.0,100,0.5,0.1,0,0.8,0.5,0.05,47.12388980384689,numpy
42,2.338265704482401e-06,0.9969870403139132,0.003010621420382226,0.9999999999999999,0.0010500000000000002,0.01,2.5e-05,1.0,100,0.5,0.1,0,0.8,0.5,0.05,47.12388980384689,numpy
43,2.79719791237083e-06,0.9966876510843171,0.0033095517177705964,1.0,0.001075,0.01,2.5e-05,1.0,100,0.5,0.1,0,0.8,0.5,0.05,47.12388980384689,numpy
44,3.341018031875196e-06,0.9963623308130739,0.0036343281688943144,1.0,0.0011,0.01,2.5e-05,1.0,100,0.5,0.1,0,0.8,0.5,0.05,47.12388980384689,numpy
45,3.984254720010142e-06,0.9960092995636859,0.003986716181593828,0.9999999999999998,0.0011250000000000001,0.01,2.5e-05,1.0,100,0.5,0.1,0,0.8,0.5,0.05,47.12388980384689,numpy
46,4.7436835776737605e-06,0.9956267040783301,0.004368552238092145,0.9999999999999999,0.00115,0.01,2.5e-05,1.0,100,0.5,0.1,0,0.8,0.5,0.05,47.12388980384689,numpy
47,5.638630051720313e-06,0.9952126193226872,0.004781742047260545,0.9999999999999994,0.001175,0.01,2.5e-05,1.0,100,0.5,0.1,0,0.8,0.5,0.05,47.12388980384689,numpy
48,6.69130560962036e-06,0.9947650505036011,0.005228258190789088,0.9999999999999998,0.0012000000000000001,0.01,2.5e-05,1.0,100,0.5,0.1,0,0.8,0.5,0.05,47.12388980384689,numpy
49,7.927179651780533e-06,0.9942819355892083,0.005710137231139881,1.0,0.001225,0.01,2.5e-05,1.0,100,0.5,0.1,0,0.8,0.5,0.05,47.12388980384689,numpy
50,9.375389681565915e-06,0.9937611483226227,0.006229476287695584,0.9999999999999999,0.00125,0.01,2.5e-05,1.0,100,0.5,0.1,0,0.8,0.5,0.05,47.12388980384689,numpy
51,1.1069192275505312e-05,0.993200501705742,0.006788429101982582,1.0000000000000002,0.001275,0.01,2.5e-05,1.0,100,0.5,0.1,0,0.8,0.5,0.05,47.12388980384689,numpy
52,1.3046457314098376e-05,0.9925977519673501,0.007389201575336209,1.0000000000000004,0.0013000000000000002,0.01,2.5e-05,1.0,100,0.5,0.1,0,0.8,0.5,0.05,47.12388980384689,numpy
53,1.5350207790258477e-05,0.9919506030584134,0.00803404673379653,1.0000000000000002,0.001325,0.01,2.5e-05,1.0,100,0.5,0.1,0,0.8,0.5,0.05,47.12388980384689,numpy
54,1.8029207419113372e-05,0.991256711679649,0.008725259112931446,0.9999999999999996,0.00135,0.01,2.5e-05,1.0,100,0.5,0.1,0,0.8,0.5,0.05,47.12388980384689,numpy
55,2.1138598211893947e-05,0.9905136927903682,0.009465168611419996,1.0,0.0013750000000000001,0.01,2.5e-05,1.0,100,0.5,0.1,0,0.8,0.5,0.05,47.12388980384689,numpy
56,2.4740589983947083e-05,0.9897191255596085,0.010256133850407625,1.0,0.0014,0.01,2.5e-05,1.0,100,0.5,0.1,0,0.8,0.5,0.05,47.12388980384689,numpy
57,2.8905203405772733e-05,0.9888705597746136,0.011100535021980492,0.9999999999999999,0.001425,0.01,2.5e-05,1.0,100,0.5,0.1,0,0.8,0.5,0.05,47.12388980384689,numpy
58,3.3711067879187876e-05,0.9879655227116053,0.012000766220515548,1.0,0.0014500000000000001,0.01,2.5e-05,1.0,100,0.5,0.1,0,0.8,0.5,0.05,47.12388980384689,numpy
59,3.924627533688857e-05,0.9870015263978941,0.012959227326768866,0.9999999999999998,0.001475,0.01,2.5e-05,1.0,100,0.5,0.1,0,0.8,0.5,0.05,47.12388980384689,numpy
60,4.56092907707115e-05,0.9859760751772356,0.013978315531993827,1.0000000000000002,0.0015,0.01,2.5e-05,1.0,100,0.5,0.1,0,0.8,0.5,0.05,47.12388980384689,numpy
61,5.290991964926684e-05,0.9848866735731048,0.01506041650724568,0.9999999999999998,0.001525,0.01,2.5e-05,1.0,100,0.5,0.1,0,0.8,0.5,0.05,47.12388980384689,numpy
62,6.127033163598621e-05,0.983730834495345,0.016207895173018853,0.9999999999999999,0.0015500000000000002,0.01,2.5e-05,1.0,100,0.5,0.1,0,0.8,0.5,0.05,47.12388980384689,numpy
63,7.08261396043867e-05,0.9825060877530987,0.017423086107296967,1.0,0.001575,0.01,2.5e-05,1.0,100,0.5,0.1,0,0.8,0.5,0.05,47.12388980384689,numpy
64,8.172753270390432e-05,0.9812099887408935,0.018708283726402746,1.0000000000000002,0.0016,0.01,2.5e-05,1.0,100,0.5,0.1,0,0.8,0.5,0.05,47.12388980384689,numpy
65,9.414046153538122e-05,0.9798401272111067,0.020065732327358,1.0,0.0016250000000000001,0.01,2.5e-05,1.0,100,0.5,0.1,0,0.8,0.5,0.05,47.12388980384689,numpy
66,0.00010824787233898145,0.9783941361580929,0.021497615969568194,1.0,0.00165,0.01,2.5e-05,1.0,100,0.5,0.1,0,0.8,0.5,0.05,47.12388980384689,numpy
67,0.00012425098634336762,0.9768697008062486,0.023006048207408248,1.0000000000000002,0.001675,0.01,2.5e-05,1.0,100,0.5,0.1,0,0.8,0.5,0.05,47.12388980384689,numpy
68,0.00014237062028339377,0.9752645675588147,0.024593061820901926,1.0,0.0017000000000000001,0.01,2.5e-05,1.0,100,0.5,0.1,0,0.8,0.5,0.05,47.12388980384689,numpy
69,0.0001628485435680168,0.9735765527609566,0.02626059869547544,1.0,0.0017250000000000002,0.01,2.5e-05,1.0,100,0.5,0.1,0,0.8,0.5,0.05,47.12388980384689,numpy
70,0.00018594886595738822,0.9718035513042314,0.02801049982981117,0.9999999999999999,0.00175,0.01,2.5e-05,1.0,100,0.5,0.1,0,0.8,0.5,0.05,47.12388980384689,numpy
71,0.0002119594481263925,0.9699435451634018,0.0298444953884721,1.0000000000000002,0.001775,0.01,2.5e-05,1.0,100,0.5,0.1,0,0.8,0.5,0.05,47.12388980384689,numpy
72,0.00024119332738550955,0.9679946117929639,0.031764194879650424,0.9999999999999998,0.0018000000000000002,0.01,2.5e-05,1.0,100,0.5,0.1,0,0.8,0.5,0.05,47.12388980384689,numpy
73,0.0002739901512359278,0.9659549321620309,0.033771077686733215,1.0,0.001825,0.01,2.5e-05,1.0,100,0.5,0.1,0,0.8,0.5,0.05,47.12388980384689,numpy
74,0.000310717610107289,0.9638227983487918,0.03586648404110094,1.0,0.00185,0.01,2.5e-05,1.0,100,0.5,0.1,0,0.8,0.5,0.05,47.12388980384689,numpy
75,0.0003517728584646048,0.9615966207938076,0.03805160634772777,1.0,0.0018750000000000001,0.01,2.5e-05,1.0,100,0.5,0.1,0,0.8,0.5,0.05,47.12388980384689,numpy
76,0.0003975839130224766,0.959274935225629,0.04032748086134851,1.0,0.0019,0.01,2.5e-05,1.0,100,0.5,0.1,0,0.8,0.5,0.05,47.12388980384689,numpy
77,0.0004486110182528604,0.9568564090432262,0.04269497993852103,1.0,0.001925,0.01,2.5e-05,1.0,100,0.5,0.1,0,0.8,0.5,0.05,47.12388980384689,numpy
78,0.0005053479689198192,0.9543398470087269,0.04515480502235372,1.0000000000000004,0.0019500000000000001,0.01,2.5e-05,1.0,100,0.5,0.1,0,0.8,0.5,0.05,47.12388980384689,numpy
79,0.0005683233763769426,0.9517241963789815,0.04770748024464178,1.0000000000000002,0.001975,0.01,2.5e-05,1.0,100,0.5,0.1,0,0.8,0.5,0.05,47.12388980384689,numpy
80,0.0006381018635444444,0.9490085516603846,0.05035334647607128,1.0000000000000002,0.002,0.01,2.5e-05,1.0,100,0.5,0.1,0,0.8,0.5,0.05,47.12388980384689,numpy
81,0.0007152851760900015,0.9461921588597528,0.05309255596415715,1.0,0.002025,0.01,2.5e-05,1.0,100,0.5,0.1,0,0.8,0.5,0.05,47.12388980384689,numpy
82,0.0008005131995980188,0.9432744189688198,0.05592506783158184,0.9999999999999997,0.00205,0.01,2.5e-05,1.0,100,0.5,0.1,0,0.8,0.5,0.05,47.12388980384689,numpy
83,0.0008944648702688444,0.9402548906744249,0.058850644455306265,1.0,0.002075,0.01,2.5e-05,1.0,100,0.5,0.1,0,0.8,0.5,0.05,47.12388980384689,numpy
84,0.0009978589632791037,0.9371332925175568,0.061868848519164035,1.0,0.0021000000000000003,0.01,2.5e-05,1.0,100,0.5,0.1,0,0.8,0.5,0.05,47.12388980384689,numpy
85,0.0011114547450737744,0.9339095045197265,0.06497904073519958,0.9999999999999999,0.002125,0.01,2.5e-05,1.0,100,0.5,0.1,0,0.8,0.5,0.05,47.12388980384689,numpy
86,0.001236052480804841,0.9305835690258271,0.06818037849336796,0.9999999999999999,0.00215,0.01,2.5e-05,1.0,100,0.5,0.1,0,0.8,0.5,0.05,47.12388980384689,numpy
87,0.0013724937877356506,0.9271556906678838,0.07147181554438044,0.9999999999999999,0.0021750000000000003,0.01,2.5e-05,1.0,100,0.5,0.1,0,0.8,0.5,0.05,47.12388980384689,numpy
88,0.0015216618199074346,0.9236262357217839,0.07485210245830871,1.0,0.0022,0.01,2.5e-05,1.0,100,0.5,0.1,0,0.8,0.5,0.05,47.12388980384689,numpy
89,0.0016844812687761691,0.9199957311033682,0.0783197876278556,1.0,0.002225,0.01,2.5e-05,1.0,100,0.5,0.1,0,0.8,0.5,0.05,47.12388980384689,numpy
90,0.0018619181723487142,0.9162648628473222,0.08187321898032894,0.9999999999999999,0.0022500000000000003,0.01,2.5e-05,1.0,100,0.5,0.1,0,0.8,0.5,0.05,47.12388980384689,numpy
91,0.0020549795298921117,0.9124344738282361,0.08551054664187167,0.9999999999999999,0.002275,0.01,2.5e-05,1.0,100,0.5,0.1,0,0.8,0.5,0.05,47.12388980384689,numpy
92,0.0022647127150788498,0.908505560809794,0.08922972647512713,1.0,0.0023,0.01,2.5e-05,1.0,100,0.5,0.1,0,0.8,0.5,0.05,47.12388980384689,numpy
93,0.0024922046755853303,0.9044792711305691,0.09302852419384548,1.0,0.0023250000000000002,0.01,2.5e-05,1.0,100,0.5,0.1,0,0.8,0.5,0.05,47.12388980384689,numpy
94,0.0027385809141044887,0.9003568990241954,0.09690452006170013,1.0,0.00235,0.01,2.5e-05,1.0,100,0.5,0.1,0,0.8,0.5,0.05,47.12388980384689,numpy
95,0.0030050042542710547,0.8961398813256272,0.10085511442010196,1.0000000000000002,0.002375,0.01,2.5e-05,1.0,100,0.5,0.1,0,0.8,0.5,0.05,47.12388980384689,numpy
96,0.0032926733940336216,0.8918297924899597,0.10487753411600635,0.9999999999999998,0.0024000000000000002,0.01,2.5e-05,1.0,100,0.5,0.1,0,0.8,0.5,0.05,47.12388980384689,numpy
97,0.0036028212388769226,0.8874283392496559,0.1089688395114673,1.0000000000000002,0.002425,0.01,2.5e-05,1.0,100,0.5,0.1,0,0.8,0.5,0.05,47.12388980384689,numpy
98,0.003936713010070793,0.8829373550835418,0.11312593190638767,1.0000000000000002,0.00245,0.01,2.5e-05,1.0,100,0.5,0.1,0,0.8,0.5,0.05,47.12388980384689,numpy
99,0.0042956441346436065,0.878358794319988,0.11734556154536833,0.9999999999999999,0.002475,0.01,2.5e-05,1.0,100,0.5,0.1,0,0.8,0.5,0.05,47.12388980384689,numpy
100,0.004680937931517875,0.8736947255935816,0.12162433647490066,1.0000000000000002,0.0025,0.01,2.5e-05,1.0,100,0.5,0.1,0,0.8,0.5,0.05,47.12388980384689,numpy
101,0.00509394309887571,0.8689473247773458,0.12595873212377842,1.0,0.0025250000000000003,0.01,2.5e-05,1.0,100,0.5,0.1,0,0.8,0.5,0.05,47.12388980384689,numpy
102,0.005536031003811887,0.8641188676503907,0.13034510134579746,1.0,0.00255,0.01,2.5e-05,1.0,100,0.5,0.1,0,0.8,0.5,0.05,47.12388980384689,numpy
103,0.00600859278314389,0.8592117223800186,0.13477968483683736,0.9999999999999999,0.002575,0.01,2.5e-05,1.0,100,0.5,0.1,0,0.8,0.5,0.05,47.12388980384689,numpy
104,0.0065130362772512565,0.85422834168069,0.13925862204205872,0.9999999999999999,0.0026000000000000003,0.01,2.5e-05,1.0,100,0.5,0.1,0,0.8,0.5,0.05,47.12388980384689,numpy
105,0.007050782813058616,0.8491712547955578,0.14377796239138346,0.9999999999999999,0.002625,0.01,2.5e-05,1.0,100,0.5,0.1,0,0.8,0.5,0.05,47.12388980384689,numpy
106,0.0076232638411139145,0.8440430597427062,0.14833367641617987,1.0,0.00265,0.01,2.5e-05,1.0,100,0.5,0.1,0,0.8,0.5,0.05,47.12388980384689,numpy
107,0.008231917432051568,0.8388464162110408,0.15292166635690746,0.9999999999999999,0.0026750000000000003,0.01,2.5e-05,1.0,100,0.5,0.1,0,0.8,0.5,0.05,47.12388980384689,numpy
108,0.008878184653015821,0.8335840391315914,0.15753777621539272,1.0,0.0027,0.01,2.5e-05,1.0,100,0.5,0.1,0,0.8,0.5,0.05,47.12388980384689,numpy
109,0.009563505851651596,0.8282586928168926,0.1621778013314562,1.0000000000000004,0.002725,0.01,2.5e-05,1.0,100,0.5,0.1,0,0.8,0.5,0.05,47.12388980384689,numpy
110,0.010289316865756539,0.8228731857072346,0.16683749742700887,1.0,0.0027500000000000003,0.01,2.5e-05,1.0,100,0.5,0.1,0,0.8,0.5,0.05,47.12388980384689,numpy
111,0.011057045170173647,0.8174303657503995,0.17151258907942685,1.0,0.002775,0.01,2.5e-05,1.0,100,0.5,0.1,0,0.8,0.5,0.05,47.12388980384689,numpy
112,0.011868105979494737,0.8119331161644585,0.1761987778560469,1.0000000000000002,0.0028,0.01,2.5e-05,1.0,100,0.5,0.1,0,0.8,0.5,0.05,47.12388980384689,numpy
113,0.01272389833871032,0.8063843510187935,0.18089175064249619,1.0,0.0028250000000000003,0.01,2.5e-05,1.0,100,0.5,0.1,0,0.8,0.5,0.05,47.12388980384689,numpy
114,0.013625801227303929,0.8007870101640995,0.18558718860859674,1.0000000000000002,0.00285,0.01,2.5e-05,1.0,100,0.5,0.1,0,0.8,0.5,0.05,47.12388980384689,numpy
115,0.01457516969254918,0.7951440532004441,0.19028077710700664,1.0,0.002875,0.01,2.5e-05,1.0,100,0.5,0.1,0,0.8,0.5,0.05,47.12388980384689,numpy
116,0.015573331021274941,0.7894584523200342,0.19496821665869063,0.9999999999999998,0.0029000000000000002,0.01,2.5e-05,1.0,100,0.5,0.1,0,0.8,0.5,0.05,47.12388980384689,numpy
117,0.016621580974781253,0.7837331837871636,0.1996452352380553,1.0000000000000002,0.002925,0.01,2.5e-05,1.0,100,0.5,0.1,0,0.8,0.5,0.05,47.12388980384689,numpy
118,0.01772118011460179,0.7779712180475415,0.20430760183785654,0.9999999999999999,0.00295,0.01,2.5e-05,1.0,100,0.5,0.1,0,0.8,0.5,0.05,47.12388980384689,numpy
119,0.018873350244556747,0.7721755087950871,0.20895114096035622,1.0,0.002975,0.01,2.5e-05,1.0,100,0.5,0.1,0,0.8,0.5,0.05,47.12388980384689,numpy
120,0.020079270976969158,0.7663489818070819,0.21357174721594896,1.0,0.003,0.01,2.5e-05,1.0,100,0.5,0.1,0,0.8,0.5,0.05,47.12388980384689,numpy
121,0.021340076432189756,0.7604945244866934,0.21816539908111682,1.0,0.0030250000000000003,0.01,2.5e-05,1.0,100,0.5,0.1,0,0.8,0.5,0.05,47.12388980384689,numpy
122,0.02265685208013994,0.7546149770844512,0.2227281708354089,1.0,0.00305,0.01,2.5e-05,1.0,100,0.5,0.1,0,0.8,0.5,0.05,47.12388980384689,numpy
123,0.02403063173353836,0.7487131264287962,0.2272562418376653,0.9999999999999998,0.003075,0.01,2.5e-05,1.0,100,0.5,0.1,0,0.8,0.5,0.05,47.12388980384689,numpy
124,0.02546239468525588,0.742791702874223,0.23174590244052123,1.0,0.0031000000000000003,0.01,2.5e-05,1.0,100,0.5,0.1,0,0.8,0.5,0.05,47.12388980384689,numpy
125,0.026953062972552375,0.7368533807883716,0.23619355623907617,1.0000000000000002,0.003125,0.01,2.5e-05,1.0,100,0.5,0.1,0,0.8,0.5,0.05,47.12388980384689,numpy
126,0.028503498756333626,0.7309007822771236,0.24059571896654275,1.0,0.00315,0.01,2.5e-05,1.0,100,0.5,0.1,0,0.8,0.5,0.05,47.12388980384689,numpy
127,0.0301145018221544,0.7249364831509439,0.24494901502690186,1.0000000000000002,0.0031750000000000003,0.01,2.5e-05,1.0,100,0.5,0.1,0,0.8,0.5,0.05,47.12388980384689,numpy
128,0.031786807226344596,0.718963019638115,0.24925017313554035,1.0,0.0032,0.01,2.5e-05,1.0,100,0.5,0.1,0,0.8,0.5,0.05,47.12388980384689,numpy
129,0.033521083111349326,0.7129828942470368,0.253496022641614,1.0,0.003225,0.01,2.5e-05,1.0,100,0.5,0.1,0,0.8,0.5,0.05,47.12388980384689,numpy
130,0.03531792872563309,0.7069985792586397,0.2576834920157275,1.0000000000000004,0.0032500000000000003,0.01,2.5e-05,1.0,100,0.5,0.1,0,0.8,0.5,0.05,47.12388980384689,numpy
131,0.037177872697462144,0.7010125166878834,0.26180961061465435,1.0,0.003275,0.01,2.5e-05,1.0,100,0.5,0.1,0,0.8,0.5,0.05,47.12388980384689,numpy
132,0.03910137164280447,0.6950271140229183,0.265871514334277,0.9999999999999998,0.0033,0.01,2.5e-05,1.0,100,0.5,0.1,0,0.8,0.5,0.05,47.12388980384689,numpy
133,0.041088809180801475,0.6890447359621459,0.26986645485705274,1.0,0.0033250000000000003,0.01,2.5e-05,1.0,100,0.5,0.1,0,0.8,0.5,0.05,47.12388980384689,numpy
134,0.04314049541693063,0.6830676932404938,0.27379181134257563,1.0,0.00335,0.01,2.5e-05,1.0,100,0.5,0.1,0,0.8,0.5,0.05,47.12388980384689,numpy
135,0.0452566669201207,0.6770982303919222,0.27764510268795706,1.0,0.003375,0.01,2.5e-05,1.0,100,0.5,0.1,0,0.8,0.5,0.05,47.12388980384689,numpy
136,0.047437487214783074,0.6711385144236055,0.2814239983616116,1.0000000000000002,0.0034000000000000002,0.01,2.5e-05,1.0,100,0.5,0.1,0,0.8,0.5,0.05,47.12388980384689,numpy
137,0.04968304777010474,0.665190626292874,0.28512632593702125,1.0,0.003425,0.01,2.5e-05,1.0,100,0.5,0.1,0,0.8,0.5,0.05,47.12388980384689,numpy
138,0.05199336941374421,0.6592565566305686,0.2887500739556872,1.0,0.0034500000000000004,0.01,2.5e-05,1.0,100,0.5,0.1,0,0.8,0.5,0.05,47.12388980384689,numpy
139,0.05436840401554437,0.653338206509641,0.2922933894748143,0.9999999999999998,0.0034750000000000002,0.01,2.5e-05,1.0,100,0.5,0.1,0,0.8,0.5,0.05,47.12388980384689,numpy
140,0.056808036239818074,0.6474373930154889,0.2957545707446931,1.0,0.0035,0.01,2.5e-05,1.0,100,0.5,0.1,0,0.8,0.5,0.05,47.12388980384689,numpy
141,0.05931208514737027,0.6415558582948119,0.299132056557818,1.0,0.0035250000000000004,0.01,2.5e-05,1.0,100,0.5,0.1,0,0.8,0.5,0.05,47.12388980384689,numpy
142,0.06188030542816909,0.6356952800168396,0.3024244145549912,0.9999999999999999,0.00355,0.01,2.5e-05,1.0,100,0.5,0.1,0,0.8,0.5,0.05,47.12388980384689,numpy
143,0.06451238806434394,0.6298572809669037,0.30563033096875236,1.0,0.003575,0.01,2.5e-05,1.0,100,0.5,0.1,0,0.8,0.5,0.05,47.12388980384689,numpy
144,0.06720796027908865,0.6240434357887531,0.30874860393215814,0.9999999999999999,0.0036000000000000003,0.01,2.5e-05,1.0,100,0.5,0.1,0,0.8,0.5,0.05,47.12388980384689,numpy
145,0.06996658476350918,0.618255273417545,0.31177814181894564,0.9999999999999999,0.003625,0.01,2.5e-05,1.0,100,0.5,0.1,0,0.8,0.5,0.05,47.12388980384689,numpy
146,0.07278775832653882,0.612494274700626,0.31471796697283516,1.0,0.00365,0.01,2.5e-05,1.0,100,0.5,0.1,0,0.8,0.5,0.05,47.12388980384689,numpy
147,0.07567091026969819,0.6067618658090859,0.317567223921216,1.0,0.0036750000000000003,0.01,2.5e-05,1.0,100,0.5,0.1,0,0.8,0.5,0.05,47.12388980384689,numpy
148,0.07861540088392882,0.6010594092281272,0.32032518988794406,1.0,0.0037,0.01,2.5e-05,1.0,100,0.5,0.1,0,0.8,0.5,0.05,47.12388980384689,numpy
149,0.08162052055493521,0.5953881946784909,0.322991284766574,1.0,0.003725,0.01,2.5e-05,1.0,100,0.5,0.1,0,0.8,0.5,0.05,47.12388980384689,numpy
150,0.08468548998046832,0.5897494323620697,0.3255650776574619,0.9999999999999999,0.0037500000000000003,0.01,2.5e-05,1.0,100,0.5,0.1,0,0.8,0.5,0.05,47.12388980384689,numpy
151,0.08780946195081267,0.5841442503193159,0.32804628772987116,0.9999999999999998,0.003775,0.01,2.5e-05,1.0,100,0.5,0.1,0,0.8,0.5,0.05,47.12388980384689,numpy
152,0.09099152496517338,0.5785736968131475,0.3304347782216794,1.0000000000000002,0.0038,0.01,2.5e-05,1.0,100,0.5,0.1,0,0.8,0.5,0.05,47.12388980384689,numpy
153,0.09423070871413644,0.5730387474781639,0.3327305438076996,0.9999999999999999,0.0038250000000000003,0.01,2.5e-05,1.0,100,0.5,0.1,0,0.8,0.5,0.05,47.12388980384689,numpy
154,0.09752599118515713,0.5675403157875444,0.33493369302729836,0.9999999999999999,0.00385,0.01,2.5e-05,1.0,100,0.5,0.1,0,0.8,0.5,0.05,47.12388980384689,numpy
155,0.10087630688796347,0.5620792644918109,0.3370444286202257,1.0,0.003875,0.01,2.5e-05,1.0,100,0.5,0.1,0,0.8,0.5,0.05,47.12388980384689,numpy
156,0.10428055547086262,0.5566564154176252,0.3390630291115122,1.0,0.0039000000000000003,0.01,2.5e-05,1.0,100,0.5,0.1,0,0.8,0.5,0.05,47.12388980384689,numpy
157,0.10773760983825477,0.5512725555100445,0.3409898346517007,1.0,0.0039250000000000005,0.01,2.5e-05,1.0,100,0.5,0.1,0,0.8,0.5,0.05,47.12388980384689,numpy
158,0.11124632286170726,0.5459284379798596,0.342825239158433,0.9999999999999998,0.00395,0.01,2.5e-05,1.0,100,0.5,0.1,0,0.8,0.5,0.05,47.12388980384689,numpy
159,0.11480553191243473,0.5406247786872916,0.34456968940027377,1.0,0.003975,0.01,2.5e-05,1.0,100,0.5,0.1,0,0.8,0.5,0.05,47.12388980384689,numpy
160,0.11841406074259825,0.5353622490680677,0.3462236901893341,1.0,0.004,0.01,2.5e-05,1.0,100,0.5,0.1,0,0.8,0.5,0.05,47.12388980384689,numpy
161,0.12207071862828106,0.5301414678465819,0.3477878135251369,0.9999999999999998,0.004025,0.01,2.5e-05,1.0,100,0.5,0.1,0,0.8,0.5,0.05,47.12388980384689,numpy
162,0.12577429712444727,0.5249629941262902,0.3492627087492625,1.0,0.00405,0.01,2.5e-05,1.0,100,0.5,0.1,0,0.8,0.5,0.05,47.12388980384689,numpy
163,0.12952356520051553,0.5198273240923982,0.35064911070708626,1.0,0.0040750000000000005,0.01,2.5e-05,1.0,100,0.5,0.1,0,0.8,0.5,0.05,47.12388980384689,numpy
164,0.13331726385790368,0.5147348925503966,0.35194784359169995,1.0000000000000002,0.0041,0.01,2.5e-05,1.0,100,0.5,0.1,0,0.8,0.5,0.05,47.12388980384689,numpy
165,0.13715410149288795,0.5096860791766985,0.35315981933041357,1.0,0.004125,0.01,2.5e-05,1.0,100,0.5,0.1,0,0.8,0.5,0.05,47.12388980384689,numpy
166,0.14103275119209763,0.5046812181078008,0.35428603070010173,1.0,0.00415,0.01,2.5e-05,1.0,100,0.5,0.1,0,0.8,0.5,0.05,47.12388980384689,numpy
167,0.14495185084603945,0.4997206086186468,0.3553275405353137,1.0,0.004175,0.01,2.5e-05,1.0,100,0.5,0.1,0,0.8,0.5,0.05,47.12388980384689,numpy
168,0.14891000648276312,0.4948045243712498,0.35628546914598686,0.9999999999999998,0.004200000000000001,0.01,2.5e-05,1.0,100,0.5,0.1,0,0.8,0.5,0.05,47.12388980384689,numpy
169,0.1529057986516707,0.4899332190919935,0.35716098225633597,1.0,0.0042250000000000005,0.01,2.5e-05,1.0,100,0.5,0.1,0,0.8,0.5,0.05,47.12388980384689,numpy
170,0.15693779111399297,0.4851069275215033,0.35795528136450383,1.0,0.00425,0.01,2.5e-05,1.0,100,0.5,0.1,0,0.8,0.5,0.05,47.12388980384689,numpy
171,0.16100454062915964,0.48032586181695597,0.35866959755388433,1.0,0.004275,0.01,2.5e-05,1.0,100,0.5,0.1,0,0.8,0.5,0.05,47.12388980384689,numpy
172,0.16510460637478738,0.4755902048664203,0.35930518875879247,1.0000000000000002,0.0043,0.01,2.5e-05,1.0,100,0.5,0.1,0,0.8,0.5,0.05,47.12388980384689,numpy
173,0.1692365575732196,0.4709001028146849,0.3598633396120955,1.0,0.004325,0.01,2.5e-05,1.0,100,0.5,0.1,0,0.8,0.5,0.05,47.12388980384689,numpy
174,0.17339897822877282,0.4662556592593273,0.3603453625118999,1.0,0.004350000000000001,0.01,2.5e-05,1.0,100,0.5,0.1,0,0.8,0.5,0.05,47.12388980384689,numpy
175,0.1775904684354281,0.46165693306220457,0.36075259850236735,1.0,0.004375,0.01,2.5e-05,1.0,100,0.5,0.1,0,0.8,0.5,0.05,47.12388980384689,numpy
176,0.18180964238660446,0.45710394068498456,0.3610864169284109,1.0,0.0044,0.01,2.5e-05,1.0,100,0.5,0.1,0,0.8,0.5,0.05,47.12388980384689,numpy
177,0.18605512387758277,0.45259666267253057,0.36134821344988655,1.0,0.004425,0.01,2.5e-05,1.0,100,0.5,0.1,0,0.8,0.5,0.05,47.12388980384689,numpy
178,0.1903255406071632,0.4481350527165037,0.3615394066763332,1.0000000000000002,0.00445,0.01,2.5e-05,1.0,100,0.5,0.1,0,0.8,0.5,0.05,47.12388980384689,numpy
179,0.19461951884168546,0.4437190469829068,0.3616614341754076,0.9999999999999998,0.004475,0.01,2.5e-05,1.0,100,0.5,0.1,0,0.8,0.5,0.05,47.12388980384689,numpy
180,0.19893567992640587,0.4393485713297224,0.36171574874387175,1.0,0.0045000000000000005,0.01,2.5e-05,1.0,100,0.5,0.1,0,0.8,0.5,0.05,47.12388980384689,numpy
181,0.2032726397231734,0.43502354468719806,0.3617038155896285,0.9999999999999999,0.004525,0.01,2.5e-05,1.0,100,0.5,0.1,0,0.8,0.5,0.05,47.12388980384689,numpy
182,0.20762901140652484,0.430743878012089,0.3616271105813862,1.0,0.00455,0.01,2.5e-05,1.0,100,0.5,0.1,0,0.8,0.5,0.05,47.12388980384689,numpy
183,0.21200341130654565,0.4265094695045258,0.36148711918892873,1.0000000000000002,0.004575,0.01,2.5e-05,1.0,100,0.5,0.1,0,0.8,0.5,0.05,47.12388980384689,numpy
184,0.21639446680351362,0.4223201978330045,0.361285335363482,1.0000000000000002,0.0046,0.01,2.5e-05,1.0,100,0.5,0.1,0,0.8,0.5,0.05,47.12388980384689,numpy
185,0.22080082480049995,0.4181759156658765,0.36102325953362363,1.0,0.004625000000000001,0.01,2.5e-05,1.0,100,0.5,0.1,0,0.8,0.5,0.05,47.12388980384689,numpy
186,0.22522115913812174,0.41407644569518,0.3607023951666983,1.0,0.0046500000000000005,0.01,2.5e-05,1.0,100,0.5,0.1,0,0.8,0.5,0.05,47.12388980384689,numpy
187,0.22965417552243098,0.41002158057721283,0.3603242439003561,0.9999999999999999,0.004675,0.01,2.5e-05,1.0,100,0.5,0.1,0,0.8,0.5,0.05,47.12388980384689,numpy
188,0.23409861308008195,0.4060110870184018,0.359890299901516,0.9999999999999998,0.0047,0.01,2.5e-05,1.0,100,0.5,0.1,0,0.8,0.5,0.05,47.12388980384689,numpy
189,0.23855324241160997,0.40204471297749006,0.35940204461089975,0.9999999999999998,0.004725,0.01,2.5e-05,1.0,100,0.5,0.1,0,0.8,0.5,0.05,47.12388980384689,numpy
190,0.24301686080505477,0.3981221960304007,0.3588609431645443,0.9999999999999998,0.00475,0.01,2.5e-05,1.0,100,0.5,0.1,0,0.8,0.5,0.05,47.12388980384689,numpy
191,0.24748828591459449,0.39424327062424536,0.35826844346116016,1.0,0.004775000000000001,0.01,2.5e-05,1.0,100,0.5,0.1,0,0.8,0.5,0.05,47.12388980384689,numpy
192,0.25196634955523023,0.39040767230611506,0.3576259781386545,0.9999999999999998,0.0048000000000000004,0.01,2.5e-05,1.0,100,0.5,0.1,0,0.8,0.5,0.05,47.12388980384689,numpy
193,0.25644989323037537,0.38661513793025737,0.3569349688393672,1.0,0.004825,0.01,2.5e-05,1.0,100,0.5,0.1,0,0.8,0.5,0.05,47.12388980384689,numpy
194,0.2609377665890358,0.38286540205841796,0.3561968313525464,1.0,0.00485,0.01,2.5e-05,1.0,100,0.5,0.1,0,0.8,0.5,0.05,47.12388980384689,numpy
195,0.26542882929094547,0.3791581909178484,0.35541297979120606,0.9999999999999999,0.004875,0.01,2.5e-05,1.0,100,0.5,0.1,0,0.8,0.5,0.05,47.12388980384689,numpy
196,0.2699219559132979,0.3754932160140682,0.3545848280726342,1.0000000000000002,0.0049,0.01,2.5e-05,1.0,100,0.5,0.1,0,0.8,0.5,0.05,47.12388980384689,numpy
197,0.2744160427744058,0.37187016957176716,0.353713787653827,1.0,0.0049250000000000006,0.01,2.5e-05,1.0,100,0.5,0.1,0,0.8,0.5,0.05,47.12388980384689,numpy
198,0.2789100150687653,0.36828872337280116,0.35280126155843333,0.9999999999999998,0.00495,0.01,2.5e-05,1.0,100,0.5,0.1,0,0.8,0.5,0.05,47.12388980384689,numpy
199,0.28340283262169164,0.36474853147965053,0.351848635898658,1.0000000000000002,0.004975,0.01,2.5e-05,1.0,100,0.5,0.1,0,0.8,0.5,0.05,47.12388980384689,numpy
200,0.2878934929015166,0.36124923612389104,0.35085727097459235,1.0,0.005,0.01,2.5e-05,1.0,100,0.5,0.1,0,0.8,0.5,0.05,47.12388980384689,numpy
201,0.29238103059889387,0.35779047507004996,0.34982849433105623,1.0,0.005025,0.01,2.5e-05,1.0,100,0.5,0.1,0,0.8,0.5,0.05,47.12388980384689,numpy
202,0.29686451393734464,0.3543718883206038,0.3487635977420514,0.9999999999999998,0.005050000000000001,0.01,2.5e-05,1.0,100,0.5,0.1,0,0.8,0.5,0.05,47.12388980384689,numpy
203,0.3013430387018376,0.3509931222426118,0.34766383905555054,0.9999999999999999,0.0050750000000000005,0.01,2.5e-05,1.0,100,0.5,0.1,0,0.8,0.5,0.05,47.12388980384689,numpy
204,0.3058157215447231,0.347653830013827,0.3465304484414499,1.0,0.0051,0.01,2.5e-05,1.0,100,0.5,0.1,0,0.8,0.5,0.05,47.12388980384689,numpy
205,0.31028169429630315,0.34435366845394494,0.345364637249752,1.0000000000000002,0.005125,0.01,2.5e-05,1.0,100,0.5,0.1,0,0.8,0.5,0.05,47.12388980384689,numpy
206,0.3147401007279509,0.3410922924457666,0.34416760682628234,0.9999999999999998,0.00515,0.01,2.5e-05,1.0,100,0.5,0.1,0,0.8,0.5,0.05,47.12388980384689,numpy
207,0.3191900965653732,0.33786934888888276,0.342940554545744,1.0,0.005175,0.01,2.5e-05,1.0,100,0.5,0.1,0,0.8,0.5,0.05,47.12388980384689,numpy
208,0.3236308526959327,0.3346844722362502,0.34168467506781697,0.9999999999999999,0.005200000000000001,0.01,2.5e-05,1.0,100,0.5,0.1,0,0.8,0.5,0.05,47.12388980384689,numpy
209,0.3280615606734994,0.3315372831259306,0.34040115620057004,1.0,0.0052250000000000005,0.01,2.5e-05,1.0,100,0.5,0.1,0,0.8,0.5,0.05,47.12388980384689,numpy
210,0.3324814390157319,0.3284273906176466,0.33909117036662145,0.9999999999999999,0.00525,0.01,2.5e-05,1.0,100,0.5,0.1,0,0.8,0.5,0.05,47.12388980384689,numpy
211,0.3368897385788319,0.32535439738973576,0.3377558640314324,1.0,0.005275,0.01,2.5e-05,1.0,100,0.5,0.1,0,0.8,0.5,0.05,47.12388980384689,numpy
212,0.3412857455461945,0.32231790630600676,0.3363963481477989,1.0,0.0053,0.01,2.5e-05,1.0,100,0.5,0.1,0,0.8,0.5,0.05,47.12388980384689,numpy
213,0.34566878121199446,0.319317526330079,0.33501369245792667,1.0,0.005325,0.01,2.5e-05,1.0,100,0.5,0.1,0,0.8,0.5,0.05,47.12388980384689,numpy
214,0.35003819859968904,0.31635287599447975,0.33360892540583126,1.0,0.005350000000000001,0.01,2.5e-05,1.0,100,0.5,0.1,0,0.8,0.5,0.05,47.12388980384689,numpy
215,0.3543933767958958,0.3134235834460008,0.33218303975810354,1.0000000000000002,0.0053750000000000004,0.01,2.5e-05,1.0,100,0.5,0.1,0,0.8,0.5,0.05,47.12388980384689,numpy
216,0.3587337144805109,0.3105292832082756,0.3307370023112136,1.0,0.0054,0.01,2.5e-05,1.0,100,0.5,0.1,0,0.8,0.5,0.05,47.12388980384689,numpy
217,0.3630586243361386,0.30766961085346733,0.32927176481039394,0.9999999999999999,0.005425,0.01,2.5e-05,1.0,100,0.5,0.1,0,0.8,0.5,0.05,47.12388980384689,numpy
218,0.3673675297662146,0.30484419742327895,0.32778827281050654,1.0,0.00545,0.01,2.5e-05,1.0,100,0.5,0.1,0,0.8,0.5,0.05,47.12388980384689,numpy
219,0.3716598647052953,0.3020526654900548,0.3262874698046501,1.0000000000000002,0.005475,0.01,2.5e-05,1.0,100,0.5,0.1,0,0.8,0.5,0.05,47.12388980384689,numpy
220,0.3759350764442124,0.29929462819120484,0.3247702953645829,1.0000000000000002,0.0055000000000000005,0.01,2.5e-05,1.0,100,0.5,0.1,0,0.8,0.5,0.05,47.12388980384689,numpy
221,0.3801926305601868,0.29656969158152086,0.3232376778582922,0.9999999999999998,0.005525,0.01,2.5e-05,1.0,100,0.5,0.1,0,0.8,0.5,0.05,47.12388980384689,numpy
222,0.38443201647064973,0.2938774595497587,0.3216905239795917,1.0,0.00555,0.01,2.5e-05,1.0,100,0.5,0.1,0,0.8,0.5,0.05,47.12388980384689,numpy
223,0.3886527519727624,0.29121753970670156,0.3201297083205361,1.0,0.005575,0.01,2.5e-05,1.0,100,0.5,0.1,0,0.8,0.5,0.05,47.12388980384689,numpy
224,0.3928543854251755,0.28858954835455797,0.31855606622026655,1.0,0.0056,0.01,2.5e-05,1.0,100,0.5,0.1,0,0.8,0.5,0.05,47.12388980384689,numpy
225,0.39703649489208737,0.2859931129818381,0.31697039212607453,1.0,0.005625000000000001,0.01,2.5e-05,1.0,100,0.5,0.1,0,0.8,0.5,0.05,47.12388980384689,numpy
226,0.4011986844218429,0.2834278715657365,0.31537344401242073,1.0000000000000002,0.0056500000000000005,0.01,2.5e-05,1.0,100,0.5,0.1,0,0.8,0.5,0.05,47.12388980384689,numpy
227,0.4053405784360178,0.28089346901923185,0.31376595254475037,1.0,0.005675,0.01,2.5e-05,1.0,100,0.5,0.1,0,0.8,0.5,0.05,47.12388980384689,numpy
228,0.4094618157293431,0.2783895520495569,0.31214863222110006,1.0,0.0057,0.01,2.5e-05,1.0,100,0.5,0.1,0,0.8,0.5,0.05,47.12388980384689,numpy
229,0.41356204467370505,0.27591576420025554,0.3105221911260392,0.9999999999999998,0.005725,0.01,2.5e-05,1.0,100,0.5,0.1,0,0.8,0.5,0.05,47.12388980384689,numpy
230,0.417640920857815,0.2734717427643956,0.3088873363777896,1.0000000000000002,0.00575,0.01,2.5e-05,1.0,100,0.5,0.1,0,0.8,0.5,0.05,47.12388980384689,numpy
231,0.42169810768808597,0.27105711860702053,0.30724477370489345,1.0,0.005775000000000001,0.01,2.5e-05,1.0,100,0.5,0.1,0,0.8,0.5,0.05,47.12388980384689,numpy
232,0.42573327962940744,0.2686715189421604,0.30559520142843194,0.9999999999999998,0.0058000000000000005,0.01,2.5e-05,1.0,100,0.5,0.1,0,0.8,0.5,0.05,47.12388980384689,numpy
233,0.4297461270143416,0.2663145721177226,0.3039393008679358,1.0,0.005825,0.01,2.5e-05,1.0,100,0.5,0.1,0,0.8,0.5,0.05,47.12388980384689,numpy
234,0.43373636090690804,0.2639859128077965,0.3022777262852953,0.9999999999999999,0.00585,0.01,2.5e-05,1.0,100,0.5,0.1,0,0.8,0.5,0.05,47.12388980384689,numpy
235,0.437703716501971,0.2616851859053246,0.3006110975927045,1.0,0.005875,0.01,2.5e-05,1.0,100,0.5,0.1,0,0.8,0.5,0.05,47.12388980384689,numpy
236,0.4416479539789748,0.25941204786842104,0.298939998152604,0.9999999999999998,0.0059,0.01,2.5e-05,1.0,100,0.5,0.1,0,0.8,0.5,0.05,47.12388980384689,numpy
237,0.44556885648114214,0.2571661651394269,0.2972649783794309,0.9999999999999999,0.005925000000000001,0.01,2.5e-05,1.0,100,0.5,0.1,0,0.8,0.5,0.05,47.12388980384689,numpy
238,0.4494662257331277,0.25494721023971123,0.29558656402716105,1.0,0.00595,0.01,2.5e-05,1.0,100,0.5,0.1,0,0.8,0.5,0.05,47.12388980384689,numpy
239,0.45333987649277346,0.25275485691705163,0.2939052665901749,1.0,0.005975,0.01,2.5e-05,1.0,100,0.5,0.1,0,0.8,0.5,0.05,47.12388980384689,numpy
240,0.4571896313604034,0.2505887760220566,0.29222159261753994,1.0,0.006,0.01,2.5e-05,1.0,100,0.5,0.1,0,0.8,0.5,0.05,47.12388980384689,numpy
241,0.461015317351566,0.24844863351345164,0.2905360491349823,1.0,0.006025,0.01,2.5e-05,1.0,100,0.5,0.1,0,0.8,0.5,0.05,47.12388980384689,numpy
242,0.4648167651109709,0.24633409124270444,0.2888491436463244,0.9999999999999998,0.006050000000000001,0.01,2.5e-05,1.0,100,0.5,0.1,0,0.8,0.5,0.05,47.12388980384689,numpy
243,0.4685938108586431,0.2442448102147877,0.2871613789265693,1.0,0.0060750000000000005,0.01,2.5e-05,1.0,100,0.5,0.1,0,0.8,0.5,0.05,47.12388980384689,numpy
244,0.4723463003465103,0.24218045519192347,0.28547324446156624,1.0,0.0061,0.01,2.5e-05,1.0,100,0.5,0.1,0,0.8,0.5,0.05,47.12388980384689,numpy
245,0.4760740935110466,0.24014069907348135,0.2837852074154719,0.9999999999999999,0.006125,0.01,2.5e-05,1.0,100,0.5,0.1,0,0.8,0.5,0.05,47.12388980384689,numpy
246,0.4797770683151337,0.2381252255834231,0.2820977061014432,1.0,0.00615,0.01,2.5e-05,1.0,100,0.5,0.1,0,0.8,0.5,0.05,47.12388980384689,numpy
247,0.4834551225338295,0.23613372938965857,0.28041114807651196,1.0,0.006175,0.01,2.5e-05,1.0,100,0.5,0.1,0,0.8,0.5,0.05,47.12388980384689,numpy
248,0.48710817286891245,0.2341659136664944,0.2787259134645933,1.0000000000000002,0.006200000000000001,0.01,2.5e-05,1.0,100,0.5,0.1,0,0.8,0.5,0.05,47.12388980384689,numpy
249,0.4907361515845038,0.2322214859862062,0.2770423624292902,1.0000000000000002,0.0062250000000000005,0.01,2.5e-05,1.0,100,0.5,0.1,0,0.8,0.5,0.05,47.12388980384689,numpy
250,0.49433900160131466,0.2303001539829464,0.2753608444157391,1.0000000000000002,0.00625,0.01,2.5e-05,1.0,100,0.5,0.1,0,0.8,0.5,0.05,47.12388980384689,numpy
251,0.4979166714480008,0.22840162228143035,0.2736817062705687,0.9999999999999999,0.006275,0.01,2.5e-05,1.0,100,0.5,0.1,0,0.8,0.5,0.05,47.12388980384689,numpy
252,0.5014691115028176,0.22652559171950254,0.2720052967776799,1.0,0.0063,0.01,2.5e-05,1.0,100,0.5,0.1,0,0.8,0.5,0.05,47.12388980384689,numpy
253,0.5049962725537268,0.22467176109078105,0.2703319663554921,0.9999999999999999,0.006325,0.01,2.5e-05,1.0,100,0.5,0.1,0,0.8,0.5,0.05,47.12388980384689,numpy
254,0.5084981069864809,0.22283983077011138,0.2686620622434078,1.0,0.006350000000000001,0.01,2.5e-05,1.0,100,0.5,0.1,0,0.8,0.5,0.05,47.12388980384689,numpy
255,0.5119745721043701,0.22102950695015017,0.2669959209454796,1.0,0.0063750000000000005,0.01,2.5e-05,1.0,100,0.5,0.1,0,0.8,0.5,0.05,47.12388980384689,numpy
256,0.5154256344400249,0.21924050502369946,0.26533386053627556,0.9999999999999998,0.0064,0.01,2.5e-05,1.0,100,0.5,0.1,0,0.8,0.5,0.05,47.12388980384689,numpy
257,0.5188512736318387,0.21747255095948698,0.2636761754086743,1.0,0.006425,0.01,2.5e-05,1.0,100,0.5,0.1,0,0.8,0.5,0.05,47.12388980384689,numpy
258,0.5222514845876232,0.21572538022994064,0.26202313518243603,0.9999999999999998,0.00645,0.01,2.5e-05,1.0,100,0.5,0.1,0,0.8,0.5,0.05,47.12388980384689,numpy
259,0.525626277198637,0.21399873470495415,0.26037498809640885,1.0,0.006475000000000001,0.01,2.5e-05,1.0,100,0.5,0.1,0,0.8,0.5,0.05,47.12388980384689,numpy
260,0.528975673633684,0.2122923586211299,0.25873196774518614,1.0,0.006500000000000001,0.01,2.5e-05,1.0,100,0.5,0.1,0,0.8,0.5,0.05,47.12388980384689,numpy
261,0.532299703997791,0.21060599503199176,0.257094300970217,0.9999999999999998,0.006525,0.01,2.5e-05,1.0,100,0.5,0.1,0,0.8,0.5,0.05,47.12388980384689,numpy
262,0.5355984016442112,0.2089393839509054,0.2554622144048834,1.0,0.00655,0.01,2.5e-05,1.0,100,0.5,0.1,0,0.8,0.5,0.05,47.12388980384689,numpy
263,0.5388717995230138,0.20729226279402227,0.2538359376829641,1.0000000000000002,0.006575,0.01,2.5e-05,1.0,100,0.5,0.1,0,0.8,0.5,0.05,47.12388980384689,numpy
264,0.5421199286097232,0.20566436892729204,0.25221570246298486,1.0000000000000002,0.0066,0.01,2.5e-05,1.0,100,0.5,0.1,0,0.8,0.5,0.05,47.12388980384689,numpy
265,0.5453428187974177,0.2040554433941334,0.2506017378084489,1.0,0.006625000000000001,0.01,2.5e-05,1.0,100,0.5,0.1,0,0.8,0.5,0.05,47.12388980384689,numpy
266,0.5485405018650356,0.2024652345000437,0.2489942636349207,1.0,0.0066500000000000005,0.01,2.5e-05,1.0,100,0.5,0.1,0,0.8,0.5,0.05,47.12388980384689,numpy
267,0.5517130154916741,0.2008934999983936,0.24739348450993207,0.9999999999999997,0.006675,0.01,2.5e-05,1.0,100,0.5,0.1,0,0.8,0.5,0.05,47.12388980384689,numpy
268,0.55486040696982,0.19934000713147854,0.24579958589870166,1.0000000000000002,0.0067,0.01,2.5e-05,1.0,100,0.5,0.1,0,0.8,0.5,0.05,47.12388980384689,numpy
269,0.5579827353798223,0.19780453054434655,0.2442127340758309,0.9999999999999998,0.006725,0.01,2.5e-05,1.0,100,0.5,0.1,0,0.8,0.5,0.05,47.12388980384689,numpy
270,0.5610800714899561,0.196286848829991,0.2426330796800528,0.9999999999999999,0.00675,0.01,2.5e-05,1.0,100,0.5,0.1,0,0.8,0.5,0.05,47.12388980384689,numpy
271,0.5641524953786784,0.19478674092571258,0.24106076369560903,1.0,0.006775000000000001,0.01,2.5e-05,1.0,100,0.5,0.1,0,0.8,0.5,0.05,47.12388980384689,numpy
272,0.5672000924997612,0.1933039836112037,0.23949592388903496,0.9999999999999999,0.0068000000000000005,0.01,2.5e-05,1.0,100,0.5,0.1,0,0.8,0.5,0.05,47.12388980384689,numpy
273,0.5702229493950116,0.19183835095713156,0.23793869964785705,1.0000000000000002,0.006825,0.01,2.5e-05,1.0,100,0.5,0.1,0,0.8,0.5,0.05,47.12388980384689,numpy
274,0.5732211503548588,0.1903896158803571,0.23638923376478393,0.9999999999999998,0.00685,0.01,2.5e-05,1.0,100,0.5,0.1,0,0.8,0.5,0.05,47.12388980384689,numpy
275,0.576194776011028,0.18895755321973837,0.23484767076923369,1.0,0.006875,0.01,2.5e-05,1.0,100,0.5,0.1,0,0.8,0.5,0.05,47.12388980384689,numpy
276,0.5791439042212662,0.18754194321761145,0.23331415256112215,0.9999999999999997,0.006900000000000001,0.01,2.5e-05,1.0,100,0.5,0.1,0,0.8,0.5,0.05,47.12388980384689,numpy
277,0.5820686128717322,0.18614257416562116,0.23178881296264667,1.0,0.006925000000000001,0.01,2.5e-05,1.0,100,0.5,0.1,0,0.8,0.5,0.05,47.12388980384689,numpy
278,0.5849689836131919,0.18475924329002127,0.23027177309678667,0.9999999999999999,0.0069500000000000004,0.01,2.5e-05,1.0,100,0.5,0.1,0,0.8,0.5,0.05,47.12388980384689,numpy
279,0.587845105260706,0.1833917555880873,0.22876313915120683,1.0,0.006975,0.01,2.5e-05,1.0,100,0.5,0.1,0,0.8,0.5,0.05,47.12388980384689,numpy
280,0.5906970757151647,0.18203992105076863,0.22726300323406656,0.9999999999999999,0.007,0.01,2.5e-05,1.0,100,0.5,0.1,0,0.8,0.5,0.05,47.12388980384689,numpy
281,0.5935250017615661,0.18070355126374557,0.22577144697468857,1.0000000000000002,0.007025,0.01,2.5e-05,1.0,100,0.5,0.1,0,0.8,0.5,0.05,47.12388980384689,numpy
282,0.5963289967955758,0.17938245658135782,0.2242885466230661,0.9999999999999998,0.007050000000000001,0.01,2.5e-05,1.0,100,0.5,0.1,0,0.8,0.5,0.05,47.12388980384689,numpy
283,0.599109177199607,0.17807644484942822,0.22281437795096484,1.0,0.0070750000000000006,0.01,2.5e-05,1.0,100,0.5,0.1,0,0.8,0.5,0.05,47.12388980384689,numpy
284,0.6018656585201121,0.1767853220911794,0.2213490193887085,0.9999999999999999,0.0071,0.01,2.5e-05,1.0,100,0.5,0.1,0,0.8,0.5,0.05,47.12388980384689,numpy
285,0.6045985526544858,0.1755088948650876,0.2198925524804265,0.9999999999999999,0.007125,0.01,2.5e-05,1.0,100,0.5,0.1,0,0.8,0.5,0.05,47.12388980384689,numpy
286,0.6073079669213608,0.17424697340981823,0.21844505966882094,1.0,0.00715,0.01,2.5e-05,1.0,100,0.5,0.1,0,0.8,0.5,0.05,47.12388980384689,numpy
287,0.6099940052704774,0.17299937442387422,0.2170066203056482,0.9999999999999999,0.007175,0.01,2.5e-05,1.0,100,0.5,0.1,0,0.8,0.5,0.05,47.12388980384689,numpy
288,0.612656771191292,0.17176592247659808,0.2155773063321099,1.0,0.007200000000000001,0.01,2.5e-05,1.0,100,0.5,0.1,0,0.8,0.5,0.05,47.12388980384689,numpy
289,0.6152963713344438,0.1705464495489965,0.2141571791165598,1.0000000000000002,0.0072250000000000005,0.01,2.5e-05,1.0,100,0.5,0.1,0,0.8,0.5,0.05,47.12388980384689,numpy
290,0.6179129186446776,0.1693407928720572,0.21274628848326527,1.0,0.00725,0.01,2.5e-05,1.0,100,0.5,0.1,0,0.8,0.5,0.05,47.12388980384689,numpy
291,0.6205065339813581,0.16814879183072387,0.211344674187918,1.0,0.007275,0.01,2.5e-05,1.0,100,0.5,0.1,0,0.8,0.5,0.05,47.12388980384689,numpy
292,0.6230773457075568,0.16697028502549946,0.2099523692669437,1.0,0.0073,0.01,2.5e-05,1.0,100,0.5,0.1,0,0.8,0.5,0.05,47.12388980384689,numpy
293,0.6256254873934307,0.16580510851777422,0.20856940408879499,0.9999999999999999,0.007325000000000001,0.01,2.5e-05,1.0,100,0.5,0.1,0,0.8,0.5,0.05,47.12388980384689,numpy
294,0.6281510943892462,0.16465309585247914,0.20719580975827478,1.0000000000000002,0.007350000000000001,0.01,2.5e-05,1.0,100,0.5,0.1,0,0.8,0.5,0.05,47.12388980384689,numpy
295,0.6306543003802214,0.1635140798096256,0.2058316198101531,1.0,0.0073750000000000005,0.01,2.5e-05,1.0,100,0.5,0.1,0,0.8,0.5,0.05,47.12388980384689,numpy
296,0.6331352350220111,0.16238789522061955,0.2044768697573693,1.0,0.0074,0.01,2.5e-05,1.0,100,0.5,0.1,0,0.8,0.5,0.05,47.12388980384689,numpy
297,0.6355940233779802,0.16127438181930026,0.20313159480271947,1.0,0.007425,0.01,2.5e-05,1.0,100,0.5,0.1,0,0.8,0.5,0.05,47.12388980384689,numpy
298,0.6380307872680294,0.1601733861068014,0.20179582662516896,0.9999999999999998,0.00745,0.01,2.5e-05,1.0,100,0.5,0.1,0,0.8,0.5,0.05,47.12388980384689,numpy
299,0.6404456480023806,0.15908476158015802,0.20046959041746143,1.0,0.007475000000000001,0.01,2.5e-05,1.0,100,0.5,0.1,0,0.8,0.5,0.05,47.12388980384689,numpy
300,0.6428387295238812,0.15800836726856243,0.19915290320755646,1.0,0.007500000000000001,0.01,2.5e-05,1.0,100,0.5,0.1,0,0.8,0.5,0.05,47.12388980384689,numpy
301,0.6452101608624938,0.15694406512683906,0.19784577401066694,0.9999999999999998,0.0075250000000000004,0.01,2.5e-05,1.0,100,0.5,0.1,0,0.8,0.5,0.05,47.12388980384689,numpy
302,0.6475600770493882,0.15589171723881598,0.19654820571179576,1.0,0.00755,0.01,2.5e-05,1.0,100,0.5,0.1,0,0.8,0.5,0.05,47.12388980384689,numpy
303,0.6498886181629747,0.15485118383906973,0.19526019799795558,1.0,0.007575,0.01,2.5e-05,1.0,100,0.5,0.1,0,0.8,0.5,0.05,47.12388980384689,numpy
304,0.6521959268117014,0.15382232284984304,0.19398175033845558,1.0,0.0076,0.01,2.5e-05,1.0,100,0.5,0.1,0,0.8,0.5,0.05,47.12388980384689,numpy
305,0.6544821448867255,0.15280499106769266,0.1927128640455818,0.9999999999999999,0.007625000000000001,0.01,2.5e-05,1.0,100,0.5,0.1,0,0.8,0.5,0.05,47.12388980384689,numpy
306,0.6567474106625381,0.15179904653196005,0.19145354280550186,1.0,0.0076500000000000005,0.01,2.5e-05,1.0,100,0.5,0.1,0,0.8,0.5,0.05,47.12388980384689,numpy
307,0.6589918572035159,0.15080435118489527,0.19020379161158868,1.0,0.007675,0.01,2.5e-05,1.0,100,0.5,0.1,0,0.8,0.5,0.05,47.12388980384689,numpy
308,0.6612156125944024,0.14982077283863657,0.18896361456696084,0.9999999999999999,0.0077,0.01,2.5e-05,1.0,100,0.5,0.1,0,0.8,0.5,0.05,47.12388980384689,numpy
309,0.6634188019053848,0.14884818572379388,0.1877330123708214,1.0,0.007725,0.01,2.5e-05,1.0,100,0.5,0.1,0,0.8,0.5,0.05,47.12388980384689,numpy
310,0.6656015502310205,0.14788646941129388,0.18651198035768576,1.0000000000000002,0.00775,0.01,2.5e-05,1.0,100,0.5,0.1,0,0.8,0.5,0.05,47.12388980384689,numpy
311,0.6677639857933946,0.14693550648828646,0.185300507718319,1.0,0.007775000000000001,0.01,2.5e-05,1.0,100,0.5,0.1,0,0.8,0.5,0.05,47.12388980384689,numpy
312,0.6699062420867017,0.14599517981815827,0.1840985780951401,1.0,0.0078000000000000005,0.01,2.5e-05,1.0,100,0.5,0.1,0,0.8,0.5,0.05,47.12388980384689,numpy
313,0.6720284583673348,0.14506537035955525,0.18290617127310993,1.0,0.007825,0.01,2.5e-05,1.0,100,0.5,0.1,0,0.8,0.5,0.05,47.12388980384689,numpy
314,0.6741307783513923,0.1441459563069936,0.18172326534161415,1.0,0.007850000000000001,0.01,2.5e-05,1.0,100,0.5,0.1,0,0.8,0.5,0.05,47.12388980384689,numpy
315,0.6762133475806335,0.14323681382815262,0.1805498385912138,0.9999999999999998,0.007875,0.01,2.5e-05,1.0,100,0.5,0.1,0,0.8,0.5,0.05,47.12388980384689,numpy
316,0.6782763103539053,0.14233781909393967,0.17938587055215505,1.0,0.0079,0.01,2.5e-05,1.0,100,0.5,0.1,0,0.8,0.5,0.05,47.12388980384689,numpy
317,0.6803198072485981,0.14144885083842154,0.17823134191298035,1.0,0.007925,0.01,2.5e-05,1.0,100,0.5,0.1,0,0.8,0.5,0.05,47.12388980384689,numpy
318,0.6823439740392999,0.14056979250791668,0.17708623345278338,1.0,0.00795,0.01,2.5e-05,1.0,100,0.5,0.1,0,0.8,0.5,0.05,47.12388980384689,numpy
319,0.6843489423379561,0.13970053322013756,0.1759505244419066,1.0000000000000002,0.007975000000000001,0.01,2.5e-05,1.0,100,0.5,0.1,0,0.8,0.5,0.05,47.12388980384689,numpy
320,0.6863348416956835,0.13884096719463707,0.17482419110967948,1.0,0.008,0.01,2.5e-05,1.0,100,0.5,0.1,0,0.8,0.5,0.05,47.12388980384689,numpy
321,0.688301802415929,0.13799099187572011,0.17370720570835096,1.0,0.008025000000000001,0.01,2.5e-05,1.0,100,0.5,0.1,0,0.8,0.5,0.05,47.12388980384689,numpy
322,0.6902499580963634,0.13715050544378438,0.1725995364598523,1.0,0.00805,0.01,2.5e-05,1.0,100,0.5,0.1,0,0.8,0.5,0.05,47.12388980384689,numpy
323,0.6921794470216929,0.1363194046253588,0.17150114835294836,1.0,0.008075,0.01,2.5e-05,1.0,100,0.5,0.1,0,0.8,0.5,0.05,47.12388980384689,numpy
324,0.6940904119341071,0.13549758358884714,0.1704120044770455,0.9999999999999998,0.0081,0.01,2.5e-05,1.0,100,0.5,0.1,0,0.8,0.5,0.05,47.12388980384689,numpy
325,0.6959829982695701,0.13468493430377732,0.16933206742665255,1.0,0.008125,0.01,2.5e-05,1.0,100,0.5,0.1,0,0.8,0.5,0.05,47.12388980384689,numpy
326,0.6978573514704045,0.13388134820267633,0.1682613003269193,1.0000000000000002,0.008150000000000001,0.01,2.5e-05,1.0,100,0.5,0.1,0,0.8,0.5,0.05,47.12388980384689,numpy
327,0.6997136142898506,0.13308671851440523,0.16719966719574414,0.9999999999999999,0.008175,0.01,2.5e-05,1.0,100,0.5,0.1,0,0.8,0.5,0.05,47.12388980384689,numpy
328,0.7015519249932993,0.13230094240310883,0.1661471326035919,1.0,0.0082,0.01,2.5e-05,1.0,100,0.5,0.1,0,0.8,0.5,0.05,47.12388980384689,numpy
329,0.7033724170421339,0.1315239221291352,0.16510366082873074,0.9999999999999999,0.008225,0.01,2.5e-05,1.0,100,0.5,0.1,0,0.8,0.5,0.05,47.12388980384689,numpy
330,0.7051752203297788,0.13075556481620754,0.16406921485401368,1.0,0.00825,0.01,2.5e-05,1.0,100,0.5,0.1,0,0.8,0.5,0.05,47.12388980384689,numpy
331,0.7069604635025218,0.1299957809276303,0.16304375556984796,1.0,0.008275000000000001,0.01,2.5e-05,1.0,100,0.5,0.1,0,0.8,0.5,0.05,47.12388980384689,numpy
332,0.7087282765261981,0.12924448203018726,0.16202724144361458,0.9999999999999999,0.0083,0.01,2.5e-05,1.0,100,0.5,0.1,0,0.8,0.5,0.05,47.12388980384689,numpy
333,0.7104787925841092,0.1285015786794129,0.16101962873647785,0.9999999999999999,0.008325,0.01,2.5e-05,1.0,100,0.5,0.1,0,0.8,0.5,0.05,47.12388980384689,numpy
334,0.7122121486368753,0.12776697920155491,0.16002087216156988,1.0000000000000002,0.00835,0.01,2.5e-05,1.0,100,0.5,0.1,0,0.8,0.5,0.05,47.12388980384689,numpy
335,0.7139284844518226,0.12704058980366986,0.15903092574450764,1.0,0.008375,0.01,2.5e-05,1.0,100,0.5,0.1,0,0.8,0.5,0.05,47.12388980384689,numpy
336,0.7156279404489612,0.12632231594629997,0.1580497436047389,1.0,0.008400000000000001,0.01,2.5e-05,1.0,100,0.5,0.1,0,0.8,0.5,0.05,47.12388980384689,numpy
337,0.7173106551260776,0.12561206444636927,0.15707728042755317,1.0,0.008425,0.01,2.5e-05,1.0,100,0.5,0.1,0,0.8,0.5,0.05,47.12388980384689,numpy
338,0.7189767629758708,0.12490974550981064,0.1561134915143187,1.0000000000000002,0.008450000000000001,0.01,2.5e-05,1.0,100,0.5,0.1,0,0.8,0.5,0.05,47.12388980384689,numpy
339,0.7206263936421275,0.12421527392095444,0.15515833243691793,0.9999999999999999,0.008475,0.01,2.5e-05,1.0,100,0.5,0.1,0,0.8,0.5,0.05,47.12388980384689,numpy
340,0.7222596726350122,0.12352856892982526,0.15421175843516258,1.0,0.0085,0.01,2.5e-05,1.0,100,0.5,0.1,0,0.8,0.5,0.05,47.12388980384689,numpy
341,0.723876723383925,0.12284955286362509,0.15327372375245027,1.0000000000000004,0.008525,0.01,2.5e-05,1.0,100,0.5,0.1,0,0.8,0.5,0.05,47.12388980384689,numpy
342,0.7254776699390892,0.12217814896290988,0.15234418109800077,0.9999999999999999,0.00855,0.01,2.5e-05,1.0,100,0.5,0.1,0,0.8,0.5,0.05,47.12388980384689,numpy
343,0.7270626394039595,0.1215142792284328,0.15142308136760751,0.9999999999999999,0.008575000000000001,0.01,2.5e-05,1.0,100,0.5,0.1,0,0.8,0.5,0.05,47.12388980384689,numpy
344,0.728631763267947,0.1208578630577896,0.15051037367426354,1.0000000000000002,0.0086,0.01,2.5e-05,1.0,100,0.5,0.1,0,0.8,0.5,0.05,47.12388980384689,numpy
345,0.7301851771790032,0.12020881715992926,0.14960600566106758,1.0,0.008625,0.01,2.5e-05,1.0,100,0.5,0.1,0,0.8,0.5,0.05,47.12388980384689,numpy
346,0.7317230192187393,0.11956705677107363,0.14870992401018715,1.0,0.00865,0.01,2.5e-05,1.0,100,0.5,0.1,0,0.8,0.5,0.05,47.12388980384689,numpy
347,0.7332454272415941,0.11893249772678784,0.1478220750316182,1.0000000000000002,0.008675,0.01,2.5e-05,1.0,100,0.5,0.1,0,0.8,0.5,0.05,47.12388980384689,numpy
348,0.7347525361475311,0.11830505863995003,0.14694240521251872,0.9999999999999999,0.008700000000000001,0.01,2.5e-05,1.0,100,0.5,0.1,0,0.8,0.5,0.05,47.12388980384689,numpy
349,0.7362444759724476,0.11768466240289027,0.1460708616246623,1.0000000000000002,0.008725,0.01,2.5e-05,1.0,100,0.5,0.1,0,0.8,0.5,0.05,47.12388980384689,numpy
350,0.7377213713986424,0.11707123648499902,0.14520739211635852,1.0,0.00875,0.01,2.5e-05,1.0,100,0.5,0.1,0,0.8,0.5,0.05,47.12388980384689,numpy
351,0.7391833428086035,0.11646471193945078,0.1443519452519457,1.0,0.008775,0.01,2.5e-05,1.0,100,0.5,0.1,0,0.8,0.5,0.05,47.12388980384689,numpy
352,0.7406305084967116,0.11586502149758807,0.1435044700057003,1.0,0.0088,0.01,2.5e-05,1.0,100,0.5,0.1,0,0.8,0.5,0.05,47.12388980384689,numpy
353,0.742062987289515,0.11527209744469596,0.14266491526578873,0.9999999999999998,0.008825000000000001,0.01,2.5e-05,1.0,100,0.5,0.1,0,0.8,0.5,0.05,47.12388980384689,numpy
354,0.7434809007234686,0.11468587002586032,0.14183322925067102,0.9999999999999999,0.00885,0.01,2.5e-05,1.0,100,0.5,0.1,0,0.8,0.5,0.05,47.12388980384689,numpy
355,0.7448843741124159,0.11410626691475792,0.14100935897282618,1.0,0.008875000000000001,0.01,2.5e-05,1.0,100,0.5,0.1,0,0.8,0.5,0.05,47.12388980384689,numpy
356,0.7462735362324376,0.1135332138782796,0.1401932498892826,0.9999999999999999,0.0089,0.01,2.5e-05,1.0,100,0.5,0.1,0,0.8,0.5,0.05,47.12388980384689,numpy
357,0.7476485178186868,0.11296663633476445,0.13938484584654862,0.9999999999999999,0.008925,0.01,2.5e-05,1.0,100,0.5,0.1,0,0.8,0.5,0.05,47.12388980384689,numpy
358,0.7490094494474049,0.11240646119205334,0.13858408936054176,1.0,0.00895,0.01,2.5e-05,1.0,100,0.5,0.1,0,0.8,0.5,0.05,47.12388980384689,numpy
359,0.75035645953975,0.11185261827638295,0.13779092218386704,1.0,0.008975,0.01,2.5e-05,1.0,100,0.5,0.1,0,0.8,0.5,0.05,47.12388980384689,numpy
360,0.7516896731239217,0.11130504084824085,0.13700528602783738,0.9999999999999999,0.009000000000000001,0.01,2.5e-05,1.0,100,0.5,0.1,0,0.8,0.5,0.05,47.12388980384689,numpy
361,0.7530092116764038,0.11076366507008861,0.13622712325350744,0.9999999999999999,0.009025,0.01,2.5e-05,1.0,100,0.5,0.1,0,0.8,0.5,0.05,47.12388980384689,numpy
362,0.754315193957184,0.11022842869628083,0.13545637734653507,0.9999999999999999,0.00905,0.01,2.5e-05,1.0,100,0.5,0.1,0,0.8,0.5,0.05,47.12388980384689,numpy
363,0.7556077374094455,0.10969926954075032,0.13469299304980403,1.0,0.009075,0.01,2.5e-05,1.0,100,0.5,0.1,0,0.8,0.5,0.05,47.12388980384689,numpy
364,0.7568869595321175,0.10917612433875501,0.13393691612912745,1.0,0.0091,0.01,2.5e-05,1.0,100,0.5,0.1,0,0.8,0.5,0.05,47.12388980384689,numpy
365,0.7581529787020503,0.10865892843978589,0.13318809285816371,0.9999999999999999,0.009125000000000001,0.01,2.5e-05,1.0,100,0.5,0.1,0,0.8,0.5,0.05,47.12388980384689,numpy
366,0.759405914184921,0.10814761642375229,0.13244646939132682,1.0,0.00915,0.01,2.5e-05,1.0,100,0.5,0.1,0,0.8,0.5,0.05,47.12388980384689,numpy
367,0.7606458854243996,0.10764212335620847,0.13171199121939178,0.9999999999999999,0.009175,0.01,2.5e-05,1.0,100,0.5,0.1,0,0.8,0.5,0.05,47.12388980384689,numpy
368,0.7618730109999896,0.10714238613728953,0.1309846028627207,0.9999999999999999,0.0092,0.01,2.5e-05,1.0,100,0.5,0.1,0,0.8,0.5,0.05,47.12388980384689,numpy
369,0.7630874077762447,0.10664834435760917,0.1302642478661461,1.0,0.009225,0.01,2.5e-05,1.0,100,0.5,0.1,0,0.8,0.5,0.05,47.12388980384689,numpy
370,0.7642891906768466,0.10615994027178953,0.12955086905136395,1.0,0.009250000000000001,0.01,2.5e-05,1.0,100,0.5,0.1,0,0.8,0.5,0.05,47.12388980384689,numpy
371,0.7654784732426021,0.10567711785924559,0.12884440889815235,1.0,0.009275,0.01,2.5e-05,1.0,100,0.5,0.1,0,0.8,0.5,0.05,47.12388980384689,numpy
372,0.7666553687843166,0.10519982131891509,0.12814480989676827,1.0,0.009300000000000001,0.01,2.5e-05,1.0,100,0.5,0.1,0,0.8,0.5,0.05,47.12388980384689,numpy
373,0.7678199916605717,0.10472799358955802,0.12745201474987009,0.9999999999999998,0.009325,0.01,2.5e-05,1.0,100,0.5,0.1,0,0.8,0.5,0.05,47.12388980384689,numpy
374,0.768972458111519,0.10426157550268486,0.12676596638579593,0.9999999999999999,0.00935,0.01,2.5e-05,1.0,100,0.5,0.1,0,0.8,0.5,0.05,47.12388980384689,numpy
375,0.7701128862093669,0.10380050595173933,0.12608660783889378,1.0,0.009375,0.01,2.5e-05,1.0,100,0.5,0.1,0,0.8,0.5,0.05,47.12388980384689,numpy
376,0.7712413948055951,0.10334472307889818,0.12541388211550686,1.0,0.0094,0.01,2.5e-05,1.0,100,0.5,0.1,0,0.8,0.5,0.05,47.12388980384689,numpy
377,0.7723581017515329,0.10289416608091477,0.12474773216755251,1.0000000000000002,0.009425000000000001,0.01,2.5e-05,1.0,100,0.5,0.1,0,0.8,0.5,0.05,47.12388980384689,numpy
378,0.7734631219934216,0.10244877697096133,0.12408810103561717,1.0,0.00945,0.01,2.5e-05,1.0,100,0.5,0.1,0,0.8,0.5,0.05,47.12388980384689,numpy
379,0.7745565662635631,0.10200850161230095,0.12343493212413605,1.0,0.009475,0.01,2.5e-05,1.0,100,0.5,0.1,0,0.8,0.5,0.05,47.12388980384689,numpy
380,0.7756385409441904,0.10157328957939206,0.12278816947641746,0.9999999999999999,0.0095,0.01,2.5e-05,1.0,100,0.5,0.1,0,0.8,0.5,0.05,47.12388980384689,numpy
381,0.7767091493074766,0.10114309281890249,0.12214775787362077,0.9999999999999998,0.009525,0.01,2.5e-05,1.0,100,0.5,0.1,0,0.8,0.5,0.05,47.12388980384689,numpy
382,0.7777684938583803,0.10071786352347326,0.12151364261814646,1.0,0.009550000000000001,0.01,2.5e-05,1.0,100,0.5,0.1,0,0.8,0.5,0.05,47.12388980384689,numpy
383,0.7788166790940281,0.100297551931681,0.12088576897429092,1.0,0.009575,0.01,2.5e-05,1.0,100,0.5,0.1,0,0.8,0.5,0.05,47.12388980384689,numpy
384,0.7798538137944461,0.09988210481670785,0.12026408138884596,0.9999999999999999,0.009600000000000001,0.01,2.5e-05,1.0,100,0.5,0.1,0,0.8,0.5,0.05,47.12388980384689,numpy
385,0.7808800120564071,0.0994714652020751,0.1196485227415181,1.0000000000000004,0.009625,0.01,2.5e-05,1.0,100,0.5,0.1,0,0.8,0.5,0.05,47.12388980384689,numpy
386,0.7818953926581118,0.09906557342056255,0.11903903392132556,0.9999999999999999,0.00965,0.01,2.5e-05,1.0,100,0.5,0.1,0,0.8,0.5,0.05,47.12388980384689,numpy
387,0.782900076882236,0.0986643691595625,0.11843555395820145,1.0,0.009675000000000001,0.01,2.5e-05,1.0,100,0.5,0.1,0,0.8,0.5,0.05,47.12388980384689,numpy
388,0.783894185449037,0.09826779378257648,0.11783802076838643,0.9999999999999999,0.0097,0.01,2.5e-05,1.0,100,0.5,0.1,0,0.8,0.5,0.05,47.12388980384689,numpy
389,0.7848778355367618,0.09787579211295343,0.11724637235028466,0.9999999999999999,0.009725000000000001,0.01,2.5e-05,1.0,100,0.5,0.1,0,0.8,0.5,0.05,47.12388980384689,numpy
390,0.7858511388736987,0.09748831305223211,0.11666054807406925,1.0,0.00975,0.01,2.5e-05,1.0,100,0.5,0.1,0,0.8,0.5,0.05,47.12388980384689,numpy
391,0.7868142015637865,0.09710530881407882,0.1160804896221348,1.0,0.009775,0.01,2.5e-05,1.0,100,0.5,0.1,0,0.8,0.5,0.05,47.12388980384689,numpy
392,0.7877671257578612,0.09672673303756758,0.11550614120457114,1.0,0.0098,0.01,2.5e-05,1.0,100,0.5,0.1,0,0.8,0.5,0.05,47.12388980384689,numpy
393,0.7887100126853969,0.09635253842858284,0.11493744888602032,1.0,0.009825,0.01,2.5e-05,1.0,100,0.5,0.1,0,0.8,0.5,0.05,47.12388980384689,numpy
394,0.7896429661145483,0.09598267473191312,0.11437435915353854,1.0,0.009850000000000001,0.01,2.5e-05,1.0,100,0.5,0.1,0,0.8,0.5,0.05,47.12388980384689,numpy
395,0.7905660951616746,0.09561708770868689,0.11381681712963836,0.9999999999999999,0.009875,0.01,2.5e-05,1.0,100,0.5,0.1,0,0.8,0.5,0.05,47.12388980384689,numpy
396,0.7914795155774582,0.09525571943266474,0.11326476498987705,1.0,0.0099,0.01,2.5e-05,1.0,100,0.5,0.1,0,0.8,0.5,0.05,47.12388980384689,numpy
397,0.7923833491288587,0.094898509755637,0.1127181411155045,1.0000000000000002,0.009925,0.01,2.5e-05,1.0,100,0.5,0.1,0,0.8,0.5,0.05,47.12388980384689,numpy
398,0.7932777213095996,0.09454539839449475,0.11217688029590561,0.9999999999999999,0.00995,0.01,2.5e-05,1.0,100,0.5,0.1,0,0.8,0.5,0.05,47.12388980384689,numpy
399,0.7941627581404324,0.09419632690253281,0.11164091495703493,1.0,0.009975000000000001,0.01,2.5e-05,1.0,100,0.5,0.1,0,0.8,0.5,0.05,47.12388980384689,numpy
400,0.7950385830892436,0.09385123986745945,0.11111017704329705,1.0,0.01,0.01,2.5e-05,1.0,100,0.5,0.1,0,0.8,0.5,0.05,47.12388980384689,numpy
401,0.7959053150664573,0.09351008498909276,0.11058459994445002,1.0000000000000002,0.010025000000000001,0.01,2.5e-05,1.0,100,0.5,0.1,0,0.8,0.5,0.05,47.12388980384689,numpy
402,0.7967630680654337,0.09317281210934113,0.11006411982522535,1.0000000000000002,0.01005,0.01,2.5e-05,1.0,100,0.5,0.1,0,0.8,0.5,0.05,47.12388980384689,numpy
403,0.7976119524546752,0.09283937164108141,0.10954867590424335,1.0,0.010075,0.01,2.5e-05,1.0,100,0.5,0.1,0,0.8,0.5,0.05,47.12388980384689,numpy
404,0.7984520773783924,0.09250971303923113,0.10903820958237652,1.0,0.010100000000000001,0.01,2.5e-05,1.0,100,0.5,0.1,0,0.8,0.5,0.05,47.12388980384689,numpy
405,0.7992835533674373,0.0921837839123972,0.1085326627201656,1.0,0.010125,0.01,2.5e-05,1.0,100,0.5,0.1,0,0.8,0.5,0.05,47.12388980384689,numpy
406,0.8001064942185865,0.09186153011113514,0.1080319756702785,1.0000000000000002,0.010150000000000001,0.01,2.5e-05,1.0,100,0.5,0.1,0,0.8,0.5,0.05,47.12388980384689,numpy
407,0.8009210174731796,0.09154289675273097,0.10753608577408956,1.0,0.010175,0.01,2.5e-05,1.0,100,0.5,0.1,0,0.8,0.5,0.05,47.12388980384689,numpy
408,0.8017272433130305,0.0912278297970312,0.10704492688993812,0.9999999999999998,0.0102,0.01,2.5e-05,1.0,100,0.5,0.1,0,0.8,0.5,0.05,47.12388980384689,numpy
409,0.8025252922185782,0.09091627760225075,0.10655843017917108,1.0,0.010225,0.01,2.5e-05,1.0,100,0.5,0.1,0,0.8,0.5,0.05,47.12388980384689,numpy
410,0.8033152821208863,0.09060819192708938,0.10607652595202437,1.0,0.01025,0.01,2.5e-05,1.0,100,0.5,0.1,0,0.8,0.5,0.05,47.12388980384689,numpy
411,0.8040973259005054,0.09030352808131671,0.10559914601817798,1.0000000000000002,0.010275000000000001,0.01,2.5e-05,1.0,100,0.5,0.1,0,0.8,0.5,0.05,47.12388980384689,numpy
412,0.8048715299126381,0.09000224426326117,0.10512622582410074,1.0,0.0103,0.01,2.5e-05,1.0,100,0.5,0.1,0,0.8,0.5,0.05,47.12388980384689,numpy
413,0.8056379938214427,0.08970430042859268,0.10465770574996458,1.0,0.010325,0.01,2.5e-05,1.0,100,0.5,0.1,0,0.8,0.5,0.05,47.12388980384689,numpy
414,0.8063968115534761,0.08940965719567576,0.10419353125084828,1.0000000000000002,0.01035,0.01,2.5e-05,1.0,100,0.5,0.1,0,0.8,0.5,0.05,47.12388980384689,numpy
415,0.8071480728010276,0.08911827525081044,0.10373365194816186,0.9999999999999999,0.010375,0.01,2.5e-05,1.0,100,0.5,0.1,0,0.8,0.5,0.05,47.12388980384689,numpy
416,0.807891864351951,0.08883011549217934,0.10327802015586984,1.0000000000000002,0.010400000000000001,0.01,2.5e-05,1.0,100,0.5,0.1,0,0.8,0.5,0.05,47.12388980384689,numpy
417,0.8086282706390686,0.08854513983589318,0.1028265895250382,1.0,0.010425,0.01,2.5e-05,1.0,100,0.5,0.1,0,0.8,0.5,0.05,47.12388980384689,numpy
418,0.8093573732348975,0.08826331232845049,0.10237931443665184,0.9999999999999999,0.010450000000000001,0.01,2.5e-05,1.0,100,0.5,0.1,0,0.8,0.5,0.05,47.12388980384689,numpy
419,0.8100792494366793,0.08798460007827588,0.10193615048504485,1.0,0.010475,0.01,2.5e-05,1.0,100,0.5,0.1,0,0.8,0.5,0.05,47.12388980384689,numpy
420,0.8107939704388658,0.0877089735845149,0.10149705597661922,0.9999999999999999,0.0105,0.01,2.5e-05,1.0,100,0.5,0.1,0,0.8,0.5,0.05,47.12388980384689,numpy
421,0.8115015997526354,0.08743640627453403,0.10106199397283058,1.0,0.010525000000000001,0.01,2.5e-05,1.0,100,0.5,0.1,0,0.8,0.5,0.05,47.12388980384689,numpy
422,0.8122021924537491,0.08716687336907504,0.10063093417717582,1.0,0.01055,0.01,2.5e-05,1.0,100,0.5,0.1,0,0.8,0.5,0.05,47.12388980384689,numpy
423,0.812895795557042,0.08690035045605879,0.10020385398689921,1.0,0.010575000000000001,0.01,2.5e-05,1.0,100,0.5,0.1,0,0.8,0.5,0.05,47.12388980384689,numpy
424,0.8135824494368268,0.0866368122695074,0.09978073829366585,1.0,0.0106,0.01,2.5e-05,1.0,100,0.5,0.1,0,0.8,0.5,0.05,47.12388980384689,numpy
425,0.8142621898790888,0.08637623209357784,0.09936157802733345,1.0000000000000002,0.010625,0.01,2.5e-05,1.0,100,0.5,0.1,0,0.8,0.5,0.05,47.12388980384689,numpy
426,0.8149350501843985,0.08611858197174031,0.09894636784386139,1.0000000000000002,0.01065,0.01,2.5e-05,1.0,100,0.5,0.1,0,0.8,0.5,0.05,47.12388980384689,numpy
427,0.8156010627943884,0.08586383359091238,0.0985351036146992,1.0,0.010675,0.01,2.5e-05,1.0,100,0.5,0.1,0,0.8,0.5,0.05,47.12388980384689,numpy
428,0.8162602601587131,0.08561195945192851,0.09812778038935836,1.0,0.010700000000000001,0.01,2.5e-05,1.0,100,0.5,0.1,0,0.8,0.5,0.05,47.12388980384689,numpy
429,0.8169126748931306,0.0853629338325335,0.09772439127433587,0.9999999999999999,0.010725,0.01,2.5e-05,1.0,100,0.5,0.1,0,0.8,0.5,0.05,47.12388980384689,numpy
430,0.8175583395726916,0.0851167331372348,0.0973249272900735,0.9999999999999999,0.010750000000000001,0.01,2.5e-05,1.0,100,0.5,0.1,0,0.8,0.5,0.05,47.12388980384689,numpy
431,0.8181972866458734,0.08487333547420774,0.09692937787991901,1.0000000000000002,0.010775,0.01,2.5e-05,1.0,100,0.5,0.1,0,0.8,0.5,0.05,47.12388980384689,numpy
432,0.8188295488937921,0.08463271960756667,0.09653773149864107,0.9999999999999999,0.0108,0.01,2.5e-05,1.0,100,0.5,0.1,0,0.8,0.5,0.05,47.12388980384689,numpy
433,0.8194551606197652,0.08439486368523406,0.09614997569500068,1.0,0.010825000000000001,0.01,2.5e-05,1.0,100,0.5,0.1,0,0.8,0.5,0.05,47.12388980384689,numpy
434,0.820074159434225,0.08415974424064851,0.09576609632512655,1.0,0.01085,0.01,2.5e-05,1.0,100,0.5,0.1,0,0.8,0.5,0.05,47.12388980384689,numpy
435,0.8206865882268609,0.08392733587051653,0.09538607590262263,1.0,0.010875000000000001,0.01,2.5e-05,1.0,100,0.5,0.1,0,0.8,0.5,0.05,47.12388980384689,numpy
436,0.8212924968017307,0.08369761173541183,0.09500989146285739,0.9999999999999999,0.0109,0.01,2.5e-05,1.0,100,0.5,0.1,0,0.8,0.5,0.05,47.12388980384689,numpy
437,0.8218919427395647,0.08347054471349362,0.09463751254694154,0.9999999999999998,0.010925,0.01,2.5e-05,1.0,100,0.5,0.1,0,0.8,0.5,0.05,47.12388980384689,numpy
438,0.8224849913125324,0.08324610878343258,0.0942688999040351,1.0,0.01095,0.01,2.5e-05,1.0,100,0.5,0.1,0,0.8,0.5,0.05,47.12388980384689,numpy
439,0.8230717146131813,0.08302428011960519,0.0939040052672134,0.9999999999999999,0.010975,0.01,2.5e-05,1.0,100,0.5,0.1,0,0.8,0.5,0.05,47.12388980384689,numpy
440,0.8236521903457744,0.08280503748583914,0.09354277216838662,1.0000000000000002,0.011000000000000001,0.01,2.5e-05,1.0,100,0.5,0.1,0,0.8,0.5,0.05,47.12388980384689,numpy
441,0.8242265008560562,0.08258836177297459,0.09318513737096946,1.0000000000000002,0.011025,0.01,2.5e-05,1.0,100,0.5,0.1,0,0.8,0.5,0.05,47.12388980384689,numpy
442,0.8247947328908894,0.08237423484153934,0.09283103226757124,1.0,0.01105,0.01,2.5e-05,1.0,100,0.5,0.1,0,0.8,0.5,0.05,47.12388980384689,numpy
443,0.825356978304393,0.0821626380842781,0.09248038361132874,0.9999999999999998,0.011075,0.01,2.5e-05,1.0,100,0.5,0.1,0,0.8,0.5,0.05,47.12388980384689,numpy
444,0.8259133355550768,0.08195355121732634,0.09213311322759678,1.0,0.0111,0.01,2.5e-05,1.0,100,0.5,0.1,0,0.8,0.5,0.05,47.12388980384689,numpy
445,0.82646391149971,0.08174695170611498,0.09178913679417514,1.0,0.011125000000000001,0.01,2.5e-05,1.0,100,0.5,0.1,0,0.8,0.5,0.05,47.12388980384689,numpy
446,0.8270088228039271,0.08154281497099519,0.09144836222507786,1.0000000000000002,0.01115,0.01,2.5e-05,1.0,100,0.5,0.1,0,0.8,0.5,0.05,47.12388980384689,numpy
447,0.8275481963208032,0.08134111519937086,0.09111068847982608,1.0000000000000002,0.011175000000000001,0.01,2.5e-05,1.0,100,0.5,0.1,0,0.8,0.5,0.05,47.12388980384689,numpy
448,0.8280821680233835,0.08114182634070653,0.09077600563590978,0.9999999999999999,0.0112,0.01,2.5e-05,1.0,100,0.5,0.1,0,0.8,0.5,0.05,47.12388980384689,numpy
449,0.8286108804327789,0.08094492277684565,0.09044419679037555,1.0,0.011225,0.01,2.5e-05,1.0,100,0.5,0.1,0,0.8,0.5,0.05,47.12388980384689,numpy
450,0.829134478839949,0.0807503792767003,0.0901151418833508,1.0,0.011250000000000001,0.01,2.5e-05,1.0,100,0.5,0.1,0,0.8,0.5,0.05,47.12388980384689,numpy
451,0.8296531068625187,0.08055817011908671,0.08978872301839474,1.0000000000000002,0.011275,0.01,2.5e-05,1.0,100,0.5,0.1,0,0.8,0.5,0.05,47.12388980384689,numpy
452,0.8301669019395096,0.08036826759815359,0.08946483046233698,1.0000000000000002,0.011300000000000001,0.01,2.5e-05,1.0,100,0.5,0.1,0,0.8,0.5,0.05,47.12388980384689,numpy
453,0.8306759912478286,0.08018064038844935,0.08914336836372196,1.0,0.011325,0.01,2.5e-05,1.0,100,0.5,0.1,0,0.8,0.5,0.05,47.12388980384689,numpy
454,0.8311804882922731,0.0799952523408226,0.08882425936690441,1.0,0.01135,0.01,2.5e-05,1.0,100,0.5,0.1,0,0.8,0.5,0.05,47.12388980384689,numpy
455,0.8316804901803023,0.07981206216770223,0.08850744765199542,0.9999999999999999,0.011375,0.01,2.5e-05,1.0,100,0.5,0.1,0,0.8,0.5,0.05,47.12388980384689,numpy
456,0.8321760754417122,0.07963102419672516,0.08819290036156263,1.0,0.0114,0.01,2.5e-05,1.0,100,0.5,0.1,0,0.8,0.5,0.05,47.12388980384689,numpy
457,0.8326673022439699,0.07945209002869408,0.08788060772733597,1.0,0.011425000000000001,0.01,2.5e-05,1.0,100,0.5,0.1,0,0.8,0.5,0.05,47.12388980384689,numpy
458,0.8331542069750719,0.07927521065595117,0.08757058236897694,1.0,0.01145,0.01,2.5e-05,1.0,100,0.5,0.1,0,0.8,0.5,0.05,47.12388980384689,numpy
459,0.8336368033490117,0.07910033848066658,0.08726285817032177,1.0,0.011475,0.01,2.5e-05,1.0,100,0.5,0.1,0,0.8,0.5,0.05,47.12388980384689,numpy
460,0.8341150823359197,0.07892742875637154,0.08695748890770863,0.9999999999999998,0.0115,0.01,2.5e-05,1.0,100,0.5,0.1,0,0.8,0.5,0.05,47.12388980384689,numpy
461,0.8345890132396027,0.07875644022298246,0.08665454653741501,1.0000000000000002,0.011525,0.01,2.5e-05,1.0,100,0.5,0.1,0,0.8,0.5,0.05,47.12388980384689,numpy
462,0.8350585460963238,0.07858733501947812,0.08635411888419806,1.0,0.011550000000000001,0.01,2.5e-05,1.0,100,0.5,0.1,0,0.8,0.5,0.05,47.12388980384689,numpy
463,0.835523615277924,0.07842007822014452,0.08605630650193141,0.9999999999999999,0.011575,0.01,2.5e-05,1.0,100,0.5,0.1,0,0.8,0.5,0.05,47.12388980384689,numpy
464,0.835984143844955,0.07825463745187933,0.08576121870316565,1.0,0.011600000000000001,0.01,2.5e-05,1.0,100,0.5,0.1,0,0.8,0.5,0.05,47.12388980384689,numpy
465,0.8364400479406919,0.07809098297247821,0.08546896908683016,1.0000000000000004,0.011625,0.01,2.5e-05,1.0,100,0.5,0.1,0,0.8,0.5,0.05,47.12388980384689,numpy
466,0.8368912404570518,0.07792908835926676,0.0851796711836813,0.9999999999999998,0.01165,0.01,2.5e-05,1.0,100,0.5,0.1,0,0.8,0.5,0.05,47.12388980384689,numpy
467,0.8373376333881596,0.07776893167077524,0.08489343494106527,1.0,0.011675000000000001,0.01,2.5e-05,1.0,100,0.5,0.1,0,0.8,0.5,0.05,47.12388980384689,numpy
468,0.8377791386811048,0.07761049671910827,0.08461036459978685,0.9999999999999999,0.0117,0.01,2.5e-05,1.0,100,0.5,0.1,0,0.8,0.5,0.05,47.12388980384689,numpy
469,0.8382156678847459,0.0774537740182064,0.08433055809704768,1.0,0.011725000000000001,0.01,2.5e-05,1.0,100,0.5,0.1,0,0.8,0.5,0.05,47.12388980384689,numpy
470,0.8386471313331197,0.0772987610823858,0.08405410758449433,0.9999999999999999,0.01175,0.01,2.5e-05,1.0,100,0.5,0.1,0,0.8,0.5,0.05,47.12388980384689,numpy
471,0.8390734378353402,0.07714546199743537,0.08378110016722454,1.0,0.011775,0.01,2.5e-05,1.0,100,0.5,0.1,0,0.8,0.5,0.05,47.12388980384689,numpy
472,0.839494495791284,0.07699388647469751,0.08351161773401868,1.0000000000000002,0.0118,0.01,2.5e-05,1.0,100,0.5,0.1,0,0.8,0.5,0.05,47.12388980384689,numpy
473,0.8399102163143336,0.07684404880963498,0.08324573487603151,1.0,0.011825,0.01,2.5e-05,1.0,100,0.5,0.1,0,0.8,0.5,0.05,47.12388980384689,numpy
474,0.8403205184136165,0.07669596720889832,0.08298351437748516,1.0,0.011850000000000001,0.01,2.5e-05,1.0,100,0.5,0.1,0,0.8,0.5,0.05,47.12388980384689,numpy
475,0.8407253357253779,0.07654966379533572,0.08272500047928655,1.0000000000000002,0.011875,0.01,2.5e-05,1.0,100,0.5,0.1,0,0.8,0.5,0.05,47.12388980384689,numpy
476,0.8411246238533081,0.07640516529705049,0.08247021084964125,0.9999999999999998,0.0119,0.01,2.5e-05,1.0,100,0.5,0.1,0,0.8,0.5,0.05,47.12388980384689,numpy
477,0.8415183672037454,0.07626250408300327,0.0822191287132514,1.0,0.011925,0.01,2.5e-05,1.0,100,0.5,0.1,0,0.8,0.5,0.05,47.12388980384689,numpy
478,0.8419065843243859,0.07612171895154574,0.08197169672406841,1.0,0.01195,0.01,2.5e-05,1.0,100,0.5,0.1,0,0.8,0.5,0.05,47.12388980384689,numpy
479,0.8422893311226618,0.07598285500902652,0.08172781386831161,1.0,0.011975000000000001,0.01,2.5e-05,1.0,100,0.5,0.1,0,0.8,0.5,0.05,47.12388980384689,numpy
480,0.8426667018278544,0.07584596212834006,0.08148733604380544,0.9999999999999999,0.012,0.01,2.5e-05,1.0,100,0.5,0.1,0,0.8,0.5,0.05,47.12388980384689,numpy
481,0.8430388280167546,0.07571109181065344,0.08125008017259183,0.9999999999999998,0.012025000000000001,0.01,2.5e-05,1.0,100,0.5,0.1,0,0.8,0.5,0.05,47.12388980384689,numpy
482,0.8434058763184645,0.07557829268386454,0.08101583099767093,1.0,0.01205,0.01,2.5e-05,1.0,100,0.5,0.1,0,0.8,0.5,0.05,47.12388980384689,numpy
483,0.8437680454882901,0.07544760522840477,0.08078434928330532,1.0000000000000002,0.012075,0.01,2.5e-05,1.0,100,0.5,0.1,0,0.8,0.5,0.05,47.12388980384689,numpy
484,0.8441255634117676,0.07531905651408909,0.08055538007414312,0.9999999999999998,0.012100000000000001,0.01,2.5e-05,1.0,100,0.5,0.1,0,0.8,0.5,0.05,47.12388980384689,numpy
485,0.8444786843481026,0.07519265570912634,0.08032865994277112,1.0,0.012125,0.01,2.5e-05,1.0,100,0.5,0.1,0,0.8,0.5,0.05,47.12388980384689,numpy
486,0.8448276864534304,0.0750683909079799,0.08010392263858977,1.0,0.012150000000000001,0.01,2.5e-05,1.0,100,0.5,0.1,0,0.8,0.5,0.05,47.12388980384689,numpy
487,0.8451728694300501,0.07494622750446954,0.0798809030654804,1.0,0.012175,0.01,2.5e-05,1.0,100,0.5,0.1,0,0.8,0.5,0.05,47.12388980384689,numpy
488,0.8455145520767856,0.07482610802195475,0.07965933990125973,1.0,0.0122,0.01,2.5e-05,1.0,100,0.5,0.1,0,0.8,0.5,0.05,47.12388980384689,numpy
489,0.8458530695620062,0.07470795309827231,0.07943897733972131,0.9999999999999998,0.012225,0.01,2.5e-05,1.0,100,0.5,0.1,0,0.8,0.5,0.05,47.12388980384689,numpy
490,0.8461887703516017,0.07459166325488509,0.07921956639351334,1.0,0.01225,0.01,2.5e-05,1.0,100,0.5,0.1,0,0.8,0.5,0.05,47.12388980384689,numpy
491,0.8465220128248245,0.0744771211426184,0.07900086603255727,1.0000000000000002,0.012275000000000001,0.01,2.5e-05,1.0,100,0.5,0.1,0,0.8,0.5,0.05,47.12388980384689,numpy
492,0.846853161640047,0.07436419408688878,0.07878264427306411,0.9999999999999999,0.0123,0.01,2.5e-05,1.0,100,0.5,0.1,0,0.8,0.5,0.05,47.12388980384689,numpy
493,0.8471825838512032,0.07425273687132623,0.0785646792774706,1.0,0.012325000000000001,0.01,2.5e-05,1.0,100,0.5,0.1,0,0.8,0.5,0.05,47.12388980384689,numpy
494,0.847510644657093,0.07414259473670176,0.07834676060620499,0.9999999999999998,0.01235,0.01,2.5e-05,1.0,100,0.5,0.1,0,0.8,0.5,0.05,47.12388980384689,numpy
495,0.8478377025596131,0.07403360651605141,0.0781286909243355,1.0,0.012375,0.01,2.5e-05,1.0,100,0.5,0.1,0,0.8,0.5,0.05,47.12388980384689,numpy
496,0.8481641036877832,0.07392560771489542,0.07791028859732163,1.0000000000000002,0.012400000000000001,0.01,2.5e-05,1.0,100,0.5,0.1,0,0.8,0.5,0.05,47.12388980384689,numpy
497,0.8484901751568982,0.0738184332512256,0.0776913915918763,1.0,0.012425,0.01,2.5e-05,1.0,100,0.5,0.1,0,0.8,0.5,0.05,47.12388980384689,numpy
498,0.8488162175675901,0.0737119195686972,0.07747186286371262,0.9999999999999999,0.012450000000000001,0.01,2.5e-05,1.0,100,0.5,0.1,0,0.8,0.5,0.05,47.12388980384689,numpy
499,0.8491424970422866,0.07360590597037159,0.0772515969873419,1.0,0.012475,0.01,2.5e-05,1.0,100,0.5,0.1,0,0.8,0.5,0.05,47.12388980384689,numpy
